solid OpenSCAD_Model
  facet normal 0.622679 -0.758031 -0.194061
    outer loop
      vertex 107.111 0.888895 2.70595
      vertex 106.659 0.517603 2.70595
      vertex 107.03 0.970023 2.12915
    endloop
  endfacet
  facet normal 0.392492 -0.734417 -0.553699
    outer loop
      vertex 106.012 0.555634 1.58581
      vertex 105.887 0.857495 1.09682
      vertex 106.288 1.0718 1.09682
    endloop
  endfacet
  facet normal -0.622314 -0.758299 -0.194186
    outer loop
      vertex 1.34132 0.517603 2.70595
      vertex 0.888895 0.888895 2.70595
      vertex 0.970023 0.970023 2.12915
    endloop
  endfacet
  facet normal -0.865133 -0.462426 -0.194185
    outer loop
      vertex 0.517603 1.34132 2.70595
      vertex 0.241708 1.85748 2.70595
      vertex 0.613 1.40506 2.12915
    endloop
  endfacet
  facet normal -0.92008 0.090615 -0.381106
    outer loop
      vertex 0.405074 45.5162 1.58581
      vertex 0.129179 45 2.12915
      vertex 0.184341 45.5601 2.12915
    endloop
  endfacet
  facet normal -0.0961513 -0.976241 -0.194186
    outer loop
      vertex 3 0.0144463 2.70595
      vertex 2.41755 0.0718126 2.70595
      vertex 3 0.129179 2.12915
    endloop
  endfacet
  facet normal -0.241645 0.796913 -0.553658
    outer loop
      vertex 2.54758 47.2745 1.09682
      vertex 1.98751 47.4444 1.58581
      vertex 2.48384 47.5949 1.58581
    endloop
  endfacet
  facet normal 0.435412 0.815618 -0.38103
    outer loop
      vertex 106.47 47.1999 1.58581
      vertex 106.012 47.4444 1.58581
      vertex 106.595 47.387 2.12915
    endloop
  endfacet
  facet normal -0.0905151 0.920051 -0.381201
    outer loop
      vertex 2.48384 47.5949 1.58581
      vertex 2.43993 47.8157 2.12915
      vertex 3 47.8708 2.12915
    endloop
  endfacet
  facet normal -0.0546827 0.55473 -0.830231
    outer loop
      vertex 3 46.4142 0.354237
      vertex 2.62871 46.8666 0.680969
      vertex 3 46.9032 0.680969
    endloop
  endfacet
  facet normal -0.0980741 0.995179 0
    outer loop
      vertex 3 47.9856 2.70595
      vertex 2.41755 47.9282 20.5
      vertex 3 47.9856 20.5
    endloop
  endfacet
  facet normal -0.0980741 0.995179 0
    outer loop
      vertex 2.41755 47.9282 20.5
      vertex 3 47.9856 2.70595
      vertex 2.41755 47.9282 2.70595
    endloop
  endfacet
  facet normal 0.976055 -0.0971949 -0.194602
    outer loop
      vertex 107.928 2.41755 2.70595
      vertex 107.871 3 2.12915
      vertex 107.986 3 2.70595
    endloop
  endfacet
  facet normal 0.622313 -0.758231 -0.194454
    outer loop
      vertex 106.659 0.517603 2.70595
      vertex 106.595 0.613 2.12915
      vertex 107.03 0.970023 2.12915
    endloop
  endfacet
  facet normal 0.91995 -0.0903409 -0.381485
    outer loop
      vertex 107.816 2.43993 2.12915
      vertex 107.595 2.48384 1.58581
      vertex 107.871 3 2.12915
    endloop
  endfacet
  facet normal 0.241789 0.796805 -0.553751
    outer loop
      vertex 105.887 47.1425 1.09682
      vertex 105.452 47.2745 1.09682
      vertex 106.012 47.4444 1.58581
    endloop
  endfacet
  facet normal 0.815802 -0.435171 -0.380911
    outer loop
      vertex 107.387 1.40506 2.12915
      vertex 107.2 1.53009 1.58581
      vertex 107.444 1.98751 1.58581
    endloop
  endfacet
  facet normal 0.923915 0 -0.382598
    outer loop
      vertex 107.871 3 2.12915
      vertex 107.646 45 1.58581
      vertex 107.871 45 2.12915
    endloop
  endfacet
  facet normal 0.923915 0 -0.382598
    outer loop
      vertex 107.646 45 1.58581
      vertex 107.871 3 2.12915
      vertex 107.646 3 1.58581
    endloop
  endfacet
  facet normal -0.938725 -0.284759 -0.194185
    outer loop
      vertex 0.241708 1.85748 2.70595
      vertex 0.0718126 2.41755 2.70595
      vertex 0.184341 2.43993 2.12915
    endloop
  endfacet
  facet normal -0.449677 -0.547919 -0.70539
    outer loop
      vertex 1.71162 1.0718 1.09682
      vertex 1.65425 1.65425 0.680969
      vertex 1.94265 1.41756 0.680969
    endloop
  endfacet
  facet normal 0.938412 -0.285772 -0.194209
    outer loop
      vertex 107.758 1.85748 2.70595
      vertex 107.652 1.90139 2.12915
      vertex 107.816 2.43993 2.12915
    endloop
  endfacet
  facet normal 0.289851 0.957072 -0
    outer loop
      vertex 106.143 47.7583 2.70595
      vertex 105.582 47.9282 20.5
      vertex 106.143 47.7583 20.5
    endloop
  endfacet
  facet normal 0.289851 0.957072 0
    outer loop
      vertex 105.582 47.9282 20.5
      vertex 106.143 47.7583 2.70595
      vertex 105.582 47.9282 2.70595
    endloop
  endfacet
  facet normal -0.5865 0.714704 -0.381071
    outer loop
      vertex 1.53009 47.1999 1.58581
      vertex 0.970023 47.03 2.12915
      vertex 1.40506 47.387 2.12915
    endloop
  endfacet
  facet normal -0.284769 0.938731 -0.194141
    outer loop
      vertex 2.43993 47.8157 2.12915
      vertex 1.85748 47.7583 2.70595
      vertex 2.41755 47.9282 2.70595
    endloop
  endfacet
  facet normal -0.268284 0.884767 -0.381065
    outer loop
      vertex 1.98751 47.4444 1.58581
      vertex 1.90139 47.6523 2.12915
      vertex 2.48384 47.5949 1.58581
    endloop
  endfacet
  facet normal 0.773241 0.634112 0
    outer loop
      vertex 107.482 46.6587 20.5
      vertex 107.111 47.1111 2.70595
      vertex 107.111 47.1111 20.5
    endloop
  endfacet
  facet normal 0.773241 0.634112 0
    outer loop
      vertex 107.111 47.1111 2.70595
      vertex 107.482 46.6587 20.5
      vertex 107.482 46.6587 2.70595
    endloop
  endfacet
  facet normal 0.71474 -0.58653 -0.380959
    outer loop
      vertex 107.387 1.40506 2.12915
      vertex 107.03 0.970023 2.12915
      vertex 107.2 1.53009 1.58581
    endloop
  endfacet
  facet normal 0.195025 0 -0.980798
    outer loop
      vertex 105.294 3 0.0144463
      vertex 105.871 45 0.129179
      vertex 105.871 3 0.129179
    endloop
  endfacet
  facet normal 0.195025 0 -0.980798
    outer loop
      vertex 105.871 45 0.129179
      vertex 105.294 3 0.0144463
      vertex 105.294 45 0.0144463
    endloop
  endfacet
  facet normal 0 -0.92388 -0.382682
    outer loop
      vertex 3 0.354237 1.58581
      vertex 105 0.129179 2.12915
      vertex 3 0.129179 2.12915
    endloop
  endfacet
  facet normal 0 -0.92388 -0.382682
    outer loop
      vertex 105 0.129179 2.12915
      vertex 3 0.354237 1.58581
      vertex 105 0.354237 1.58581
    endloop
  endfacet
  facet normal 0.815801 0.435189 -0.380891
    outer loop
      vertex 107.444 46.0125 1.58581
      vertex 107.2 46.4699 1.58581
      vertex 107.387 46.5949 2.12915
    endloop
  endfacet
  facet normal 0.0981492 0.995172 -0
    outer loop
      vertex 105.582 47.9282 2.70595
      vertex 105 47.9856 20.5
      vertex 105.582 47.9282 20.5
    endloop
  endfacet
  facet normal 0.0981492 0.995172 0
    outer loop
      vertex 105 47.9856 20.5
      vertex 105.582 47.9282 2.70595
      vertex 105 47.9856 2.70595
    endloop
  endfacet
  facet normal 0.194988 0.0195103 -0.980612
    outer loop
      vertex 105.871 45 0.129179
      vertex 105.294 45 0.0144463
      vertex 105.854 45.1699 0.129179
    endloop
  endfacet
  facet normal 0.980698 0 -0.195528
    outer loop
      vertex 107.986 3 2.70595
      vertex 107.871 45 2.12915
      vertex 107.986 45 2.70595
    endloop
  endfacet
  facet normal 0.980698 0 -0.195528
    outer loop
      vertex 107.871 45 2.12915
      vertex 107.986 3 2.70595
      vertex 107.871 3 2.12915
    endloop
  endfacet
  facet normal 1 -0 0
    outer loop
      vertex 107.986 27.4619 7.94133
      vertex 107.986 45 2.70595
      vertex 107.986 45 20.5
    endloop
  endfacet
  facet normal 1 0 0
    outer loop
      vertex 107.986 45 2.70595
      vertex 107.986 27.4904 7.84753
      vertex 107.986 27.5 7.75
    endloop
  endfacet
  facet normal 1 0 0
    outer loop
      vertex 107.986 45 2.70595
      vertex 107.986 27.4619 7.94133
      vertex 107.986 27.4904 7.84753
    endloop
  endfacet
  facet normal 1 0 0
    outer loop
      vertex 107.986 45 20.5
      vertex 107.986 27.4157 8.02777
      vertex 107.986 27.4619 7.94133
    endloop
  endfacet
  facet normal 1 0 0
    outer loop
      vertex 107.986 45 20.5
      vertex 107.986 27.3535 8.10355
      vertex 107.986 27.4157 8.02777
    endloop
  endfacet
  facet normal 1 0 0
    outer loop
      vertex 107.986 45 20.5
      vertex 107.986 27.2778 8.16573
      vertex 107.986 27.3535 8.10355
    endloop
  endfacet
  facet normal 1 0 0
    outer loop
      vertex 107.986 45 20.5
      vertex 107.986 27.1913 8.21193
      vertex 107.986 27.2778 8.16573
    endloop
  endfacet
  facet normal 1 0 0
    outer loop
      vertex 107.986 45 20.5
      vertex 107.986 27.0975 8.24039
      vertex 107.986 27.1913 8.21193
    endloop
  endfacet
  facet normal 1 0 0
    outer loop
      vertex 107.986 45 20.5
      vertex 107.986 27 8.25
      vertex 107.986 27.0975 8.24039
    endloop
  endfacet
  facet normal 1 -0 0
    outer loop
      vertex 107.986 3 20.5
      vertex 107.986 27 8.25
      vertex 107.986 45 20.5
    endloop
  endfacet
  facet normal 1 0 0
    outer loop
      vertex 107.986 27 8.25
      vertex 107.986 3 20.5
      vertex 107.986 19 8.25
    endloop
  endfacet
  facet normal 1 0 0
    outer loop
      vertex 107.986 19 8.25
      vertex 107.986 3 20.5
      vertex 107.986 18.9025 8.24039
    endloop
  endfacet
  facet normal 1 0 0
    outer loop
      vertex 107.986 18.5096 7.84753
      vertex 107.986 3 2.70595
      vertex 107.986 18.5 7.75
    endloop
  endfacet
  facet normal 1 0 0
    outer loop
      vertex 107.986 18.5381 7.94133
      vertex 107.986 3 2.70595
      vertex 107.986 18.5096 7.84753
    endloop
  endfacet
  facet normal 1 0 0
    outer loop
      vertex 107.986 3 2.70595
      vertex 107.986 18.5381 7.94133
      vertex 107.986 3 20.5
    endloop
  endfacet
  facet normal 1 0 0
    outer loop
      vertex 107.986 18.5843 8.02777
      vertex 107.986 3 20.5
      vertex 107.986 18.5381 7.94133
    endloop
  endfacet
  facet normal 1 0 0
    outer loop
      vertex 107.986 18.6465 8.10355
      vertex 107.986 3 20.5
      vertex 107.986 18.5843 8.02777
    endloop
  endfacet
  facet normal 1 0 0
    outer loop
      vertex 107.986 18.7222 8.16573
      vertex 107.986 3 20.5
      vertex 107.986 18.6465 8.10355
    endloop
  endfacet
  facet normal 1 0 0
    outer loop
      vertex 107.986 18.8087 8.21193
      vertex 107.986 3 20.5
      vertex 107.986 18.7222 8.16573
    endloop
  endfacet
  facet normal 1 0 0
    outer loop
      vertex 107.986 18.9025 8.24039
      vertex 107.986 3 20.5
      vertex 107.986 18.8087 8.21193
    endloop
  endfacet
  facet normal 1 -0 0
    outer loop
      vertex 107.986 27.5 5.25
      vertex 107.986 45 2.70595
      vertex 107.986 27.5 7.75
    endloop
  endfacet
  facet normal 1 -0 0
    outer loop
      vertex 107.986 27.4904 5.15247
      vertex 107.986 45 2.70595
      vertex 107.986 27.5 5.25
    endloop
  endfacet
  facet normal 1 -0 0
    outer loop
      vertex 107.986 27.4619 5.05867
      vertex 107.986 45 2.70595
      vertex 107.986 27.4904 5.15247
    endloop
  endfacet
  facet normal 1 -0 0
    outer loop
      vertex 107.986 27.4157 4.97223
      vertex 107.986 45 2.70595
      vertex 107.986 27.4619 5.05867
    endloop
  endfacet
  facet normal 1 -0 0
    outer loop
      vertex 107.986 27.3535 4.89645
      vertex 107.986 45 2.70595
      vertex 107.986 27.4157 4.97223
    endloop
  endfacet
  facet normal 1 -0 0
    outer loop
      vertex 107.986 27.2778 4.83427
      vertex 107.986 45 2.70595
      vertex 107.986 27.3535 4.89645
    endloop
  endfacet
  facet normal 1 -0 0
    outer loop
      vertex 107.986 27.1913 4.78807
      vertex 107.986 45 2.70595
      vertex 107.986 27.2778 4.83427
    endloop
  endfacet
  facet normal 1 -0 0
    outer loop
      vertex 107.986 27.0975 4.75961
      vertex 107.986 45 2.70595
      vertex 107.986 27.1913 4.78807
    endloop
  endfacet
  facet normal 1 -0 0
    outer loop
      vertex 107.986 27 4.75
      vertex 107.986 45 2.70595
      vertex 107.986 27.0975 4.75961
    endloop
  endfacet
  facet normal 1 0 0
    outer loop
      vertex 107.986 3 2.70595
      vertex 107.986 27 4.75
      vertex 107.986 19 4.75
    endloop
  endfacet
  facet normal 1 0 0
    outer loop
      vertex 107.986 18.5 7.75
      vertex 107.986 3 2.70595
      vertex 107.986 18.5 5.25
    endloop
  endfacet
  facet normal 1 0 0
    outer loop
      vertex 107.986 18.5 5.25
      vertex 107.986 3 2.70595
      vertex 107.986 18.5096 5.15247
    endloop
  endfacet
  facet normal 1 0 0
    outer loop
      vertex 107.986 18.5096 5.15247
      vertex 107.986 3 2.70595
      vertex 107.986 18.5381 5.05867
    endloop
  endfacet
  facet normal 1 0 0
    outer loop
      vertex 107.986 18.5381 5.05867
      vertex 107.986 3 2.70595
      vertex 107.986 18.5843 4.97223
    endloop
  endfacet
  facet normal 1 0 0
    outer loop
      vertex 107.986 27 4.75
      vertex 107.986 3 2.70595
      vertex 107.986 45 2.70595
    endloop
  endfacet
  facet normal 1 0 0
    outer loop
      vertex 107.986 18.9025 4.75961
      vertex 107.986 3 2.70595
      vertex 107.986 19 4.75
    endloop
  endfacet
  facet normal 1 0 0
    outer loop
      vertex 107.986 18.8087 4.78807
      vertex 107.986 3 2.70595
      vertex 107.986 18.9025 4.75961
    endloop
  endfacet
  facet normal 1 0 0
    outer loop
      vertex 107.986 18.7222 4.83427
      vertex 107.986 3 2.70595
      vertex 107.986 18.8087 4.78807
    endloop
  endfacet
  facet normal 1 0 0
    outer loop
      vertex 107.986 18.6465 4.89645
      vertex 107.986 3 2.70595
      vertex 107.986 18.7222 4.83427
    endloop
  endfacet
  facet normal 1 0 0
    outer loop
      vertex 107.986 18.5843 4.97223
      vertex 107.986 3 2.70595
      vertex 107.986 18.6465 4.89645
    endloop
  endfacet
  facet normal 0.643558 -0.528098 -0.554027
    outer loop
      vertex 107.2 1.53009 1.58581
      vertex 106.871 1.12916 1.58581
      vertex 106.928 1.71162 1.09682
    endloop
  endfacet
  facet normal 0.938833 -0.284967 -0.193355
    outer loop
      vertex 107.928 2.41755 2.70595
      vertex 107.758 1.85748 2.70595
      vertex 107.816 2.43993 2.12915
    endloop
  endfacet
  facet normal -0.63439 -0.773013 0
    outer loop
      vertex 0.888895 0.888895 2.70595
      vertex 1.34132 0.517603 20.5
      vertex 0.888895 0.888895 20.5
    endloop
  endfacet
  facet normal -0.63439 -0.773013 -0
    outer loop
      vertex 1.34132 0.517603 20.5
      vertex 0.888895 0.888895 2.70595
      vertex 1.34132 0.517603 2.70595
    endloop
  endfacet
  facet normal -0.758298 -0.622315 -0.194185
    outer loop
      vertex 0.970023 0.970023 2.12915
      vertex 0.517603 1.34132 2.70595
      vertex 0.613 1.40506 2.12915
    endloop
  endfacet
  facet normal -0.290292 0.956938 0
    outer loop
      vertex 2.41755 47.9282 2.70595
      vertex 1.85748 47.7583 20.5
      vertex 2.41755 47.9282 20.5
    endloop
  endfacet
  facet normal -0.290292 0.956938 0
    outer loop
      vertex 1.85748 47.7583 20.5
      vertex 2.41755 47.9282 2.70595
      vertex 1.85748 47.7583 2.70595
    endloop
  endfacet
  facet normal -0.471406 0.881916 0
    outer loop
      vertex 1.85748 47.7583 2.70595
      vertex 1.34132 47.4824 20.5
      vertex 1.85748 47.7583 20.5
    endloop
  endfacet
  facet normal -0.471406 0.881916 0
    outer loop
      vertex 1.34132 47.4824 20.5
      vertex 1.85748 47.7583 2.70595
      vertex 1.34132 47.4824 2.70595
    endloop
  endfacet
  facet normal 0.71479 0.586486 -0.380933
    outer loop
      vertex 107.2 46.4699 1.58581
      vertex 107.03 47.03 2.12915
      vertex 107.387 46.5949 2.12915
    endloop
  endfacet
  facet normal 0.734525 -0.391815 -0.554034
    outer loop
      vertex 107.2 1.53009 1.58581
      vertex 106.928 1.71162 1.09682
      vertex 107.444 1.98751 1.58581
    endloop
  endfacet
  facet normal -0.19509 0 -0.980785
    outer loop
      vertex 2.12915 3 0.129179
      vertex 2.70595 45 0.0144463
      vertex 2.70595 3 0.0144463
    endloop
  endfacet
  facet normal -0.19509 0 -0.980785
    outer loop
      vertex 2.70595 45 0.0144463
      vertex 2.12915 3 0.129179
      vertex 2.12915 45 0.129179
    endloop
  endfacet
  facet normal 0.995079 -0.0990893 0
    outer loop
      vertex 107.928 2.41755 20.5
      vertex 107.986 3 2.70595
      vertex 107.986 3 20.5
    endloop
  endfacet
  facet normal 0.995079 -0.0990893 0
    outer loop
      vertex 107.986 3 2.70595
      vertex 107.928 2.41755 20.5
      vertex 107.928 2.41755 2.70595
    endloop
  endfacet
  facet normal -0.243767 -0.297044 -0.923224
    outer loop
      vertex 2.51618 2.27591 0.129179
      vertex 2.21432 1.82414 0.354237
      vertex 2.38421 2.38421 0.129179
    endloop
  endfacet
  facet normal -0.382411 -0.0376603 -0.923225
    outer loop
      vertex 1.61298 2.72411 0.354237
      vertex 1.58581 3 0.354237
      vertex 2.12915 3 0.129179
    endloop
  endfacet
  facet normal -0.262767 -0.491604 -0.830228
    outer loop
      vertex 2.27168 1.24169 0.680969
      vertex 1.94265 1.41756 0.680969
      vertex 2.21432 1.82414 0.354237
    endloop
  endfacet
  facet normal 0.268166 -0.884765 -0.381154
    outer loop
      vertex 105.56 0.184341 2.12915
      vertex 105.516 0.405074 1.58581
      vertex 106.099 0.347708 2.12915
    endloop
  endfacet
  facet normal -0.334135 -0.625122 -0.705391
    outer loop
      vertex 2.27168 1.24169 0.680969
      vertex 1.71162 1.0718 1.09682
      vertex 1.94265 1.41756 0.680969
    endloop
  endfacet
  facet normal 0.297258 -0.243267 -0.923287
    outer loop
      vertex 106.176 2.21432 0.354237
      vertex 105.616 2.38421 0.129179
      vertex 105.724 2.51618 0.129179
    endloop
  endfacet
  facet normal 0.798028 0.24027 -0.55265
    outer loop
      vertex 107.274 45.4524 1.09682
      vertex 107.143 45.8875 1.09682
      vertex 107.444 46.0125 1.58581
    endloop
  endfacet
  facet normal 0.634754 0.772714 -0
    outer loop
      vertex 107.111 47.1111 2.70595
      vertex 106.659 47.4824 20.5
      vertex 107.111 47.1111 20.5
    endloop
  endfacet
  facet normal 0.634754 0.772714 0
    outer loop
      vertex 106.659 47.4824 20.5
      vertex 107.111 47.1111 2.70595
      vertex 106.659 47.4824 2.70595
    endloop
  endfacet
  facet normal 0.976439 -0.0958883 -0.19332
    outer loop
      vertex 107.928 2.41755 2.70595
      vertex 107.816 2.43993 2.12915
      vertex 107.871 3 2.12915
    endloop
  endfacet
  facet normal 0.83126 0 -0.555884
    outer loop
      vertex 107.646 3 1.58581
      vertex 107.319 45 1.09682
      vertex 107.646 45 1.58581
    endloop
  endfacet
  facet normal 0.83126 0 -0.555884
    outer loop
      vertex 107.319 45 1.09682
      vertex 107.646 3 1.58581
      vertex 107.319 3 1.09682
    endloop
  endfacet
  facet normal 0.205782 -0.678319 -0.705363
    outer loop
      vertex 105.887 0.857495 1.09682
      vertex 105.452 0.725529 1.09682
      vertex 105.728 1.24169 0.680969
    endloop
  endfacet
  facet normal 0.0546813 -0.554738 -0.830226
    outer loop
      vertex 105.371 1.13339 0.680969
      vertex 105 1.09682 0.680969
      vertex 105 1.58581 0.354237
    endloop
  endfacet
  facet normal 0.392067 -0.734442 -0.553966
    outer loop
      vertex 106.47 0.800128 1.58581
      vertex 106.012 0.555634 1.58581
      vertex 106.288 1.0718 1.09682
    endloop
  endfacet
  facet normal 0.435397 -0.81561 -0.381065
    outer loop
      vertex 106.595 0.613 2.12915
      vertex 106.012 0.555634 1.58581
      vertex 106.47 0.800128 1.58581
    endloop
  endfacet
  facet normal -0.462426 -0.865133 -0.194185
    outer loop
      vertex 1.85748 0.241708 2.70595
      vertex 1.34132 0.517603 2.70595
      vertex 1.40506 0.613 2.12915
    endloop
  endfacet
  facet normal -0.95694 -0.290285 0
    outer loop
      vertex 0.241708 1.85748 2.70595
      vertex 0.0718126 2.41755 20.5
      vertex 0.0718126 2.41755 2.70595
    endloop
  endfacet
  facet normal -0.95694 -0.290285 0
    outer loop
      vertex 0.0718126 2.41755 20.5
      vertex 0.241708 1.85748 2.70595
      vertex 0.241708 1.85748 20.5
    endloop
  endfacet
  facet normal -0.586515 -0.714676 -0.381102
    outer loop
      vertex 1.40506 0.613 2.12915
      vertex 0.970023 0.970023 2.12915
      vertex 1.53009 0.800128 1.58581
    endloop
  endfacet
  facet normal -0.622315 -0.758298 -0.194185
    outer loop
      vertex 1.34132 0.517603 2.70595
      vertex 0.970023 0.970023 2.12915
      vertex 1.40506 0.613 2.12915
    endloop
  endfacet
  facet normal -0.815361 0.435842 -0.381089
    outer loop
      vertex 0.555634 46.0125 1.58581
      vertex 0.347708 46.0986 2.12915
      vertex 0.613 46.5949 2.12915
    endloop
  endfacet
  facet normal 0 1 0
    outer loop
      vertex 105 47.9856 20.5
      vertex 98 47.9856 20
      vertex 98 47.9856 20.5
    endloop
  endfacet
  facet normal 0 1 0
    outer loop
      vertex 105 47.9856 2.70595
      vertex 86 47.9856 20
      vertex 98 47.9856 20
    endloop
  endfacet
  facet normal 0 1 0
    outer loop
      vertex 86 47.9856 20
      vertex 105 47.9856 2.70595
      vertex 81 47.9856 20
    endloop
  endfacet
  facet normal 0 1 0
    outer loop
      vertex 81 47.9856 20
      vertex 105 47.9856 2.70595
      vertex 69 47.9856 20
    endloop
  endfacet
  facet normal 0 1 0
    outer loop
      vertex 69 47.9856 20
      vertex 105 47.9856 2.70595
      vertex 64 47.9856 20
    endloop
  endfacet
  facet normal 0 1 0
    outer loop
      vertex 64 47.9856 20
      vertex 105 47.9856 2.70595
      vertex 52 47.9856 20
    endloop
  endfacet
  facet normal 0 1 -0
    outer loop
      vertex 105 47.9856 2.70595
      vertex 98 47.9856 20
      vertex 105 47.9856 20.5
    endloop
  endfacet
  facet normal 0 1 -0
    outer loop
      vertex 86 47.9856 20
      vertex 81 47.9856 20.5
      vertex 86 47.9856 20.5
    endloop
  endfacet
  facet normal 0 1 0
    outer loop
      vertex 81 47.9856 20.5
      vertex 86 47.9856 20
      vertex 81 47.9856 20
    endloop
  endfacet
  facet normal 0 1 -0
    outer loop
      vertex 69 47.9856 20
      vertex 64 47.9856 20.5
      vertex 69 47.9856 20.5
    endloop
  endfacet
  facet normal 0 1 0
    outer loop
      vertex 64 47.9856 20.5
      vertex 69 47.9856 20
      vertex 64 47.9856 20
    endloop
  endfacet
  facet normal 0 1 -0
    outer loop
      vertex 52 47.9856 20
      vertex 3 47.9856 20.5
      vertex 52 47.9856 20.5
    endloop
  endfacet
  facet normal 0 1 0
    outer loop
      vertex 3 47.9856 2.70595
      vertex 52 47.9856 20
      vertex 105 47.9856 2.70595
    endloop
  endfacet
  facet normal 0 1 0
    outer loop
      vertex 52 47.9856 20
      vertex 3 47.9856 2.70595
      vertex 3 47.9856 20.5
    endloop
  endfacet
  facet normal 0 0.980763 -0.1952
    outer loop
      vertex 105 47.8708 2.12915
      vertex 3 47.9856 2.70595
      vertex 105 47.9856 2.70595
    endloop
  endfacet
  facet normal 0 0.980763 -0.1952
    outer loop
      vertex 3 47.9856 2.70595
      vertex 105 47.8708 2.12915
      vertex 3 47.8708 2.12915
    endloop
  endfacet
  facet normal 0.205775 -0.678318 -0.705366
    outer loop
      vertex 105.452 0.725529 1.09682
      vertex 105.371 1.13339 0.680969
      vertex 105.728 1.24169 0.680969
    endloop
  endfacet
  facet normal -0.976241 -0.0961512 -0.194186
    outer loop
      vertex 0.184341 2.43993 2.12915
      vertex 0.0718126 2.41755 2.70595
      vertex 0.129179 3 2.12915
    endloop
  endfacet
  facet normal -0.995186 0.0980088 0
    outer loop
      vertex 0.0144463 45 2.70595
      vertex 0.0718126 45.5825 20.5
      vertex 0.0718126 45.5825 2.70595
    endloop
  endfacet
  facet normal -0.995186 0.0980088 0
    outer loop
      vertex 0.0718126 45.5825 20.5
      vertex 0.0144463 45 2.70595
      vertex 0.0144463 45 20.5
    endloop
  endfacet
  facet normal -0.449663 -0.547922 -0.705397
    outer loop
      vertex 1.71162 1.0718 1.09682
      vertex 1.3602 1.3602 1.09682
      vertex 1.65425 1.65425 0.680969
    endloop
  endfacet
  facet normal -0.555569 0 -0.83147
    outer loop
      vertex 1.09682 3 0.680969
      vertex 1.58581 45 0.354237
      vertex 1.58581 3 0.354237
    endloop
  endfacet
  facet normal -0.555569 0 -0.83147
    outer loop
      vertex 1.58581 45 0.354237
      vertex 1.09682 3 0.680969
      vertex 1.09682 45 0.680969
    endloop
  endfacet
  facet normal 0.0980922 -0.995177 0
    outer loop
      vertex 105 0.0144463 2.70595
      vertex 105.582 0.0718126 20.5
      vertex 105 0.0144463 20.5
    endloop
  endfacet
  facet normal 0.0980922 -0.995177 0
    outer loop
      vertex 105.582 0.0718126 20.5
      vertex 105 0.0144463 2.70595
      vertex 105.582 0.0718126 2.70595
    endloop
  endfacet
  facet normal 0.758565 -0.622042 -0.194017
    outer loop
      vertex 107.111 0.888895 2.70595
      vertex 107.03 0.970023 2.12915
      vertex 107.482 1.34132 2.70595
    endloop
  endfacet
  facet normal 0.471519 0.881856 -0
    outer loop
      vertex 106.659 47.4824 2.70595
      vertex 106.143 47.7583 20.5
      vertex 106.659 47.4824 20.5
    endloop
  endfacet
  facet normal 0.471519 0.881856 0
    outer loop
      vertex 106.143 47.7583 20.5
      vertex 106.659 47.4824 2.70595
      vertex 106.143 47.7583 2.70595
    endloop
  endfacet
  facet normal 0 -0.707107 -0.707107
    outer loop
      vertex 3 1.09682 0.680969
      vertex 105 0.680969 1.09682
      vertex 3 0.680969 1.09682
    endloop
  endfacet
  facet normal 0 -0.707107 -0.707107
    outer loop
      vertex 105 0.680969 1.09682
      vertex 3 1.09682 0.680969
      vertex 105 1.09682 0.680969
    endloop
  endfacet
  facet normal 0.0816441 -0.828694 -0.553715
    outer loop
      vertex 105.516 0.405074 1.58581
      vertex 105 0.354237 1.58581
      vertex 105 0.680969 1.09682
    endloop
  endfacet
  facet normal 0 -0.382682 -0.92388
    outer loop
      vertex 3 1.58581 0.354237
      vertex 105 2.12915 0.129179
      vertex 105 1.58581 0.354237
    endloop
  endfacet
  facet normal -0 -0.382682 -0.92388
    outer loop
      vertex 105 2.12915 0.129179
      vertex 3 1.58581 0.354237
      vertex 3 2.12915 0.129179
    endloop
  endfacet
  facet normal 0.555562 0 -0.831475
    outer loop
      vertex 106.414 3 0.354237
      vertex 106.903 45 0.680969
      vertex 106.903 3 0.680969
    endloop
  endfacet
  facet normal 0.555562 0 -0.831475
    outer loop
      vertex 106.903 45 0.680969
      vertex 106.414 3 0.354237
      vertex 106.414 45 0.354237
    endloop
  endfacet
  facet normal 0.920089 -0.0909108 -0.381014
    outer loop
      vertex 107.871 3 2.12915
      vertex 107.595 2.48384 1.58581
      vertex 107.646 3 1.58581
    endloop
  endfacet
  facet normal 0.624176 -0.334716 -0.705953
    outer loop
      vertex 106.928 1.71162 1.09682
      vertex 106.758 2.27168 0.680969
      vertex 107.143 2.11255 1.09682
    endloop
  endfacet
  facet normal 0.554757 -0.0537889 -0.830272
    outer loop
      vertex 106.867 2.62871 0.680969
      vertex 106.414 3 0.354237
      vertex 106.903 3 0.680969
    endloop
  endfacet
  facet normal 0.705325 -0.0683878 -0.705578
    outer loop
      vertex 107.319 3 1.09682
      vertex 106.867 2.62871 0.680969
      vertex 106.903 3 0.680969
    endloop
  endfacet
  facet normal 0.798007 -0.240303 -0.552665
    outer loop
      vertex 107.444 1.98751 1.58581
      vertex 107.143 2.11255 1.09682
      vertex 107.274 2.54758 1.09682
    endloop
  endfacet
  facet normal 0.430647 -0.353681 -0.830333
    outer loop
      vertex 106.346 1.65425 0.680969
      vertex 106 2.00002 0.354237
      vertex 106.176 2.21432 0.354237
    endloop
  endfacet
  facet normal 0.334116 -0.625186 -0.705343
    outer loop
      vertex 105.887 0.857495 1.09682
      vertex 105.728 1.24169 0.680969
      vertex 106.288 1.0718 1.09682
    endloop
  endfacet
  facet normal 0.462654 -0.864995 -0.194255
    outer loop
      vertex 106.143 0.241708 2.70595
      vertex 106.099 0.347708 2.12915
      vertex 106.595 0.613 2.12915
    endloop
  endfacet
  facet normal 0.449255 -0.548328 -0.705341
    outer loop
      vertex 106.64 1.3602 1.09682
      vertex 106.288 1.0718 1.09682
      vertex 106.346 1.65425 0.680969
    endloop
  endfacet
  facet normal -0.714676 -0.586515 -0.381102
    outer loop
      vertex 0.970023 0.970023 2.12915
      vertex 0.613 1.40506 2.12915
      vertex 0.800128 1.53009 1.58581
    endloop
  endfacet
  facet normal -0.39253 -0.734377 -0.553724
    outer loop
      vertex 1.98751 0.555634 1.58581
      vertex 1.53009 0.800128 1.58581
      vertex 1.71162 1.0718 1.09682
    endloop
  endfacet
  facet normal -0.88192 -0.471399 0
    outer loop
      vertex 0.517603 1.34132 2.70595
      vertex 0.241708 1.85748 20.5
      vertex 0.241708 1.85748 2.70595
    endloop
  endfacet
  facet normal -0.88192 -0.471399 0
    outer loop
      vertex 0.241708 1.85748 20.5
      vertex 0.517603 1.34132 2.70595
      vertex 0.517603 1.34132 20.5
    endloop
  endfacet
  facet normal -0.758299 -0.622314 -0.194186
    outer loop
      vertex 0.888895 0.888895 2.70595
      vertex 0.517603 1.34132 2.70595
      vertex 0.970023 0.970023 2.12915
    endloop
  endfacet
  facet normal -0.976241 0.0961461 -0.194189
    outer loop
      vertex 0.129179 45 2.12915
      vertex 0.0718126 45.5825 2.70595
      vertex 0.184341 45.5601 2.12915
    endloop
  endfacet
  facet normal -0.471399 -0.88192 0
    outer loop
      vertex 1.34132 0.517603 2.70595
      vertex 1.85748 0.241708 20.5
      vertex 1.34132 0.517603 20.5
    endloop
  endfacet
  facet normal -0.471399 -0.88192 -0
    outer loop
      vertex 1.85748 0.241708 20.5
      vertex 1.34132 0.517603 2.70595
      vertex 1.85748 0.241708 2.70595
    endloop
  endfacet
  facet normal -0.462432 0.865128 -0.19419
    outer loop
      vertex 1.40506 47.387 2.12915
      vertex 1.34132 47.4824 2.70595
      vertex 1.85748 47.7583 2.70595
    endloop
  endfacet
  facet normal -0.081516 0.828752 -0.553647
    outer loop
      vertex 2.54758 47.2745 1.09682
      vertex 2.48384 47.5949 1.58581
      vertex 3 47.319 1.09682
    endloop
  endfacet
  facet normal -0.338899 0.181134 -0.923221
    outer loop
      vertex 2.19544 45.3333 0.129179
      vertex 1.69346 45.5412 0.354237
      vertex 1.82414 45.7857 0.354237
    endloop
  endfacet
  facet normal -0.0960451 0.976261 -0.194138
    outer loop
      vertex 2.43993 47.8157 2.12915
      vertex 2.41755 47.9282 2.70595
      vertex 3 47.8708 2.12915
    endloop
  endfacet
  facet normal -0.0962052 0.976214 -0.194295
    outer loop
      vertex 3 47.8708 2.12915
      vertex 2.41755 47.9282 2.70595
      vertex 3 47.9856 2.70595
    endloop
  endfacet
  facet normal -0.435834 0.815375 -0.381067
    outer loop
      vertex 1.53009 47.1999 1.58581
      vertex 1.40506 47.387 2.12915
      vertex 1.98751 47.4444 1.58581
    endloop
  endfacet
  facet normal 0.284346 0.938895 -0.193969
    outer loop
      vertex 106.143 47.7583 2.70595
      vertex 105.56 47.8157 2.12915
      vertex 105.582 47.9282 2.70595
    endloop
  endfacet
  facet normal 0.0376892 0.382434 -0.923214
    outer loop
      vertex 105.276 46.387 0.354237
      vertex 105 45.8709 0.129179
      vertex 105 46.4142 0.354237
    endloop
  endfacet
  facet normal 0.435946 0.815036 -0.381664
    outer loop
      vertex 106.595 47.387 2.12915
      vertex 106.012 47.4444 1.58581
      vertex 106.099 47.6523 2.12915
    endloop
  endfacet
  facet normal -0.995185 -0.0980171 0
    outer loop
      vertex 0.0718126 2.41755 2.70595
      vertex 0.0144463 3 20.5
      vertex 0.0144463 3 2.70595
    endloop
  endfacet
  facet normal -0.995185 -0.0980171 0
    outer loop
      vertex 0.0144463 3 20.5
      vertex 0.0718126 2.41755 2.70595
      vertex 0.0718126 2.41755 20.5
    endloop
  endfacet
  facet normal -1 0 0
    outer loop
      vertex 0.0144463 27.4135 14.6221
      vertex 0.0144463 45 20.5
      vertex 0.0144463 45 2.70595
    endloop
  endfacet
  facet normal -1 0 0
    outer loop
      vertex 0.0144463 45 20.5
      vertex 0.0144463 27.4135 14.6221
      vertex 0.0144463 27.5 15.5
    endloop
  endfacet
  facet normal -1 0 0
    outer loop
      vertex 0.0144463 45 2.70595
      vertex 0.0144463 27.1575 13.7779
      vertex 0.0144463 27.4135 14.6221
    endloop
  endfacet
  facet normal -1 0 0
    outer loop
      vertex 0.0144463 45 2.70595
      vertex 0.0144463 26.7416 12.9999
      vertex 0.0144463 27.1575 13.7779
    endloop
  endfacet
  facet normal -1 0 0
    outer loop
      vertex 0.0144463 45 2.70595
      vertex 0.0144463 26.182 12.318
      vertex 0.0144463 26.7416 12.9999
    endloop
  endfacet
  facet normal -1 0 0
    outer loop
      vertex 0.0144463 45 2.70595
      vertex 0.0144463 25.5001 11.7584
      vertex 0.0144463 26.182 12.318
    endloop
  endfacet
  facet normal -1 0 0
    outer loop
      vertex 0.0144463 45 2.70595
      vertex 0.0144463 24.7221 11.3425
      vertex 0.0144463 25.5001 11.7584
    endloop
  endfacet
  facet normal -1 0 0
    outer loop
      vertex 0.0144463 45 2.70595
      vertex 0.0144463 23.8779 11.0865
      vertex 0.0144463 24.7221 11.3425
    endloop
  endfacet
  facet normal -1 0 0
    outer loop
      vertex 0.0144463 45 2.70595
      vertex 0.0144463 23 11
      vertex 0.0144463 23.8779 11.0865
    endloop
  endfacet
  facet normal -1 0 0
    outer loop
      vertex 0.0144463 3 2.70595
      vertex 0.0144463 23 11
      vertex 0.0144463 45 2.70595
    endloop
  endfacet
  facet normal -1 -0 0
    outer loop
      vertex 0.0144463 23 11
      vertex 0.0144463 3 2.70595
      vertex 0.0144463 22.1221 11.0865
    endloop
  endfacet
  facet normal -1 0 0
    outer loop
      vertex 0.0144463 3 20.5
      vertex 0.0144463 18.5865 14.6221
      vertex 0.0144463 3 2.70595
    endloop
  endfacet
  facet normal -1 -0 0
    outer loop
      vertex 0.0144463 18.8425 13.7779
      vertex 0.0144463 3 2.70595
      vertex 0.0144463 18.5865 14.6221
    endloop
  endfacet
  facet normal -1 -0 0
    outer loop
      vertex 0.0144463 19.2584 12.9999
      vertex 0.0144463 3 2.70595
      vertex 0.0144463 18.8425 13.7779
    endloop
  endfacet
  facet normal -1 -0 0
    outer loop
      vertex 0.0144463 19.818 12.318
      vertex 0.0144463 3 2.70595
      vertex 0.0144463 19.2584 12.9999
    endloop
  endfacet
  facet normal -1 -0 0
    outer loop
      vertex 0.0144463 20.4999 11.7584
      vertex 0.0144463 3 2.70595
      vertex 0.0144463 19.818 12.318
    endloop
  endfacet
  facet normal -1 -0 0
    outer loop
      vertex 0.0144463 21.2779 11.3425
      vertex 0.0144463 3 2.70595
      vertex 0.0144463 20.4999 11.7584
    endloop
  endfacet
  facet normal -1 -0 0
    outer loop
      vertex 0.0144463 22.1221 11.0865
      vertex 0.0144463 3 2.70595
      vertex 0.0144463 21.2779 11.3425
    endloop
  endfacet
  facet normal -1 0 0
    outer loop
      vertex 0.0144463 27.4135 16.3779
      vertex 0.0144463 45 20.5
      vertex 0.0144463 27.5 15.5
    endloop
  endfacet
  facet normal -1 0 0
    outer loop
      vertex 0.0144463 27.1575 17.2221
      vertex 0.0144463 45 20.5
      vertex 0.0144463 27.4135 16.3779
    endloop
  endfacet
  facet normal -1 0 0
    outer loop
      vertex 0.0144463 26.7416 18.0001
      vertex 0.0144463 45 20.5
      vertex 0.0144463 27.1575 17.2221
    endloop
  endfacet
  facet normal -1 0 0
    outer loop
      vertex 0.0144463 26.182 18.682
      vertex 0.0144463 45 20.5
      vertex 0.0144463 26.7416 18.0001
    endloop
  endfacet
  facet normal -1 0 0
    outer loop
      vertex 0.0144463 25.5001 19.2416
      vertex 0.0144463 45 20.5
      vertex 0.0144463 26.182 18.682
    endloop
  endfacet
  facet normal -1 0 0
    outer loop
      vertex 0.0144463 24.7221 19.6575
      vertex 0.0144463 45 20.5
      vertex 0.0144463 25.5001 19.2416
    endloop
  endfacet
  facet normal -1 0 0
    outer loop
      vertex 0.0144463 23.8779 19.9135
      vertex 0.0144463 45 20.5
      vertex 0.0144463 24.7221 19.6575
    endloop
  endfacet
  facet normal -1 0 0
    outer loop
      vertex 0.0144463 23 20
      vertex 0.0144463 45 20.5
      vertex 0.0144463 23.8779 19.9135
    endloop
  endfacet
  facet normal -1 0 0
    outer loop
      vertex 0.0144463 18.5865 14.6221
      vertex 0.0144463 3 20.5
      vertex 0.0144463 18.5 15.5
    endloop
  endfacet
  facet normal -1 0 0
    outer loop
      vertex 0.0144463 18.5 15.5
      vertex 0.0144463 3 20.5
      vertex 0.0144463 18.5865 16.3779
    endloop
  endfacet
  facet normal -1 0 0
    outer loop
      vertex 0.0144463 18.5865 16.3779
      vertex 0.0144463 3 20.5
      vertex 0.0144463 18.8425 17.2221
    endloop
  endfacet
  facet normal -1 0 0
    outer loop
      vertex 0.0144463 18.8425 17.2221
      vertex 0.0144463 3 20.5
      vertex 0.0144463 19.2584 18.0001
    endloop
  endfacet
  facet normal -1 0 0
    outer loop
      vertex 0.0144463 23 20
      vertex 0.0144463 3 20.5
      vertex 0.0144463 45 20.5
    endloop
  endfacet
  facet normal -1 0 0
    outer loop
      vertex 0.0144463 22.1221 19.9135
      vertex 0.0144463 3 20.5
      vertex 0.0144463 23 20
    endloop
  endfacet
  facet normal -1 0 0
    outer loop
      vertex 0.0144463 21.2779 19.6575
      vertex 0.0144463 3 20.5
      vertex 0.0144463 22.1221 19.9135
    endloop
  endfacet
  facet normal -1 0 0
    outer loop
      vertex 0.0144463 20.4999 19.2416
      vertex 0.0144463 3 20.5
      vertex 0.0144463 21.2779 19.6575
    endloop
  endfacet
  facet normal -1 0 0
    outer loop
      vertex 0.0144463 19.818 18.682
      vertex 0.0144463 3 20.5
      vertex 0.0144463 20.4999 19.2416
    endloop
  endfacet
  facet normal -1 0 0
    outer loop
      vertex 0.0144463 19.2584 18.0001
      vertex 0.0144463 3 20.5
      vertex 0.0144463 19.818 18.682
    endloop
  endfacet
  facet normal -0.243758 0.297033 -0.92323
    outer loop
      vertex 2.38421 45.6158 0.129179
      vertex 2.21432 46.1759 0.354237
      vertex 2.51618 45.7241 0.129179
    endloop
  endfacet
  facet normal -0.55474 -0.0546388 -0.830228
    outer loop
      vertex 1.13339 2.62871 0.680969
      vertex 1.09682 3 0.680969
      vertex 1.58581 3 0.354237
    endloop
  endfacet
  facet normal -0.586515 -0.714676 -0.381101
    outer loop
      vertex 1.53009 0.800128 1.58581
      vertex 0.970023 0.970023 2.12915
      vertex 1.12916 1.12916 1.58581
    endloop
  endfacet
  facet normal -0.547919 -0.449677 -0.70539
    outer loop
      vertex 1.65425 1.65425 0.680969
      vertex 1.0718 1.71162 1.09682
      vertex 1.41756 1.94265 0.680969
    endloop
  endfacet
  facet normal -0.92388 0 -0.382682
    outer loop
      vertex 0.354237 3 1.58581
      vertex 0.129179 45 2.12915
      vertex 0.354237 45 1.58581
    endloop
  endfacet
  facet normal -0.92388 -0 -0.382682
    outer loop
      vertex 0.129179 45 2.12915
      vertex 0.354237 3 1.58581
      vertex 0.129179 3 2.12915
    endloop
  endfacet
  facet normal 0.884297 -0.269292 -0.381445
    outer loop
      vertex 107.652 1.90139 2.12915
      vertex 107.595 2.48384 1.58581
      vertex 107.816 2.43993 2.12915
    endloop
  endfacet
  facet normal 0.995079 0.0990809 0
    outer loop
      vertex 107.986 45 20.5
      vertex 107.928 45.5825 2.70595
      vertex 107.928 45.5825 20.5
    endloop
  endfacet
  facet normal 0.995079 0.0990809 0
    outer loop
      vertex 107.928 45.5825 2.70595
      vertex 107.986 45 20.5
      vertex 107.986 45 2.70595
    endloop
  endfacet
  facet normal 0.976056 0.0971867 -0.194602
    outer loop
      vertex 107.986 45 2.70595
      vertex 107.871 45 2.12915
      vertex 107.928 45.5825 2.70595
    endloop
  endfacet
  facet normal -0.0376603 -0.382411 -0.923225
    outer loop
      vertex 3 1.58581 0.354237
      vertex 2.72411 1.61298 0.354237
      vertex 3 2.12915 0.129179
    endloop
  endfacet
  facet normal 0 -0.83147 -0.555569
    outer loop
      vertex 3 0.680969 1.09682
      vertex 105 0.354237 1.58581
      vertex 3 0.354237 1.58581
    endloop
  endfacet
  facet normal 0 -0.83147 -0.555569
    outer loop
      vertex 105 0.354237 1.58581
      vertex 3 0.680969 1.09682
      vertex 105 0.680969 1.09682
    endloop
  endfacet
  facet normal -0.554744 -0.0546319 -0.830226
    outer loop
      vertex 1.61298 2.72411 0.354237
      vertex 1.13339 2.62871 0.680969
      vertex 1.58581 3 0.354237
    endloop
  endfacet
  facet normal 0.82847 -0.0818583 -0.554019
    outer loop
      vertex 107.595 2.48384 1.58581
      vertex 107.319 3 1.09682
      vertex 107.646 3 1.58581
    endloop
  endfacet
  facet normal 0.70698 0 -0.707233
    outer loop
      vertex 107.319 3 1.09682
      vertex 106.903 45 0.680969
      vertex 107.319 45 1.09682
    endloop
  endfacet
  facet normal 0.70698 0 -0.707233
    outer loop
      vertex 106.903 45 0.680969
      vertex 107.319 3 1.09682
      vertex 106.903 3 0.680969
    endloop
  endfacet
  facet normal 0.865344 -0.462024 -0.194199
    outer loop
      vertex 107.758 1.85748 2.70595
      vertex 107.387 1.40506 2.12915
      vertex 107.652 1.90139 2.12915
    endloop
  endfacet
  facet normal 0.0560694 -0.18768 -0.980629
    outer loop
      vertex 105.17 2.14588 0.129179
      vertex 105.057 2.7116 0.0144463
      vertex 105.113 2.72833 0.0144463
    endloop
  endfacet
  facet normal 0.243697 -0.297027 -0.923248
    outer loop
      vertex 105.786 1.82414 0.354237
      vertex 105.484 2.27591 0.129179
      vertex 105.616 2.38421 0.129179
    endloop
  endfacet
  facet normal 0.262903 -0.491812 -0.830062
    outer loop
      vertex 106.057 1.41756 0.680969
      vertex 105.728 1.24169 0.680969
      vertex 105.786 1.82414 0.354237
    endloop
  endfacet
  facet normal 0.796281 -0.242255 -0.554301
    outer loop
      vertex 107.444 1.98751 1.58581
      vertex 107.274 2.54758 1.09682
      vertex 107.595 2.48384 1.58581
    endloop
  endfacet
  facet normal 0.353841 -0.430532 -0.830325
    outer loop
      vertex 106.346 1.65425 0.680969
      vertex 105.786 1.82414 0.354237
      vertex 106 2.00002 0.354237
    endloop
  endfacet
  facet normal 0.338724 -0.181492 -0.923215
    outer loop
      vertex 106.176 2.21432 0.354237
      vertex 105.805 2.66674 0.129179
      vertex 106.307 2.45881 0.354237
    endloop
  endfacet
  facet normal 0.0695318 -0.705395 -0.705395
    outer loop
      vertex 105.371 1.13339 0.680969
      vertex 105 0.680969 1.09682
      vertex 105 1.09682 0.680969
    endloop
  endfacet
  facet normal 0.241741 -0.796852 -0.553705
    outer loop
      vertex 106.012 0.555634 1.58581
      vertex 105.452 0.725529 1.09682
      vertex 105.887 0.857495 1.09682
    endloop
  endfacet
  facet normal 0.586552 -0.714661 -0.381073
    outer loop
      vertex 106.595 0.613 2.12915
      vertex 106.47 0.800128 1.58581
      vertex 107.03 0.970023 2.12915
    endloop
  endfacet
  facet normal 0.586487 -0.714768 -0.380972
    outer loop
      vertex 107.03 0.970023 2.12915
      vertex 106.47 0.800128 1.58581
      vertex 106.871 1.12916 1.58581
    endloop
  endfacet
  facet normal 0.096225 -0.976234 -0.194185
    outer loop
      vertex 105.582 0.0718126 2.70595
      vertex 105 0.0144463 2.70595
      vertex 105 0.129179 2.12915
    endloop
  endfacet
  facet normal 0.0961643 -0.976252 -0.194126
    outer loop
      vertex 105.582 0.0718126 2.70595
      vertex 105 0.129179 2.12915
      vertex 105.56 0.184341 2.12915
    endloop
  endfacet
  facet normal -0.773013 -0.63439 0
    outer loop
      vertex 0.888895 0.888895 2.70595
      vertex 0.517603 1.34132 20.5
      vertex 0.517603 1.34132 2.70595
    endloop
  endfacet
  facet normal -0.773013 -0.63439 0
    outer loop
      vertex 0.517603 1.34132 20.5
      vertex 0.888895 0.888895 2.70595
      vertex 0.888895 0.888895 20.5
    endloop
  endfacet
  facet normal -0.73438 0.392548 -0.553708
    outer loop
      vertex 1.0718 46.2884 1.09682
      vertex 0.555634 46.0125 1.58581
      vertex 0.800128 46.4699 1.58581
    endloop
  endfacet
  facet normal -0.462431 0.865128 -0.19419
    outer loop
      vertex 1.90139 47.6523 2.12915
      vertex 1.40506 47.387 2.12915
      vertex 1.85748 47.7583 2.70595
    endloop
  endfacet
  facet normal -0.881935 0.471371 0
    outer loop
      vertex 0.241708 46.1425 2.70595
      vertex 0.517603 46.6587 20.5
      vertex 0.517603 46.6587 2.70595
    endloop
  endfacet
  facet normal -0.881935 0.471371 0
    outer loop
      vertex 0.517603 46.6587 20.5
      vertex 0.241708 46.1425 2.70595
      vertex 0.241708 46.1425 20.5
    endloop
  endfacet
  facet normal -0.828696 0.0816126 -0.553716
    outer loop
      vertex 0.680969 45 1.09682
      vertex 0.354237 45 1.58581
      vertex 0.405074 45.5162 1.58581
    endloop
  endfacet
  facet normal 0 0.923915 -0.382598
    outer loop
      vertex 105 47.6458 1.58581
      vertex 3 47.8708 2.12915
      vertex 105 47.8708 2.12915
    endloop
  endfacet
  facet normal 0 0.923915 -0.382598
    outer loop
      vertex 3 47.8708 2.12915
      vertex 105 47.6458 1.58581
      vertex 3 47.6458 1.58581
    endloop
  endfacet
  facet normal -0.0546904 0.554726 -0.830234
    outer loop
      vertex 2.72411 46.387 0.354237
      vertex 2.62871 46.8666 0.680969
      vertex 3 46.4142 0.354237
    endloop
  endfacet
  facet normal 0.554757 0.0537874 -0.830272
    outer loop
      vertex 106.903 45 0.680969
      vertex 106.414 45 0.354237
      vertex 106.867 45.3713 0.680969
    endloop
  endfacet
  facet normal 0.0960582 0.976272 -0.194077
    outer loop
      vertex 105.56 47.8157 2.12915
      vertex 105 47.8708 2.12915
      vertex 105.582 47.9282 2.70595
    endloop
  endfacet
  facet normal 0.622691 0.75803 -0.194026
    outer loop
      vertex 107.03 47.03 2.12915
      vertex 106.659 47.4824 2.70595
      vertex 107.111 47.1111 2.70595
    endloop
  endfacet
  facet normal 0.0905258 0.920044 -0.381214
    outer loop
      vertex 105.516 47.5949 1.58581
      vertex 105 47.8708 2.12915
      vertex 105.56 47.8157 2.12915
    endloop
  endfacet
  facet normal 0.262963 0.491841 -0.830026
    outer loop
      vertex 105.786 46.1759 0.354237
      vertex 105.728 46.7583 0.680969
      vertex 106.057 46.5824 0.680969
    endloop
  endfacet
  facet normal 0.758552 0.622067 -0.193988
    outer loop
      vertex 107.482 46.6587 2.70595
      vertex 107.03 47.03 2.12915
      vertex 107.111 47.1111 2.70595
    endloop
  endfacet
  facet normal 0.054672 0.55476 -0.830212
    outer loop
      vertex 105.276 46.387 0.354237
      vertex 105 46.4142 0.354237
      vertex 105.371 46.8666 0.680969
    endloop
  endfacet
  facet normal -0.678294 0.205768 -0.705391
    outer loop
      vertex 1.13339 45.3713 0.680969
      vertex 0.725529 45.4524 1.09682
      vertex 1.24169 45.7283 0.680969
    endloop
  endfacet
  facet normal -0.55474 0.0546373 -0.830228
    outer loop
      vertex 1.58581 45 0.354237
      vertex 1.09682 45 0.680969
      vertex 1.13339 45.3713 0.680969
    endloop
  endfacet
  facet normal -0.714636 0.586525 -0.381161
    outer loop
      vertex 1.12916 46.8708 1.58581
      vertex 0.800128 46.4699 1.58581
      vertex 0.970023 47.03 2.12915
    endloop
  endfacet
  facet normal -0.382682 0 -0.92388
    outer loop
      vertex 1.58581 3 0.354237
      vertex 2.12915 45 0.129179
      vertex 2.12915 3 0.129179
    endloop
  endfacet
  facet normal -0.382682 0 -0.92388
    outer loop
      vertex 2.12915 45 0.129179
      vertex 1.58581 3 0.354237
      vertex 1.58581 45 0.354237
    endloop
  endfacet
  facet normal 0 0.382706 -0.92387
    outer loop
      vertex 3 45.8709 0.129179
      vertex 105 46.4142 0.354237
      vertex 105 45.8709 0.129179
    endloop
  endfacet
  facet normal 0 0.382706 -0.92387
    outer loop
      vertex 105 46.4142 0.354237
      vertex 3 45.8709 0.129179
      vertex 3 46.4142 0.354237
    endloop
  endfacet
  facet normal -0.815367 -0.435819 -0.381103
    outer loop
      vertex 0.613 1.40506 2.12915
      vertex 0.555634 1.98751 1.58581
      vertex 0.800128 1.53009 1.58581
    endloop
  endfacet
  facet normal -0.367716 -0.111548 -0.923224
    outer loop
      vertex 1.69346 2.45881 0.354237
      vertex 1.61298 2.72411 0.354237
      vertex 2.14588 2.8301 0.129179
    endloop
  endfacet
  facet normal -0.734377 -0.39253 -0.553724
    outer loop
      vertex 0.800128 1.53009 1.58581
      vertex 0.555634 1.98751 1.58581
      vertex 1.0718 1.71162 1.09682
    endloop
  endfacet
  facet normal -0.528256 -0.643687 -0.553725
    outer loop
      vertex 1.53009 0.800128 1.58581
      vertex 1.12916 1.12916 1.58581
      vertex 1.71162 1.0718 1.09682
    endloop
  endfacet
  facet normal -0.815366 -0.435819 -0.381103
    outer loop
      vertex 0.613 1.40506 2.12915
      vertex 0.347708 1.90139 2.12915
      vertex 0.555634 1.98751 1.58581
    endloop
  endfacet
  facet normal -0.865134 -0.462421 -0.194191
    outer loop
      vertex 0.613 1.40506 2.12915
      vertex 0.241708 1.85748 2.70595
      vertex 0.347708 1.90139 2.12915
    endloop
  endfacet
  facet normal -0.796869 0.241691 -0.553702
    outer loop
      vertex 0.725529 45.4524 1.09682
      vertex 0.555634 46.0125 1.58581
      vertex 0.857495 45.8875 1.09682
    endloop
  endfacet
  facet normal -0.707107 0 -0.707107
    outer loop
      vertex 1.09682 3 0.680969
      vertex 0.680969 45 1.09682
      vertex 1.09682 45 0.680969
    endloop
  endfacet
  facet normal -0.707107 -0 -0.707107
    outer loop
      vertex 0.680969 45 1.09682
      vertex 1.09682 3 0.680969
      vertex 0.680969 3 1.09682
    endloop
  endfacet
  facet normal 0.956881 0.290482 0
    outer loop
      vertex 107.928 45.5825 20.5
      vertex 107.758 46.1425 2.70595
      vertex 107.758 46.1425 20.5
    endloop
  endfacet
  facet normal 0.956881 0.290482 0
    outer loop
      vertex 107.758 46.1425 2.70595
      vertex 107.928 45.5825 20.5
      vertex 107.928 45.5825 2.70595
    endloop
  endfacet
  facet normal 0.976439 0.0958831 -0.193323
    outer loop
      vertex 107.871 45 2.12915
      vertex 107.816 45.5601 2.12915
      vertex 107.928 45.5825 2.70595
    endloop
  endfacet
  facet normal -0.161815 -0.533418 -0.83023
    outer loop
      vertex 2.72411 1.61298 0.354237
      vertex 2.27168 1.24169 0.680969
      vertex 2.45881 1.69346 0.354237
    endloop
  endfacet
  facet normal -0.0192096 -0.195054 -0.980604
    outer loop
      vertex 3 2.70595 0.0144463
      vertex 2.8301 2.14588 0.129179
      vertex 2.94263 2.7116 0.0144463
    endloop
  endfacet
  facet normal -0.0546388 -0.55474 -0.830228
    outer loop
      vertex 3 1.09682 0.680969
      vertex 2.62871 1.13339 0.680969
      vertex 3 1.58581 0.354237
    endloop
  endfacet
  facet normal -0.0906197 -0.920079 -0.381107
    outer loop
      vertex 3 0.129179 2.12915
      vertex 2.43993 0.184341 2.12915
      vertex 2.48384 0.405074 1.58581
    endloop
  endfacet
  facet normal 0 -0.980785 -0.19509
    outer loop
      vertex 3 0.129179 2.12915
      vertex 105 0.0144463 2.70595
      vertex 3 0.0144463 2.70595
    endloop
  endfacet
  facet normal 0 -0.980785 -0.19509
    outer loop
      vertex 105 0.0144463 2.70595
      vertex 3 0.129179 2.12915
      vertex 105 0.129179 2.12915
    endloop
  endfacet
  facet normal -0.392539 -0.734377 -0.553718
    outer loop
      vertex 1.98751 0.555634 1.58581
      vertex 1.71162 1.0718 1.09682
      vertex 2.11255 0.857495 1.09682
    endloop
  endfacet
  facet normal -0.241723 -0.796848 -0.553718
    outer loop
      vertex 2.54758 0.725529 1.09682
      vertex 1.98751 0.555634 1.58581
      vertex 2.11255 0.857495 1.09682
    endloop
  endfacet
  facet normal -0.334138 -0.625118 -0.705393
    outer loop
      vertex 2.11255 0.857495 1.09682
      vertex 1.71162 1.0718 1.09682
      vertex 2.27168 1.24169 0.680969
    endloop
  endfacet
  facet normal -0.0569011 -0.187558 -0.980604
    outer loop
      vertex 2.8301 2.14588 0.129179
      vertex 2.66674 2.19544 0.129179
      vertex 2.88747 2.72833 0.0144463
    endloop
  endfacet
  facet normal 0.956891 -0.290448 0
    outer loop
      vertex 107.758 1.85748 20.5
      vertex 107.928 2.41755 2.70595
      vertex 107.928 2.41755 20.5
    endloop
  endfacet
  facet normal 0.956891 -0.290448 0
    outer loop
      vertex 107.928 2.41755 2.70595
      vertex 107.758 1.85748 20.5
      vertex 107.758 1.85748 2.70595
    endloop
  endfacet
  facet normal 0.734402 -0.393826 -0.55277
    outer loop
      vertex 107.444 1.98751 1.58581
      vertex 106.928 1.71162 1.09682
      vertex 107.143 2.11255 1.09682
    endloop
  endfacet
  facet normal 0.624851 -0.334236 -0.705583
    outer loop
      vertex 106.928 1.71162 1.09682
      vertex 106.582 1.94265 0.680969
      vertex 106.758 2.27168 0.680969
    endloop
  endfacet
  facet normal 0.15253 -0.123257 -0.980583
    outer loop
      vertex 105.616 2.38421 0.129179
      vertex 105.208 2.79208 0.0144463
      vertex 105.244 2.83663 0.0144463
    endloop
  endfacet
  facet normal 0.194735 -0.0203662 -0.980644
    outer loop
      vertex 105.854 2.8301 0.129179
      vertex 105.288 2.94263 0.0144463
      vertex 105.294 3 0.0144463
    endloop
  endfacet
  facet normal 0.554479 -0.0542642 -0.830426
    outer loop
      vertex 106.867 2.62871 0.680969
      vertex 106.387 2.72411 0.354237
      vertex 106.414 3 0.354237
    endloop
  endfacet
  facet normal 0.534304 -0.161117 -0.829796
    outer loop
      vertex 106.758 2.27168 0.680969
      vertex 106.307 2.45881 0.354237
      vertex 106.387 2.72411 0.354237
    endloop
  endfacet
  facet normal 0.491869 -0.263103 -0.829965
    outer loop
      vertex 106.582 1.94265 0.680969
      vertex 106.176 2.21432 0.354237
      vertex 106.758 2.27168 0.680969
    endloop
  endfacet
  facet normal 0 -0.19509 -0.980785
    outer loop
      vertex 3 2.12915 0.129179
      vertex 105 2.70595 0.0144463
      vertex 105 2.12915 0.129179
    endloop
  endfacet
  facet normal -0 -0.19509 -0.980785
    outer loop
      vertex 105 2.70595 0.0144463
      vertex 3 2.12915 0.129179
      vertex 3 2.70595 0.0144463
    endloop
  endfacet
  facet normal 0.548272 -0.449326 -0.70534
    outer loop
      vertex 106.64 1.3602 1.09682
      vertex 106.346 1.65425 0.680969
      vertex 106.928 1.71162 1.09682
    endloop
  endfacet
  facet normal 0.35338 -0.43148 -0.830029
    outer loop
      vertex 106.057 1.41756 0.680969
      vertex 105.786 1.82414 0.354237
      vertex 106.346 1.65425 0.680969
    endloop
  endfacet
  facet normal 0.706024 -0.0702248 -0.704697
    outer loop
      vertex 107.274 2.54758 1.09682
      vertex 106.867 2.62871 0.680969
      vertex 107.319 3 1.09682
    endloop
  endfacet
  facet normal 0.828168 -0.0823739 -0.554393
    outer loop
      vertex 107.595 2.48384 1.58581
      vertex 107.274 2.54758 1.09682
      vertex 107.319 3 1.09682
    endloop
  endfacet
  facet normal 0.678653 -0.20719 -0.70463
    outer loop
      vertex 107.274 2.54758 1.09682
      vertex 106.758 2.27168 0.680969
      vertex 106.867 2.62871 0.680969
    endloop
  endfacet
  facet normal 0.67815 -0.20421 -0.705983
    outer loop
      vertex 107.143 2.11255 1.09682
      vertex 106.758 2.27168 0.680969
      vertex 107.274 2.54758 1.09682
    endloop
  endfacet
  facet normal 0.528051 -0.64355 -0.554081
    outer loop
      vertex 106.47 0.800128 1.58581
      vertex 106.288 1.0718 1.09682
      vertex 106.871 1.12916 1.58581
    endloop
  endfacet
  facet normal 0.714754 -0.586521 -0.380946
    outer loop
      vertex 107.03 0.970023 2.12915
      vertex 106.871 1.12916 1.58581
      vertex 107.2 1.53009 1.58581
    endloop
  endfacet
  facet normal 0.64408 -0.527844 -0.553663
    outer loop
      vertex 106.871 1.12916 1.58581
      vertex 106.64 1.3602 1.09682
      vertex 106.928 1.71162 1.09682
    endloop
  endfacet
  facet normal 0.527761 -0.644146 -0.553664
    outer loop
      vertex 106.871 1.12916 1.58581
      vertex 106.288 1.0718 1.09682
      vertex 106.64 1.3602 1.09682
    endloop
  endfacet
  facet normal 0.758395 -0.622354 -0.193683
    outer loop
      vertex 107.482 1.34132 2.70595
      vertex 107.03 0.970023 2.12915
      vertex 107.387 1.40506 2.12915
    endloop
  endfacet
  facet normal 0.634746 -0.772721 0
    outer loop
      vertex 106.659 0.517603 2.70595
      vertex 107.111 0.888895 20.5
      vertex 106.659 0.517603 20.5
    endloop
  endfacet
  facet normal 0.634746 -0.772721 0
    outer loop
      vertex 107.111 0.888895 20.5
      vertex 106.659 0.517603 2.70595
      vertex 107.111 0.888895 2.70595
    endloop
  endfacet
  facet normal 0.471513 -0.881859 0
    outer loop
      vertex 106.143 0.241708 2.70595
      vertex 106.659 0.517603 20.5
      vertex 106.143 0.241708 20.5
    endloop
  endfacet
  facet normal 0.471513 -0.881859 0
    outer loop
      vertex 106.659 0.517603 20.5
      vertex 106.143 0.241708 2.70595
      vertex 106.659 0.517603 2.70595
    endloop
  endfacet
  facet normal 0.462518 -0.865037 -0.194388
    outer loop
      vertex 106.659 0.517603 2.70595
      vertex 106.143 0.241708 2.70595
      vertex 106.595 0.613 2.12915
    endloop
  endfacet
  facet normal 0.0906304 -0.920072 -0.381121
    outer loop
      vertex 105.56 0.184341 2.12915
      vertex 105 0.129179 2.12915
      vertex 105.516 0.405074 1.58581
    endloop
  endfacet
  facet normal 0.284538 -0.938783 -0.194228
    outer loop
      vertex 106.143 0.241708 2.70595
      vertex 105.56 0.184341 2.12915
      vertex 106.099 0.347708 2.12915
    endloop
  endfacet
  facet normal -0.62229 0.758317 -0.194189
    outer loop
      vertex 1.40506 47.387 2.12915
      vertex 0.970023 47.03 2.12915
      vertex 1.34132 47.4824 2.70595
    endloop
  endfacet
  facet normal -0.435836 0.815373 -0.381069
    outer loop
      vertex 1.98751 47.4444 1.58581
      vertex 1.40506 47.387 2.12915
      vertex 1.90139 47.6523 2.12915
    endloop
  endfacet
  facet normal -0.26842 0.884668 -0.3812
    outer loop
      vertex 2.48384 47.5949 1.58581
      vertex 1.90139 47.6523 2.12915
      vertex 2.43993 47.8157 2.12915
    endloop
  endfacet
  facet normal -0.284816 0.938707 -0.194191
    outer loop
      vertex 1.90139 47.6523 2.12915
      vertex 1.85748 47.7583 2.70595
      vertex 2.43993 47.8157 2.12915
    endloop
  endfacet
  facet normal -0.828696 -0.0816189 -0.553716
    outer loop
      vertex 0.405074 2.48384 1.58581
      vertex 0.354237 3 1.58581
      vertex 0.680969 3 1.09682
    endloop
  endfacet
  facet normal -0.920079 -0.0906193 -0.381108
    outer loop
      vertex 0.405074 2.48384 1.58581
      vertex 0.129179 3 2.12915
      vertex 0.354237 3 1.58581
    endloop
  endfacet
  facet normal 0.090762 0.920102 -0.381019
    outer loop
      vertex 105.516 47.5949 1.58581
      vertex 105 47.6458 1.58581
      vertex 105 47.8708 2.12915
    endloop
  endfacet
  facet normal 0.528107 0.643485 -0.554102
    outer loop
      vertex 106.871 46.8708 1.58581
      vertex 106.288 46.9282 1.09682
      vertex 106.47 47.1999 1.58581
    endloop
  endfacet
  facet normal -0.0817142 0.828636 -0.553791
    outer loop
      vertex 3 47.319 1.09682
      vertex 2.48384 47.5949 1.58581
      vertex 3 47.6458 1.58581
    endloop
  endfacet
  facet normal -0.090734 0.920104 -0.38102
    outer loop
      vertex 3 47.6458 1.58581
      vertex 2.48384 47.5949 1.58581
      vertex 3 47.8708 2.12915
    endloop
  endfacet
  facet normal 0.622288 0.75825 -0.194458
    outer loop
      vertex 107.03 47.03 2.12915
      vertex 106.595 47.387 2.12915
      vertex 106.659 47.4824 2.70595
    endloop
  endfacet
  facet normal 0.0962788 0.976207 -0.194294
    outer loop
      vertex 105.582 47.9282 2.70595
      vertex 105 47.8708 2.12915
      vertex 105 47.9856 2.70595
    endloop
  endfacet
  facet normal 0.586538 0.714689 -0.381042
    outer loop
      vertex 107.03 47.03 2.12915
      vertex 106.47 47.1999 1.58581
      vertex 106.595 47.387 2.12915
    endloop
  endfacet
  facet normal 0.268402 0.884569 -0.381442
    outer loop
      vertex 106.012 47.4444 1.58581
      vertex 105.516 47.5949 1.58581
      vertex 106.099 47.6523 2.12915
    endloop
  endfacet
  facet normal 0.938822 0.284999 -0.193363
    outer loop
      vertex 107.816 45.5601 2.12915
      vertex 107.758 46.1425 2.70595
      vertex 107.928 45.5825 2.70595
    endloop
  endfacet
  facet normal 0.624142 0.334723 -0.70598
    outer loop
      vertex 107.143 45.8875 1.09682
      vertex 106.758 45.7283 0.680969
      vertex 106.928 46.2884 1.09682
    endloop
  endfacet
  facet normal 0.919951 0.0903362 -0.381483
    outer loop
      vertex 107.871 45 2.12915
      vertex 107.595 45.5162 1.58581
      vertex 107.816 45.5601 2.12915
    endloop
  endfacet
  facet normal 0.92009 0.0909039 -0.381014
    outer loop
      vertex 107.646 45 1.58581
      vertex 107.595 45.5162 1.58581
      vertex 107.871 45 2.12915
    endloop
  endfacet
  facet normal 0.382887 0 -0.923795
    outer loop
      vertex 105.871 3 0.129179
      vertex 106.414 45 0.354237
      vertex 106.414 3 0.354237
    endloop
  endfacet
  facet normal 0.382887 0 -0.923795
    outer loop
      vertex 106.414 45 0.354237
      vertex 105.871 3 0.129179
      vertex 105.871 45 0.129179
    endloop
  endfacet
  facet normal 0.367792 0.110906 -0.923271
    outer loop
      vertex 106.387 45.2759 0.354237
      vertex 105.854 45.1699 0.129179
      vertex 106.307 45.5412 0.354237
    endloop
  endfacet
  facet normal -0.151407 0.124426 -0.980609
    outer loop
      vertex 2.75551 45.1634 0.0144463
      vertex 2.38421 45.6158 0.129179
      vertex 2.79208 45.2079 0.0144463
    endloop
  endfacet
  facet normal -0.195054 0.0192069 -0.980604
    outer loop
      vertex 2.70595 45 0.0144463
      vertex 2.12915 45 0.129179
      vertex 2.14588 45.1699 0.129179
    endloop
  endfacet
  facet normal -0.297038 -0.243784 -0.923221
    outer loop
      vertex 2.00002 2.00002 0.354237
      vertex 1.82414 2.21432 0.354237
      vertex 2.38421 2.38421 0.129179
    endloop
  endfacet
  facet normal -0.528271 0.643707 -0.553688
    outer loop
      vertex 1.3602 46.6398 1.09682
      vertex 1.12916 46.8708 1.58581
      vertex 1.71162 46.9282 1.09682
    endloop
  endfacet
  facet normal -0.491618 0.262759 -0.830223
    outer loop
      vertex 1.69346 45.5412 0.354237
      vertex 1.24169 45.7283 0.680969
      vertex 1.82414 45.7857 0.354237
    endloop
  endfacet
  facet normal -0.705398 0.0694759 -0.705398
    outer loop
      vertex 1.09682 45 0.680969
      vertex 0.680969 45 1.09682
      vertex 1.13339 45.3713 0.680969
    endloop
  endfacet
  facet normal -0.382412 0.037656 -0.923224
    outer loop
      vertex 2.12915 45 0.129179
      vertex 1.61298 45.2759 0.354237
      vertex 2.14588 45.1699 0.129179
    endloop
  endfacet
  facet normal -0.33413 0.625117 -0.705397
    outer loop
      vertex 2.27168 46.7583 0.680969
      vertex 1.71162 46.9282 1.09682
      vertex 2.11255 47.1425 1.09682
    endloop
  endfacet
  facet normal -0.0695387 0.705438 -0.705352
    outer loop
      vertex 3 46.9032 0.680969
      vertex 2.62871 46.8666 0.680969
      vertex 3 47.319 1.09682
    endloop
  endfacet
  facet normal -0.205806 0.678272 -0.705402
    outer loop
      vertex 2.27168 46.7583 0.680969
      vertex 2.11255 47.1425 1.09682
      vertex 2.54758 47.2745 1.09682
    endloop
  endfacet
  facet normal -0.161805 0.533418 -0.830232
    outer loop
      vertex 2.72411 46.387 0.354237
      vertex 2.27168 46.7583 0.680969
      vertex 2.62871 46.8666 0.680969
    endloop
  endfacet
  facet normal -0.678291 -0.20575 -0.705399
    outer loop
      vertex 1.24169 2.27168 0.680969
      vertex 0.725529 2.54758 1.09682
      vertex 1.13339 2.62871 0.680969
    endloop
  endfacet
  facet normal -0.491604 -0.262762 -0.83023
    outer loop
      vertex 1.82414 2.21432 0.354237
      vertex 1.24169 2.27168 0.680969
      vertex 1.69346 2.45881 0.354237
    endloop
  endfacet
  facet normal -0.353631 -0.43089 -0.830228
    outer loop
      vertex 1.94265 1.41756 0.680969
      vertex 1.65425 1.65425 0.680969
      vertex 2.21432 1.82414 0.354237
    endloop
  endfacet
  facet normal -0.353634 -0.430884 -0.83023
    outer loop
      vertex 2.21432 1.82414 0.354237
      vertex 1.65425 1.65425 0.680969
      vertex 2.00002 2.00002 0.354237
    endloop
  endfacet
  facet normal -0.643687 -0.528256 -0.553725
    outer loop
      vertex 1.12916 1.12916 1.58581
      vertex 0.800128 1.53009 1.58581
      vertex 1.0718 1.71162 1.09682
    endloop
  endfacet
  facet normal -0.714676 -0.586515 -0.381101
    outer loop
      vertex 0.970023 0.970023 2.12915
      vertex 0.800128 1.53009 1.58581
      vertex 1.12916 1.12916 1.58581
    endloop
  endfacet
  facet normal -0.884722 -0.268377 -0.381105
    outer loop
      vertex 0.555634 1.98751 1.58581
      vertex 0.347708 1.90139 2.12915
      vertex 0.405074 2.48384 1.58581
    endloop
  endfacet
  facet normal -0.938723 -0.284763 -0.19419
    outer loop
      vertex 0.241708 1.85748 2.70595
      vertex 0.184341 2.43993 2.12915
      vertex 0.347708 1.90139 2.12915
    endloop
  endfacet
  facet normal 0.773258 -0.634091 0
    outer loop
      vertex 107.111 0.888895 20.5
      vertex 107.482 1.34132 2.70595
      vertex 107.482 1.34132 20.5
    endloop
  endfacet
  facet normal 0.773258 -0.634091 0
    outer loop
      vertex 107.482 1.34132 2.70595
      vertex 107.111 0.888895 20.5
      vertex 107.111 0.888895 2.70595
    endloop
  endfacet
  facet normal 0.758429 0.622292 -0.193747
    outer loop
      vertex 107.387 46.5949 2.12915
      vertex 107.03 47.03 2.12915
      vertex 107.482 46.6587 2.70595
    endloop
  endfacet
  facet normal 0.881861 0.47151 0
    outer loop
      vertex 107.758 46.1425 20.5
      vertex 107.482 46.6587 2.70595
      vertex 107.482 46.6587 20.5
    endloop
  endfacet
  facet normal 0.881861 0.47151 0
    outer loop
      vertex 107.482 46.6587 2.70595
      vertex 107.758 46.1425 20.5
      vertex 107.758 46.1425 2.70595
    endloop
  endfacet
  facet normal -0.161807 -0.533425 -0.830227
    outer loop
      vertex 2.62871 1.13339 0.680969
      vertex 2.27168 1.24169 0.680969
      vertex 2.72411 1.61298 0.354237
    endloop
  endfacet
  facet normal -0.0546319 -0.554744 -0.830226
    outer loop
      vertex 3 1.58581 0.354237
      vertex 2.62871 1.13339 0.680969
      vertex 2.72411 1.61298 0.354237
    endloop
  endfacet
  facet normal 0 -0.555569 -0.83147
    outer loop
      vertex 3 1.09682 0.680969
      vertex 105 1.58581 0.354237
      vertex 105 1.09682 0.680969
    endloop
  endfacet
  facet normal -0 -0.555569 -0.83147
    outer loop
      vertex 105 1.58581 0.354237
      vertex 3 1.09682 0.680969
      vertex 3 1.58581 0.354237
    endloop
  endfacet
  facet normal 0.0376453 -0.382411 -0.923225
    outer loop
      vertex 105.276 1.61298 0.354237
      vertex 105 1.58581 0.354237
      vertex 105 2.12915 0.129179
    endloop
  endfacet
  facet normal -0.0816189 -0.828696 -0.553716
    outer loop
      vertex 3 0.354237 1.58581
      vertex 2.48384 0.405074 1.58581
      vertex 3 0.680969 1.09682
    endloop
  endfacet
  facet normal -0.0694778 -0.705398 -0.705398
    outer loop
      vertex 3 0.680969 1.09682
      vertex 2.62871 1.13339 0.680969
      vertex 3 1.09682 0.680969
    endloop
  endfacet
  facet normal -0.284763 -0.938723 -0.19419
    outer loop
      vertex 2.43993 0.184341 2.12915
      vertex 1.85748 0.241708 2.70595
      vertex 1.90139 0.347708 2.12915
    endloop
  endfacet
  facet normal -0.0816203 -0.828695 -0.553717
    outer loop
      vertex 3 0.680969 1.09682
      vertex 2.48384 0.405074 1.58581
      vertex 2.54758 0.725529 1.09682
    endloop
  endfacet
  facet normal 0 -1 0
    outer loop
      vertex 3 0.0144463 20.5
      vertex 52 0.0144463 20
      vertex 52 0.0144463 20.5
    endloop
  endfacet
  facet normal 0 -1 0
    outer loop
      vertex 73.25 0.0144463 12.5
      vertex 64 0.0144463 20
      vertex 52 0.0144463 20
    endloop
  endfacet
  facet normal 0 -1 0
    outer loop
      vertex 64 0.0144463 20
      vertex 73.25 0.0144463 12.5
      vertex 69 0.0144463 20
    endloop
  endfacet
  facet normal 0 -1 0
    outer loop
      vertex 69 0.0144463 20
      vertex 73.25 0.0144463 18.5
      vertex 81 0.0144463 20
    endloop
  endfacet
  facet normal 0 -1 0
    outer loop
      vertex 82.75 0.0144463 18.5
      vertex 81 0.0144463 20
      vertex 73.25 0.0144463 18.5
    endloop
  endfacet
  facet normal 0 -1 0
    outer loop
      vertex 81 0.0144463 20
      vertex 82.75 0.0144463 18.5
      vertex 86 0.0144463 20
    endloop
  endfacet
  facet normal 0 -1 0
    outer loop
      vertex 3 0.0144463 2.70595
      vertex 52 0.0144463 20
      vertex 3 0.0144463 20.5
    endloop
  endfacet
  facet normal 0 -1 0
    outer loop
      vertex 69 0.0144463 20
      vertex 73.25 0.0144463 12.5
      vertex 73.25 0.0144463 18.5
    endloop
  endfacet
  facet normal 0 -1 0
    outer loop
      vertex 105 0.0144463 2.70595
      vertex 73.25 0.0144463 12.5
      vertex 3 0.0144463 2.70595
    endloop
  endfacet
  facet normal 0 -1 -0
    outer loop
      vertex 52 0.0144463 20
      vertex 3 0.0144463 2.70595
      vertex 73.25 0.0144463 12.5
    endloop
  endfacet
  facet normal 0 -1 0
    outer loop
      vertex 64 0.0144463 20
      vertex 69 0.0144463 20.5
      vertex 64 0.0144463 20.5
    endloop
  endfacet
  facet normal 0 -1 -0
    outer loop
      vertex 69 0.0144463 20.5
      vertex 64 0.0144463 20
      vertex 69 0.0144463 20
    endloop
  endfacet
  facet normal 0 -1 0
    outer loop
      vertex 81 0.0144463 20
      vertex 86 0.0144463 20.5
      vertex 81 0.0144463 20.5
    endloop
  endfacet
  facet normal 0 -1 -0
    outer loop
      vertex 86 0.0144463 20.5
      vertex 81 0.0144463 20
      vertex 86 0.0144463 20
    endloop
  endfacet
  facet normal 0 -1 0
    outer loop
      vertex 98 0.0144463 20
      vertex 105 0.0144463 20.5
      vertex 98 0.0144463 20.5
    endloop
  endfacet
  facet normal 0 -1 0
    outer loop
      vertex 82.75 0.0144463 12.5
      vertex 86 0.0144463 20
      vertex 82.75 0.0144463 18.5
    endloop
  endfacet
  facet normal 0 -1 -0
    outer loop
      vertex 86 0.0144463 20
      vertex 82.75 0.0144463 12.5
      vertex 98 0.0144463 20
    endloop
  endfacet
  facet normal 0 -1 0
    outer loop
      vertex 105 0.0144463 2.70595
      vertex 98 0.0144463 20
      vertex 82.75 0.0144463 12.5
    endloop
  endfacet
  facet normal 0 -1 0
    outer loop
      vertex 98 0.0144463 20
      vertex 105 0.0144463 2.70595
      vertex 105 0.0144463 20.5
    endloop
  endfacet
  facet normal 0 -1 0
    outer loop
      vertex 73.25 0.0144463 12.5
      vertex 105 0.0144463 2.70595
      vertex 82.75 0.0144463 12.5
    endloop
  endfacet
  facet normal -0.0923869 -0.172857 -0.980605
    outer loop
      vertex 2.66674 2.19544 0.129179
      vertex 2.51618 2.27591 0.129179
      vertex 2.83663 2.75551 0.0144463
    endloop
  endfacet
  facet normal -0.243784 -0.297038 -0.923221
    outer loop
      vertex 2.21432 1.82414 0.354237
      vertex 2.00002 2.00002 0.354237
      vertex 2.38421 2.38421 0.129179
    endloop
  endfacet
  facet normal -0.0192069 -0.195054 -0.980604
    outer loop
      vertex 3 2.12915 0.129179
      vertex 2.8301 2.14588 0.129179
      vertex 3 2.70595 0.0144463
    endloop
  endfacet
  facet normal 0.865159 -0.462616 -0.193615
    outer loop
      vertex 107.482 1.34132 2.70595
      vertex 107.387 1.40506 2.12915
      vertex 107.758 1.85748 2.70595
    endloop
  endfacet
  facet normal 0.881845 -0.471539 0
    outer loop
      vertex 107.482 1.34132 20.5
      vertex 107.758 1.85748 2.70595
      vertex 107.758 1.85748 20.5
    endloop
  endfacet
  facet normal 0.881845 -0.471539 0
    outer loop
      vertex 107.758 1.85748 2.70595
      vertex 107.482 1.34132 20.5
      vertex 107.482 1.34132 2.70595
    endloop
  endfacet
  facet normal 0.815526 -0.435425 -0.381213
    outer loop
      vertex 107.652 1.90139 2.12915
      vertex 107.387 1.40506 2.12915
      vertex 107.444 1.98751 1.58581
    endloop
  endfacet
  facet normal 0.884453 -0.26908 -0.381233
    outer loop
      vertex 107.652 1.90139 2.12915
      vertex 107.444 1.98751 1.58581
      vertex 107.595 2.48384 1.58581
    endloop
  endfacet
  facet normal 0.180719 -0.339115 -0.923224
    outer loop
      vertex 105.786 1.82414 0.354237
      vertex 105.333 2.19544 0.129179
      vertex 105.484 2.27591 0.129179
    endloop
  endfacet
  facet normal 0.0570331 -0.187579 -0.980592
    outer loop
      vertex 105.17 2.14588 0.129179
      vertex 105.113 2.72833 0.0144463
      vertex 105.333 2.19544 0.129179
    endloop
  endfacet
  facet normal 0.194988 -0.0195103 -0.980612
    outer loop
      vertex 105.854 2.8301 0.129179
      vertex 105.294 3 0.0144463
      vertex 105.871 3 0.129179
    endloop
  endfacet
  facet normal 0.187949 -0.0545176 -0.980664
    outer loop
      vertex 105.854 2.8301 0.129179
      vertex 105.272 2.88747 0.0144463
      vertex 105.288 2.94263 0.0144463
    endloop
  endfacet
  facet normal 0.338215 -0.181957 -0.923311
    outer loop
      vertex 106.176 2.21432 0.354237
      vertex 105.724 2.51618 0.129179
      vertex 105.805 2.66674 0.129179
    endloop
  endfacet
  facet normal 0.0376343 -0.382416 -0.923223
    outer loop
      vertex 105.276 1.61298 0.354237
      vertex 105 2.12915 0.129179
      vertex 105.17 2.14588 0.129179
    endloop
  endfacet
  facet normal 0.262344 -0.491845 -0.830219
    outer loop
      vertex 105.728 1.24169 0.680969
      vertex 105.541 1.69346 0.354237
      vertex 105.786 1.82414 0.354237
    endloop
  endfacet
  facet normal 0.244021 -0.296909 -0.9232
    outer loop
      vertex 105.786 1.82414 0.354237
      vertex 105.616 2.38421 0.129179
      vertex 106 2.00002 0.354237
    endloop
  endfacet
  facet normal 0.297016 -0.243933 -0.923189
    outer loop
      vertex 106 2.00002 0.354237
      vertex 105.616 2.38421 0.129179
      vertex 106.176 2.21432 0.354237
    endloop
  endfacet
  facet normal 0.449107 -0.548362 -0.705409
    outer loop
      vertex 106.288 1.0718 1.09682
      vertex 106.057 1.41756 0.680969
      vertex 106.346 1.65425 0.680969
    endloop
  endfacet
  facet normal 0.334163 -0.625119 -0.70538
    outer loop
      vertex 106.288 1.0718 1.09682
      vertex 105.728 1.24169 0.680969
      vertex 106.057 1.41756 0.680969
    endloop
  endfacet
  facet normal 0.548401 -0.448761 -0.705599
    outer loop
      vertex 106.928 1.71162 1.09682
      vertex 106.346 1.65425 0.680969
      vertex 106.582 1.94265 0.680969
    endloop
  endfacet
  facet normal 0.431628 -0.353205 -0.830026
    outer loop
      vertex 106.346 1.65425 0.680969
      vertex 106.176 2.21432 0.354237
      vertex 106.582 1.94265 0.680969
    endloop
  endfacet
  facet normal 0.0906471 -0.920076 -0.381107
    outer loop
      vertex 105.516 0.405074 1.58581
      vertex 105 0.129179 2.12915
      vertex 105 0.354237 1.58581
    endloop
  endfacet
  facet normal 0.435929 -0.815029 -0.381698
    outer loop
      vertex 106.099 0.347708 2.12915
      vertex 106.012 0.555634 1.58581
      vertex 106.595 0.613 2.12915
    endloop
  endfacet
  facet normal 0.241853 -0.796752 -0.553798
    outer loop
      vertex 105.516 0.405074 1.58581
      vertex 105.452 0.725529 1.09682
      vertex 106.012 0.555634 1.58581
    endloop
  endfacet
  facet normal 0.268496 -0.884523 -0.381482
    outer loop
      vertex 106.099 0.347708 2.12915
      vertex 105.516 0.405074 1.58581
      vertex 106.012 0.555634 1.58581
    endloop
  endfacet
  facet normal -0.95693 0.290318 0
    outer loop
      vertex 0.0718126 45.5825 2.70595
      vertex 0.241708 46.1425 20.5
      vertex 0.241708 46.1425 2.70595
    endloop
  endfacet
  facet normal -0.95693 0.290318 0
    outer loop
      vertex 0.241708 46.1425 20.5
      vertex 0.0718126 45.5825 2.70595
      vertex 0.0718126 45.5825 20.5
    endloop
  endfacet
  facet normal -0.865124 0.462443 -0.194182
    outer loop
      vertex 0.347708 46.0986 2.12915
      vertex 0.241708 46.1425 2.70595
      vertex 0.613 46.5949 2.12915
    endloop
  endfacet
  facet normal -0.920079 0.0906123 -0.381108
    outer loop
      vertex 0.354237 45 1.58581
      vertex 0.129179 45 2.12915
      vertex 0.405074 45.5162 1.58581
    endloop
  endfacet
  facet normal 0 0.831417 -0.555649
    outer loop
      vertex 105 47.319 1.09682
      vertex 3 47.6458 1.58581
      vertex 105 47.6458 1.58581
    endloop
  endfacet
  facet normal 0 0.831417 -0.555649
    outer loop
      vertex 3 47.6458 1.58581
      vertex 105 47.319 1.09682
      vertex 3 47.319 1.09682
    endloop
  endfacet
  facet normal 0 0.70715 -0.707063
    outer loop
      vertex 105 46.9032 0.680969
      vertex 3 47.319 1.09682
      vertex 105 47.319 1.09682
    endloop
  endfacet
  facet normal 0 0.70715 -0.707063
    outer loop
      vertex 3 47.319 1.09682
      vertex 105 46.9032 0.680969
      vertex 3 46.9032 0.680969
    endloop
  endfacet
  facet normal 0.392065 0.734421 -0.553995
    outer loop
      vertex 106.288 46.9282 1.09682
      vertex 106.012 47.4444 1.58581
      vertex 106.47 47.1999 1.58581
    endloop
  endfacet
  facet normal 0.0817393 0.828635 -0.55379
    outer loop
      vertex 105.516 47.5949 1.58581
      vertex 105 47.319 1.09682
      vertex 105 47.6458 1.58581
    endloop
  endfacet
  facet normal 0.462665 0.864989 -0.194255
    outer loop
      vertex 106.595 47.387 2.12915
      vertex 106.099 47.6523 2.12915
      vertex 106.143 47.7583 2.70595
    endloop
  endfacet
  facet normal 0.462525 0.865033 -0.194393
    outer loop
      vertex 106.595 47.387 2.12915
      vertex 106.143 47.7583 2.70595
      vertex 106.659 47.4824 2.70595
    endloop
  endfacet
  facet normal 0.865166 0.462584 -0.193661
    outer loop
      vertex 107.758 46.1425 2.70595
      vertex 107.387 46.5949 2.12915
      vertex 107.482 46.6587 2.70595
    endloop
  endfacet
  facet normal 0.82847 0.081852 -0.554019
    outer loop
      vertex 107.646 45 1.58581
      vertex 107.319 45 1.09682
      vertex 107.595 45.5162 1.58581
    endloop
  endfacet
  facet normal 0.53431 0.161119 -0.829791
    outer loop
      vertex 106.387 45.2759 0.354237
      vertex 106.307 45.5412 0.354237
      vertex 106.758 45.7283 0.680969
    endloop
  endfacet
  facet normal 0.884452 0.269096 -0.381226
    outer loop
      vertex 107.595 45.5162 1.58581
      vertex 107.444 46.0125 1.58581
      vertex 107.652 46.0986 2.12915
    endloop
  endfacet
  facet normal 0.491857 0.263531 -0.829836
    outer loop
      vertex 106.307 45.5412 0.354237
      vertex 106.176 45.7857 0.354237
      vertex 106.758 45.7283 0.680969
    endloop
  endfacet
  facet normal 0.828163 0.082377 -0.5544
    outer loop
      vertex 107.319 45 1.09682
      vertex 107.274 45.4524 1.09682
      vertex 107.595 45.5162 1.58581
    endloop
  endfacet
  facet normal 0.532903 -0.162693 -0.830388
    outer loop
      vertex 106.758 2.27168 0.680969
      vertex 106.387 2.72411 0.354237
      vertex 106.867 2.62871 0.680969
    endloop
  endfacet
  facet normal 0.491843 -0.263534 -0.829843
    outer loop
      vertex 106.758 2.27168 0.680969
      vertex 106.176 2.21432 0.354237
      vertex 106.307 2.45881 0.354237
    endloop
  endfacet
  facet normal 0.161844 0.533502 -0.83017
    outer loop
      vertex 105.728 46.7583 0.680969
      vertex 105.276 46.387 0.354237
      vertex 105.371 46.8666 0.680969
    endloop
  endfacet
  facet normal 0.0547253 0.554729 -0.830229
    outer loop
      vertex 105.371 46.8666 0.680969
      vertex 105 46.4142 0.354237
      vertex 105 46.9032 0.680969
    endloop
  endfacet
  facet normal 0.678656 0.207209 -0.704621
    outer loop
      vertex 106.867 45.3713 0.680969
      vertex 106.758 45.7283 0.680969
      vertex 107.274 45.4524 1.09682
    endloop
  endfacet
  facet normal 0.449102 0.548333 -0.705435
    outer loop
      vertex 106.346 46.3457 0.680969
      vertex 106.057 46.5824 0.680969
      vertex 106.288 46.9282 1.09682
    endloop
  endfacet
  facet normal 0 0.19509 -0.980785
    outer loop
      vertex 3 45.2941 0.0144463
      vertex 105 45.8709 0.129179
      vertex 105 45.2941 0.0144463
    endloop
  endfacet
  facet normal 0 0.19509 -0.980785
    outer loop
      vertex 105 45.8709 0.129179
      vertex 3 45.2941 0.0144463
      vertex 3 45.8709 0.129179
    endloop
  endfacet
  facet normal 0.111665 0.367704 -0.923214
    outer loop
      vertex 105.333 45.8046 0.129179
      vertex 105.17 45.8541 0.129179
      vertex 105.541 46.3065 0.354237
    endloop
  endfacet
  facet normal -0.367714 0.111548 -0.923224
    outer loop
      vertex 2.14588 45.1699 0.129179
      vertex 1.61298 45.2759 0.354237
      vertex 1.69346 45.5412 0.354237
    endloop
  endfacet
  facet normal -0.181066 0.338965 -0.92321
    outer loop
      vertex 2.66674 45.8046 0.129179
      vertex 2.21432 46.1759 0.354237
      vertex 2.45881 46.3065 0.354237
    endloop
  endfacet
  facet normal -0.430823 0.353699 -0.830234
    outer loop
      vertex 1.82414 45.7857 0.354237
      vertex 1.41756 46.0574 0.680969
      vertex 1.65425 46.3457 0.680969
    endloop
  endfacet
  facet normal -0.7054 0.0694797 -0.705396
    outer loop
      vertex 1.13339 45.3713 0.680969
      vertex 0.680969 45 1.09682
      vertex 0.725529 45.4524 1.09682
    endloop
  endfacet
  facet normal -0.382411 0.0376589 -0.923225
    outer loop
      vertex 2.12915 45 0.129179
      vertex 1.58581 45 0.354237
      vertex 1.61298 45.2759 0.354237
    endloop
  endfacet
  facet normal -0.0377042 0.382434 -0.923213
    outer loop
      vertex 3 45.8709 0.129179
      vertex 2.72411 46.387 0.354237
      vertex 3 46.4142 0.354237
    endloop
  endfacet
  facet normal -0.554744 0.0546299 -0.830226
    outer loop
      vertex 1.58581 45 0.354237
      vertex 1.13339 45.3713 0.680969
      vertex 1.61298 45.2759 0.354237
    endloop
  endfacet
  facet normal -0.392528 0.734356 -0.553754
    outer loop
      vertex 1.71162 46.9282 1.09682
      vertex 1.53009 47.1999 1.58581
      vertex 1.98751 47.4444 1.58581
    endloop
  endfacet
  facet normal -0.586568 0.714593 -0.381175
    outer loop
      vertex 1.12916 46.8708 1.58581
      vertex 0.970023 47.03 2.12915
      vertex 1.53009 47.1999 1.58581
    endloop
  endfacet
  facet normal -0.625165 0.334086 -0.705376
    outer loop
      vertex 1.24169 45.7283 0.680969
      vertex 1.0718 46.2884 1.09682
      vertex 1.41756 46.0574 0.680969
    endloop
  endfacet
  facet normal -0.547859 0.449784 -0.705368
    outer loop
      vertex 1.41756 46.0574 0.680969
      vertex 1.0718 46.2884 1.09682
      vertex 1.65425 46.3457 0.680969
    endloop
  endfacet
  facet normal 0 0.555562 -0.831475
    outer loop
      vertex 3 46.4142 0.354237
      vertex 105 46.9032 0.680969
      vertex 105 46.4142 0.354237
    endloop
  endfacet
  facet normal 0 0.555562 -0.831475
    outer loop
      vertex 105 46.9032 0.680969
      vertex 3 46.4142 0.354237
      vertex 3 46.9032 0.680969
    endloop
  endfacet
  facet normal -0.019377 0.195028 -0.980606
    outer loop
      vertex 2.94263 45.2884 0.0144463
      vertex 2.8301 45.8541 0.129179
      vertex 3 45.2941 0.0144463
    endloop
  endfacet
  facet normal -0.124335 0.15151 -0.980605
    outer loop
      vertex 2.83663 45.2445 0.0144463
      vertex 2.38421 45.6158 0.129179
      vertex 2.51618 45.7241 0.129179
    endloop
  endfacet
  facet normal -0.734377 -0.392539 -0.553718
    outer loop
      vertex 1.0718 1.71162 1.09682
      vertex 0.555634 1.98751 1.58581
      vertex 0.857495 2.11255 1.09682
    endloop
  endfacet
  facet normal -0.705398 -0.0694778 -0.705398
    outer loop
      vertex 1.13339 2.62871 0.680969
      vertex 0.680969 3 1.09682
      vertex 1.09682 3 0.680969
    endloop
  endfacet
  facet normal -0.547922 -0.449663 -0.705397
    outer loop
      vertex 1.3602 1.3602 1.09682
      vertex 1.0718 1.71162 1.09682
      vertex 1.65425 1.65425 0.680969
    endloop
  endfacet
  facet normal -0.491604 -0.262767 -0.830228
    outer loop
      vertex 1.41756 1.94265 0.680969
      vertex 1.24169 2.27168 0.680969
      vertex 1.82414 2.21432 0.354237
    endloop
  endfacet
  facet normal -0.0568866 -0.187559 -0.980605
    outer loop
      vertex 2.94263 2.7116 0.0144463
      vertex 2.8301 2.14588 0.129179
      vertex 2.88747 2.72833 0.0144463
    endloop
  endfacet
  facet normal -0.262762 -0.491604 -0.83023
    outer loop
      vertex 2.27168 1.24169 0.680969
      vertex 2.21432 1.82414 0.354237
      vertex 2.45881 1.69346 0.354237
    endloop
  endfacet
  facet normal -0.796848 -0.241723 -0.553718
    outer loop
      vertex 0.857495 2.11255 1.09682
      vertex 0.555634 1.98751 1.58581
      vertex 0.725529 2.54758 1.09682
    endloop
  endfacet
  facet normal -0.625122 -0.334135 -0.705391
    outer loop
      vertex 1.41756 1.94265 0.680969
      vertex 1.0718 1.71162 1.09682
      vertex 1.24169 2.27168 0.680969
    endloop
  endfacet
  facet normal -0.976241 -0.0961513 -0.194186
    outer loop
      vertex 0.0718126 2.41755 2.70595
      vertex 0.0144463 3 2.70595
      vertex 0.129179 3 2.12915
    endloop
  endfacet
  facet normal -0.980785 0 -0.19509
    outer loop
      vertex 0.129179 3 2.12915
      vertex 0.0144463 45 2.70595
      vertex 0.129179 45 2.12915
    endloop
  endfacet
  facet normal -0.980785 -0 -0.19509
    outer loop
      vertex 0.0144463 45 2.70595
      vertex 0.129179 3 2.12915
      vertex 0.0144463 3 2.70595
    endloop
  endfacet
  facet normal -0.0694764 -0.705398 -0.705399
    outer loop
      vertex 3 0.680969 1.09682
      vertex 2.54758 0.725529 1.09682
      vertex 2.62871 1.13339 0.680969
    endloop
  endfacet
  facet normal -0.241722 -0.796849 -0.553716
    outer loop
      vertex 2.48384 0.405074 1.58581
      vertex 1.98751 0.555634 1.58581
      vertex 2.54758 0.725529 1.09682
    endloop
  endfacet
  facet normal 0.0546135 -0.554778 -0.830204
    outer loop
      vertex 105.371 1.13339 0.680969
      vertex 105 1.58581 0.354237
      vertex 105.276 1.61298 0.354237
    endloop
  endfacet
  facet normal 0.161846 -0.53351 -0.830165
    outer loop
      vertex 105.371 1.13339 0.680969
      vertex 105.276 1.61298 0.354237
      vertex 105.728 1.24169 0.680969
    endloop
  endfacet
  facet normal 0.0695411 -0.705399 -0.705391
    outer loop
      vertex 105.452 0.725529 1.09682
      vertex 105 0.680969 1.09682
      vertex 105.371 1.13339 0.680969
    endloop
  endfacet
  facet normal 0.0816932 -0.828666 -0.55375
    outer loop
      vertex 105.516 0.405074 1.58581
      vertex 105 0.680969 1.09682
      vertex 105.452 0.725529 1.09682
    endloop
  endfacet
  facet normal -0.0906193 -0.920079 -0.381108
    outer loop
      vertex 3 0.129179 2.12915
      vertex 2.48384 0.405074 1.58581
      vertex 3 0.354237 1.58581
    endloop
  endfacet
  facet normal -0.435819 -0.815367 -0.381103
    outer loop
      vertex 1.98751 0.555634 1.58581
      vertex 1.40506 0.613 2.12915
      vertex 1.53009 0.800128 1.58581
    endloop
  endfacet
  facet normal -0.284759 -0.938725 -0.194185
    outer loop
      vertex 2.41755 0.0718126 2.70595
      vertex 1.85748 0.241708 2.70595
      vertex 2.43993 0.184341 2.12915
    endloop
  endfacet
  facet normal -0.0961512 -0.976241 -0.194186
    outer loop
      vertex 3 0.129179 2.12915
      vertex 2.41755 0.0718126 2.70595
      vertex 2.43993 0.184341 2.12915
    endloop
  endfacet
  facet normal -0.151488 -0.124353 -0.980606
    outer loop
      vertex 2.79208 2.79208 0.0144463
      vertex 2.38421 2.38421 0.129179
      vertex 2.75551 2.83663 0.0144463
    endloop
  endfacet
  facet normal -0.382413 -0.0376561 -0.923224
    outer loop
      vertex 2.14588 2.8301 0.129179
      vertex 1.61298 2.72411 0.354237
      vertex 2.12915 3 0.129179
    endloop
  endfacet
  facet normal -0.195054 -0.0192069 -0.980604
    outer loop
      vertex 2.14588 2.8301 0.129179
      vertex 2.12915 3 0.129179
      vertex 2.70595 3 0.0144463
    endloop
  endfacet
  facet normal -0.187559 -0.0568866 -0.980605
    outer loop
      vertex 2.72833 2.88747 0.0144463
      vertex 2.14588 2.8301 0.129179
      vertex 2.7116 2.94263 0.0144463
    endloop
  endfacet
  facet normal -0.0376561 -0.382413 -0.923224
    outer loop
      vertex 3 2.12915 0.129179
      vertex 2.72411 1.61298 0.354237
      vertex 2.8301 2.14588 0.129179
    endloop
  endfacet
  facet normal -0.181136 -0.338889 -0.923225
    outer loop
      vertex 2.45881 1.69346 0.354237
      vertex 2.21432 1.82414 0.354237
      vertex 2.66674 2.19544 0.129179
    endloop
  endfacet
  facet normal 0.111666 -0.367689 -0.92322
    outer loop
      vertex 105.276 1.61298 0.354237
      vertex 105.17 2.14588 0.129179
      vertex 105.541 1.69346 0.354237
    endloop
  endfacet
  facet normal 0.111772 -0.367611 -0.923238
    outer loop
      vertex 105.541 1.69346 0.354237
      vertex 105.17 2.14588 0.129179
      vertex 105.333 2.19544 0.129179
    endloop
  endfacet
  facet normal 0.172458 -0.0927807 -0.980638
    outer loop
      vertex 105.724 2.51618 0.129179
      vertex 105.244 2.83663 0.0144463
      vertex 105.805 2.66674 0.129179
    endloop
  endfacet
  facet normal 0.151581 -0.124049 -0.98063
    outer loop
      vertex 105.616 2.38421 0.129179
      vertex 105.244 2.83663 0.0144463
      vertex 105.724 2.51618 0.129179
    endloop
  endfacet
  facet normal 0.187759 -0.0563185 -0.980599
    outer loop
      vertex 105.805 2.66674 0.129179
      vertex 105.272 2.88747 0.0144463
      vertex 105.854 2.8301 0.129179
    endloop
  endfacet
  facet normal 0.171873 -0.0946587 -0.980561
    outer loop
      vertex 105.805 2.66674 0.129179
      vertex 105.244 2.83663 0.0144463
      vertex 105.272 2.88747 0.0144463
    endloop
  endfacet
  facet normal -0.758286 0.622338 -0.194157
    outer loop
      vertex 0.970023 47.03 2.12915
      vertex 0.517603 46.6587 2.70595
      vertex 0.888895 47.1111 2.70595
    endloop
  endfacet
  facet normal -0.772996 0.634411 0
    outer loop
      vertex 0.517603 46.6587 2.70595
      vertex 0.888895 47.1111 20.5
      vertex 0.888895 47.1111 2.70595
    endloop
  endfacet
  facet normal -0.772996 0.634411 0
    outer loop
      vertex 0.888895 47.1111 20.5
      vertex 0.517603 46.6587 2.70595
      vertex 0.517603 46.6587 20.5
    endloop
  endfacet
  facet normal 0.284591 0.938767 -0.194229
    outer loop
      vertex 106.099 47.6523 2.12915
      vertex 105.56 47.8157 2.12915
      vertex 106.143 47.7583 2.70595
    endloop
  endfacet
  facet normal 0.268205 0.884714 -0.381245
    outer loop
      vertex 106.099 47.6523 2.12915
      vertex 105.516 47.5949 1.58581
      vertex 105.56 47.8157 2.12915
    endloop
  endfacet
  facet normal 0.205828 0.678298 -0.70537
    outer loop
      vertex 105.728 46.7583 0.680969
      vertex 105.452 47.2745 1.09682
      vertex 105.887 47.1425 1.09682
    endloop
  endfacet
  facet normal 0.241776 0.796816 -0.55374
    outer loop
      vertex 106.012 47.4444 1.58581
      vertex 105.452 47.2745 1.09682
      vertex 105.516 47.5949 1.58581
    endloop
  endfacet
  facet normal 0.527776 0.644165 -0.553628
    outer loop
      vertex 106.64 46.6398 1.09682
      vertex 106.288 46.9282 1.09682
      vertex 106.871 46.8708 1.58581
    endloop
  endfacet
  facet normal 0.643551 0.528132 -0.554003
    outer loop
      vertex 106.928 46.2884 1.09682
      vertex 106.871 46.8708 1.58581
      vertex 107.2 46.4699 1.58581
    endloop
  endfacet
  facet normal 0.865334 0.462046 -0.194191
    outer loop
      vertex 107.652 46.0986 2.12915
      vertex 107.387 46.5949 2.12915
      vertex 107.758 46.1425 2.70595
    endloop
  endfacet
  facet normal 0.938407 0.285792 -0.194205
    outer loop
      vertex 107.816 45.5601 2.12915
      vertex 107.652 46.0986 2.12915
      vertex 107.758 46.1425 2.70595
    endloop
  endfacet
  facet normal 0.123699 0.152089 -0.980595
    outer loop
      vertex 105.208 45.2079 0.0144463
      vertex 105.163 45.2445 0.0144463
      vertex 105.616 45.6158 0.129179
    endloop
  endfacet
  facet normal 0.368161 0.110403 -0.923184
    outer loop
      vertex 105.854 45.1699 0.129179
      vertex 105.805 45.3333 0.129179
      vertex 106.307 45.5412 0.354237
    endloop
  endfacet
  facet normal 0.0192759 0.195054 -0.980603
    outer loop
      vertex 105.17 45.8541 0.129179
      vertex 105 45.2941 0.0144463
      vertex 105 45.8709 0.129179
    endloop
  endfacet
  facet normal 0.382243 -0.0382468 -0.92327
    outer loop
      vertex 106.387 2.72411 0.354237
      vertex 105.854 2.8301 0.129179
      vertex 105.871 3 0.129179
    endloop
  endfacet
  facet normal 0.382618 -0.037445 -0.923147
    outer loop
      vertex 106.387 2.72411 0.354237
      vertex 105.871 3 0.129179
      vertex 106.414 3 0.354237
    endloop
  endfacet
  facet normal 0.0695928 0.705436 -0.705349
    outer loop
      vertex 105.371 46.8666 0.680969
      vertex 105 46.9032 0.680969
      vertex 105 47.319 1.09682
    endloop
  endfacet
  facet normal 0.205766 0.678287 -0.705398
    outer loop
      vertex 105.728 46.7583 0.680969
      vertex 105.371 46.8666 0.680969
      vertex 105.452 47.2745 1.09682
    endloop
  endfacet
  facet normal 0.678144 0.204176 -0.705998
    outer loop
      vertex 107.274 45.4524 1.09682
      vertex 106.758 45.7283 0.680969
      vertex 107.143 45.8875 1.09682
    endloop
  endfacet
  facet normal 0.796264 0.242265 -0.554321
    outer loop
      vertex 107.595 45.5162 1.58581
      vertex 107.274 45.4524 1.09682
      vertex 107.444 46.0125 1.58581
    endloop
  endfacet
  facet normal -0.18755 0.0569458 -0.980603
    outer loop
      vertex 2.7116 45.0574 0.0144463
      vertex 2.14588 45.1699 0.129179
      vertex 2.72833 45.1125 0.0144463
    endloop
  endfacet
  facet normal -0.64368 0.52829 -0.553702
    outer loop
      vertex 1.0718 46.2884 1.09682
      vertex 0.800128 46.4699 1.58581
      vertex 1.12916 46.8708 1.58581
    endloop
  endfacet
  facet normal -0.262623 0.491644 -0.83025
    outer loop
      vertex 2.45881 46.3065 0.354237
      vertex 2.21432 46.1759 0.354237
      vertex 2.27168 46.7583 0.680969
    endloop
  endfacet
  facet normal -0.865139 0.462394 -0.194231
    outer loop
      vertex 0.613 46.5949 2.12915
      vertex 0.241708 46.1425 2.70595
      vertex 0.517603 46.6587 2.70595
    endloop
  endfacet
  facet normal -0.758333 0.622253 -0.194248
    outer loop
      vertex 0.613 46.5949 2.12915
      vertex 0.517603 46.6587 2.70595
      vertex 0.970023 47.03 2.12915
    endloop
  endfacet
  facet normal -0.884716 0.2684 -0.381103
    outer loop
      vertex 0.405074 45.5162 1.58581
      vertex 0.184341 45.5601 2.12915
      vertex 0.347708 46.0986 2.12915
    endloop
  endfacet
  facet normal -0.884721 0.268393 -0.381097
    outer loop
      vertex 0.405074 45.5162 1.58581
      vertex 0.347708 46.0986 2.12915
      vertex 0.555634 46.0125 1.58581
    endloop
  endfacet
  facet normal -0.241771 0.796801 -0.553764
    outer loop
      vertex 2.11255 47.1425 1.09682
      vertex 1.98751 47.4444 1.58581
      vertex 2.54758 47.2745 1.09682
    endloop
  endfacet
  facet normal -0.392519 0.734357 -0.553759
    outer loop
      vertex 2.11255 47.1425 1.09682
      vertex 1.71162 46.9282 1.09682
      vertex 1.98751 47.4444 1.58581
    endloop
  endfacet
  facet normal -0.353684 0.430895 -0.830203
    outer loop
      vertex 2.00002 46 0.354237
      vertex 1.65425 46.3457 0.680969
      vertex 2.21432 46.1759 0.354237
    endloop
  endfacet
  facet normal -0.528312 0.643623 -0.553747
    outer loop
      vertex 1.71162 46.9282 1.09682
      vertex 1.12916 46.8708 1.58581
      vertex 1.53009 47.1999 1.58581
    endloop
  endfacet
  facet normal -0.205741 0.678261 -0.705431
    outer loop
      vertex 2.62871 46.8666 0.680969
      vertex 2.27168 46.7583 0.680969
      vertex 2.54758 47.2745 1.09682
    endloop
  endfacet
  facet normal -0.069381 0.705378 -0.705427
    outer loop
      vertex 2.62871 46.8666 0.680969
      vertex 2.54758 47.2745 1.09682
      vertex 3 47.319 1.09682
    endloop
  endfacet
  facet normal -0.0567923 0.187585 -0.980605
    outer loop
      vertex 2.88747 45.2717 0.0144463
      vertex 2.8301 45.8541 0.129179
      vertex 2.94263 45.2884 0.0144463
    endloop
  endfacet
  facet normal -0.161844 0.533383 -0.830247
    outer loop
      vertex 2.45881 46.3065 0.354237
      vertex 2.27168 46.7583 0.680969
      vertex 2.72411 46.387 0.354237
    endloop
  endfacet
  facet normal -0.0924629 0.172824 -0.980603
    outer loop
      vertex 2.83663 45.2445 0.0144463
      vertex 2.66674 45.8046 0.129179
      vertex 2.88747 45.2717 0.0144463
    endloop
  endfacet
  facet normal -0.83147 0 -0.555569
    outer loop
      vertex 0.680969 3 1.09682
      vertex 0.354237 45 1.58581
      vertex 0.680969 45 1.09682
    endloop
  endfacet
  facet normal -0.83147 -0 -0.555569
    outer loop
      vertex 0.354237 45 1.58581
      vertex 0.680969 3 1.09682
      vertex 0.354237 3 1.58581
    endloop
  endfacet
  facet normal -0.705398 -0.0694764 -0.705399
    outer loop
      vertex 0.725529 2.54758 1.09682
      vertex 0.680969 3 1.09682
      vertex 1.13339 2.62871 0.680969
    endloop
  endfacet
  facet normal -0.528256 -0.643688 -0.553725
    outer loop
      vertex 1.71162 1.0718 1.09682
      vertex 1.12916 1.12916 1.58581
      vertex 1.3602 1.3602 1.09682
    endloop
  endfacet
  facet normal -0.643688 -0.528256 -0.553725
    outer loop
      vertex 1.12916 1.12916 1.58581
      vertex 1.0718 1.71162 1.09682
      vertex 1.3602 1.3602 1.09682
    endloop
  endfacet
  facet normal -0.976242 0.0961431 -0.194187
    outer loop
      vertex 0.129179 45 2.12915
      vertex 0.0144463 45 2.70595
      vertex 0.0718126 45.5825 2.70595
    endloop
  endfacet
  facet normal -0.828695 -0.0816203 -0.553717
    outer loop
      vertex 0.725529 2.54758 1.09682
      vertex 0.405074 2.48384 1.58581
      vertex 0.680969 3 1.09682
    endloop
  endfacet
  facet normal -0.796849 -0.241722 -0.553716
    outer loop
      vertex 0.555634 1.98751 1.58581
      vertex 0.405074 2.48384 1.58581
      vertex 0.725529 2.54758 1.09682
    endloop
  endfacet
  facet normal 0.284337 -0.938888 -0.194014
    outer loop
      vertex 105.582 0.0718126 2.70595
      vertex 105.56 0.184341 2.12915
      vertex 106.143 0.241708 2.70595
    endloop
  endfacet
  facet normal 0.289844 -0.957074 0
    outer loop
      vertex 105.582 0.0718126 2.70595
      vertex 106.143 0.241708 20.5
      vertex 105.582 0.0718126 20.5
    endloop
  endfacet
  facet normal 0.289844 -0.957074 0
    outer loop
      vertex 106.143 0.241708 20.5
      vertex 105.582 0.0718126 2.70595
      vertex 106.143 0.241708 2.70595
    endloop
  endfacet
  facet normal -0.20576 -0.678293 -0.705395
    outer loop
      vertex 2.54758 0.725529 1.09682
      vertex 2.11255 0.857495 1.09682
      vertex 2.27168 1.24169 0.680969
    endloop
  endfacet
  facet normal -0.20575 -0.678291 -0.705399
    outer loop
      vertex 2.54758 0.725529 1.09682
      vertex 2.27168 1.24169 0.680969
      vertex 2.62871 1.13339 0.680969
    endloop
  endfacet
  facet normal -0.462421 -0.865134 -0.194191
    outer loop
      vertex 1.85748 0.241708 2.70595
      vertex 1.40506 0.613 2.12915
      vertex 1.90139 0.347708 2.12915
    endloop
  endfacet
  facet normal -0.435819 -0.815366 -0.381103
    outer loop
      vertex 1.90139 0.347708 2.12915
      vertex 1.40506 0.613 2.12915
      vertex 1.98751 0.555634 1.58581
    endloop
  endfacet
  facet normal -0.0980171 -0.995185 0
    outer loop
      vertex 2.41755 0.0718126 2.70595
      vertex 3 0.0144463 20.5
      vertex 2.41755 0.0718126 20.5
    endloop
  endfacet
  facet normal -0.0980171 -0.995185 -0
    outer loop
      vertex 3 0.0144463 20.5
      vertex 2.41755 0.0718126 2.70595
      vertex 3 0.0144463 2.70595
    endloop
  endfacet
  facet normal -0.290285 -0.95694 0
    outer loop
      vertex 1.85748 0.241708 2.70595
      vertex 2.41755 0.0718126 20.5
      vertex 1.85748 0.241708 20.5
    endloop
  endfacet
  facet normal -0.290285 -0.95694 -0
    outer loop
      vertex 2.41755 0.0718126 20.5
      vertex 1.85748 0.241708 2.70595
      vertex 2.41755 0.0718126 2.70595
    endloop
  endfacet
  facet normal -0.533418 -0.161815 -0.83023
    outer loop
      vertex 1.69346 2.45881 0.354237
      vertex 1.24169 2.27168 0.680969
      vertex 1.61298 2.72411 0.354237
    endloop
  endfacet
  facet normal -0.533425 -0.161807 -0.830227
    outer loop
      vertex 1.24169 2.27168 0.680969
      vertex 1.13339 2.62871 0.680969
      vertex 1.61298 2.72411 0.354237
    endloop
  endfacet
  facet normal -0.338889 -0.181136 -0.923225
    outer loop
      vertex 1.82414 2.21432 0.354237
      vertex 1.69346 2.45881 0.354237
      vertex 2.19544 2.66674 0.129179
    endloop
  endfacet
  facet normal -0.430884 -0.353634 -0.83023
    outer loop
      vertex 2.00002 2.00002 0.354237
      vertex 1.65425 1.65425 0.680969
      vertex 1.82414 2.21432 0.354237
    endloop
  endfacet
  facet normal -0.43089 -0.353631 -0.830228
    outer loop
      vertex 1.65425 1.65425 0.680969
      vertex 1.41756 1.94265 0.680969
      vertex 1.82414 2.21432 0.354237
    endloop
  endfacet
  facet normal -0.124335 -0.15151 -0.980605
    outer loop
      vertex 2.51618 2.27591 0.129179
      vertex 2.38421 2.38421 0.129179
      vertex 2.83663 2.75551 0.0144463
    endloop
  endfacet
  facet normal -0.297044 -0.243767 -0.923224
    outer loop
      vertex 2.38421 2.38421 0.129179
      vertex 1.82414 2.21432 0.354237
      vertex 2.27591 2.51618 0.129179
    endloop
  endfacet
  facet normal -0.124353 -0.151488 -0.980606
    outer loop
      vertex 2.83663 2.75551 0.0144463
      vertex 2.38421 2.38421 0.129179
      vertex 2.79208 2.79208 0.0144463
    endloop
  endfacet
  facet normal -0.18113 -0.338896 -0.923223
    outer loop
      vertex 2.66674 2.19544 0.129179
      vertex 2.21432 1.82414 0.354237
      vertex 2.51618 2.27591 0.129179
    endloop
  endfacet
  facet normal -0.111548 -0.367716 -0.923224
    outer loop
      vertex 2.72411 1.61298 0.354237
      vertex 2.45881 1.69346 0.354237
      vertex 2.8301 2.14588 0.129179
    endloop
  endfacet
  facet normal -0.111556 -0.367711 -0.923225
    outer loop
      vertex 2.8301 2.14588 0.129179
      vertex 2.45881 1.69346 0.354237
      vertex 2.66674 2.19544 0.129179
    endloop
  endfacet
  facet normal 0.161988 -0.533384 -0.830218
    outer loop
      vertex 105.728 1.24169 0.680969
      vertex 105.276 1.61298 0.354237
      vertex 105.541 1.69346 0.354237
    endloop
  endfacet
  facet normal 0.18082 -0.339003 -0.923245
    outer loop
      vertex 105.541 1.69346 0.354237
      vertex 105.333 2.19544 0.129179
      vertex 105.786 1.82414 0.354237
    endloop
  endfacet
  facet normal 0.123648 -0.152151 -0.980592
    outer loop
      vertex 105.616 2.38421 0.129179
      vertex 105.163 2.75551 0.0144463
      vertex 105.208 2.79208 0.0144463
    endloop
  endfacet
  facet normal 0.124244 -0.151434 -0.980628
    outer loop
      vertex 105.484 2.27591 0.129179
      vertex 105.163 2.75551 0.0144463
      vertex 105.616 2.38421 0.129179
    endloop
  endfacet
  facet normal -0.938718 0.284783 -0.194185
    outer loop
      vertex 0.347708 46.0986 2.12915
      vertex 0.184341 45.5601 2.12915
      vertex 0.241708 46.1425 2.70595
    endloop
  endfacet
  facet normal -0.938713 0.284791 -0.194194
    outer loop
      vertex 0.184341 45.5601 2.12915
      vertex 0.0718126 45.5825 2.70595
      vertex 0.241708 46.1425 2.70595
    endloop
  endfacet
  facet normal -0.634398 0.773007 0
    outer loop
      vertex 1.34132 47.4824 2.70595
      vertex 0.888895 47.1111 20.5
      vertex 1.34132 47.4824 20.5
    endloop
  endfacet
  facet normal -0.634398 0.773007 0
    outer loop
      vertex 0.888895 47.1111 20.5
      vertex 1.34132 47.4824 2.70595
      vertex 0.888895 47.1111 2.70595
    endloop
  endfacet
  facet normal -0.622326 0.758298 -0.194151
    outer loop
      vertex 0.970023 47.03 2.12915
      vertex 0.888895 47.1111 2.70595
      vertex 1.34132 47.4824 2.70595
    endloop
  endfacet
  facet normal 0.449234 0.548303 -0.705374
    outer loop
      vertex 106.346 46.3457 0.680969
      vertex 106.288 46.9282 1.09682
      vertex 106.64 46.6398 1.09682
    endloop
  endfacet
  facet normal 0.334192 0.625067 -0.705413
    outer loop
      vertex 106.057 46.5824 0.680969
      vertex 105.728 46.7583 0.680969
      vertex 106.288 46.9282 1.09682
    endloop
  endfacet
  facet normal 0.0694456 0.70538 -0.70542
    outer loop
      vertex 105.371 46.8666 0.680969
      vertex 105 47.319 1.09682
      vertex 105.452 47.2745 1.09682
    endloop
  endfacet
  facet normal 0.0815888 0.828722 -0.553681
    outer loop
      vertex 105.452 47.2745 1.09682
      vertex 105 47.319 1.09682
      vertex 105.516 47.5949 1.58581
    endloop
  endfacet
  facet normal 0.353421 0.431511 -0.829995
    outer loop
      vertex 106.346 46.3457 0.680969
      vertex 105.786 46.1759 0.354237
      vertex 106.057 46.5824 0.680969
    endloop
  endfacet
  facet normal 0.64408 0.527874 -0.553634
    outer loop
      vertex 106.928 46.2884 1.09682
      vertex 106.64 46.6398 1.09682
      vertex 106.871 46.8708 1.58581
    endloop
  endfacet
  facet normal 0.58654 0.714685 -0.381046
    outer loop
      vertex 106.871 46.8708 1.58581
      vertex 106.47 47.1999 1.58581
      vertex 107.03 47.03 2.12915
    endloop
  endfacet
  facet normal 0.714713 0.586532 -0.381005
    outer loop
      vertex 107.2 46.4699 1.58581
      vertex 106.871 46.8708 1.58581
      vertex 107.03 47.03 2.12915
    endloop
  endfacet
  facet normal 0.884293 0.269311 -0.38144
    outer loop
      vertex 107.816 45.5601 2.12915
      vertex 107.595 45.5162 1.58581
      vertex 107.652 46.0986 2.12915
    endloop
  endfacet
  facet normal 0.81552 0.435448 -0.381198
    outer loop
      vertex 107.444 46.0125 1.58581
      vertex 107.387 46.5949 2.12915
      vertex 107.652 46.0986 2.12915
    endloop
  endfacet
  facet normal 0.0937829 0.172395 -0.980553
    outer loop
      vertex 105.163 45.2445 0.0144463
      vertex 105.113 45.2717 0.0144463
      vertex 105.333 45.8046 0.129179
    endloop
  endfacet
  facet normal 0.430674 0.353704 -0.830309
    outer loop
      vertex 106.176 45.7857 0.354237
      vertex 106 46 0.354237
      vertex 106.346 46.3457 0.680969
    endloop
  endfacet
  facet normal 0.151601 0.124037 -0.980628
    outer loop
      vertex 105.724 45.4838 0.129179
      vertex 105.244 45.1634 0.0144463
      vertex 105.616 45.6158 0.129179
    endloop
  endfacet
  facet normal 0.0377889 0.382388 -0.923229
    outer loop
      vertex 105.17 45.8541 0.129179
      vertex 105 45.8709 0.129179
      vertex 105.276 46.387 0.354237
    endloop
  endfacet
  facet normal 0.382242 0.0382467 -0.92327
    outer loop
      vertex 105.871 45 0.129179
      vertex 105.854 45.1699 0.129179
      vertex 106.387 45.2759 0.354237
    endloop
  endfacet
  facet normal 0.244033 0.296891 -0.923203
    outer loop
      vertex 106 46 0.354237
      vertex 105.616 45.6158 0.129179
      vertex 105.786 46.1759 0.354237
    endloop
  endfacet
  facet normal 0.35389 0.430543 -0.830298
    outer loop
      vertex 106 46 0.354237
      vertex 105.786 46.1759 0.354237
      vertex 106.346 46.3457 0.680969
    endloop
  endfacet
  facet normal 0.368147 -0.110426 -0.923187
    outer loop
      vertex 106.307 2.45881 0.354237
      vertex 105.805 2.66674 0.129179
      vertex 105.854 2.8301 0.129179
    endloop
  endfacet
  facet normal 0.367794 -0.110907 -0.92327
    outer loop
      vertex 106.307 2.45881 0.354237
      vertex 105.854 2.8301 0.129179
      vertex 106.387 2.72411 0.354237
    endloop
  endfacet
  facet normal 0.706026 0.0702281 -0.704695
    outer loop
      vertex 107.319 45 1.09682
      vertex 106.867 45.3713 0.680969
      vertex 107.274 45.4524 1.09682
    endloop
  endfacet
  facet normal 0.705325 0.0683859 -0.705578
    outer loop
      vertex 106.903 45 0.680969
      vertex 106.867 45.3713 0.680969
      vertex 107.319 45 1.09682
    endloop
  endfacet
  facet normal -0.195057 0.0191998 -0.980604
    outer loop
      vertex 2.70595 45 0.0144463
      vertex 2.14588 45.1699 0.129179
      vertex 2.7116 45.0574 0.0144463
    endloop
  endfacet
  facet normal -0.262827 0.491632 -0.830193
    outer loop
      vertex 2.21432 46.1759 0.354237
      vertex 1.94265 46.5824 0.680969
      vertex 2.27168 46.7583 0.680969
    endloop
  endfacet
  facet normal -0.367725 0.111533 -0.923222
    outer loop
      vertex 2.14588 45.1699 0.129179
      vertex 1.69346 45.5412 0.354237
      vertex 2.19544 45.3333 0.129179
    endloop
  endfacet
  facet normal -0.49162 0.26272 -0.830234
    outer loop
      vertex 1.82414 45.7857 0.354237
      vertex 1.24169 45.7283 0.680969
      vertex 1.41756 46.0574 0.680969
    endloop
  endfacet
  facet normal -0.678287 0.205725 -0.705411
    outer loop
      vertex 1.24169 45.7283 0.680969
      vertex 0.725529 45.4524 1.09682
      vertex 0.857495 45.8875 1.09682
    endloop
  endfacet
  facet normal -0.0192873 0.195054 -0.980603
    outer loop
      vertex 3 45.2941 0.0144463
      vertex 2.8301 45.8541 0.129179
      vertex 3 45.8709 0.129179
    endloop
  endfacet
  facet normal -0.430911 0.353656 -0.830207
    outer loop
      vertex 1.82414 45.7857 0.354237
      vertex 1.65425 46.3457 0.680969
      vertex 2.00002 46 0.354237
    endloop
  endfacet
  facet normal -0.815366 0.435838 -0.381083
    outer loop
      vertex 0.800128 46.4699 1.58581
      vertex 0.555634 46.0125 1.58581
      vertex 0.613 46.5949 2.12915
    endloop
  endfacet
  facet normal -0.714726 0.586471 -0.381076
    outer loop
      vertex 0.800128 46.4699 1.58581
      vertex 0.613 46.5949 2.12915
      vertex 0.970023 47.03 2.12915
    endloop
  endfacet
  facet normal -0.82869 0.0816234 -0.553724
    outer loop
      vertex 0.680969 45 1.09682
      vertex 0.405074 45.5162 1.58581
      vertex 0.725529 45.4524 1.09682
    endloop
  endfacet
  facet normal -0.796833 0.241731 -0.553736
    outer loop
      vertex 0.725529 45.4524 1.09682
      vertex 0.405074 45.5162 1.58581
      vertex 0.555634 46.0125 1.58581
    endloop
  endfacet
  facet normal -0.124405 0.151427 -0.980609
    outer loop
      vertex 2.79208 45.2079 0.0144463
      vertex 2.38421 45.6158 0.129179
      vertex 2.83663 45.2445 0.0144463
    endloop
  endfacet
  facet normal -0.678293 -0.20576 -0.705395
    outer loop
      vertex 0.857495 2.11255 1.09682
      vertex 0.725529 2.54758 1.09682
      vertex 1.24169 2.27168 0.680969
    endloop
  endfacet
  facet normal -0.625118 -0.334138 -0.705393
    outer loop
      vertex 1.0718 1.71162 1.09682
      vertex 0.857495 2.11255 1.09682
      vertex 1.24169 2.27168 0.680969
    endloop
  endfacet
  facet normal -0.884719 -0.268381 -0.381108
    outer loop
      vertex 0.347708 1.90139 2.12915
      vertex 0.184341 2.43993 2.12915
      vertex 0.405074 2.48384 1.58581
    endloop
  endfacet
  facet normal -0.920079 -0.0906197 -0.381107
    outer loop
      vertex 0.184341 2.43993 2.12915
      vertex 0.129179 3 2.12915
      vertex 0.405074 2.48384 1.58581
    endloop
  endfacet
  facet normal -0.268381 -0.884719 -0.381108
    outer loop
      vertex 2.43993 0.184341 2.12915
      vertex 1.90139 0.347708 2.12915
      vertex 2.48384 0.405074 1.58581
    endloop
  endfacet
  facet normal -0.268377 -0.884722 -0.381105
    outer loop
      vertex 2.48384 0.405074 1.58581
      vertex 1.90139 0.347708 2.12915
      vertex 1.98751 0.555634 1.58581
    endloop
  endfacet
  facet normal -0.187558 -0.0569011 -0.980604
    outer loop
      vertex 2.19544 2.66674 0.129179
      vertex 2.14588 2.8301 0.129179
      vertex 2.72833 2.88747 0.0144463
    endloop
  endfacet
  facet normal -0.367711 -0.111556 -0.923225
    outer loop
      vertex 2.19544 2.66674 0.129179
      vertex 1.69346 2.45881 0.354237
      vertex 2.14588 2.8301 0.129179
    endloop
  endfacet
  facet normal -0.338896 -0.18113 -0.923223
    outer loop
      vertex 2.27591 2.51618 0.129179
      vertex 1.82414 2.21432 0.354237
      vertex 2.19544 2.66674 0.129179
    endloop
  endfacet
  facet normal -0.15151 -0.124335 -0.980605
    outer loop
      vertex 2.38421 2.38421 0.129179
      vertex 2.27591 2.51618 0.129179
      vertex 2.75551 2.83663 0.0144463
    endloop
  endfacet
  facet normal -0.0924087 -0.17285 -0.980604
    outer loop
      vertex 2.88747 2.72833 0.0144463
      vertex 2.66674 2.19544 0.129179
      vertex 2.83663 2.75551 0.0144463
    endloop
  endfacet
  facet normal 0.0937281 -0.172421 -0.980554
    outer loop
      vertex 105.333 2.19544 0.129179
      vertex 105.113 2.72833 0.0144463
      vertex 105.163 2.75551 0.0144463
    endloop
  endfacet
  facet normal 0.092148 -0.172914 -0.980617
    outer loop
      vertex 105.333 2.19544 0.129179
      vertex 105.163 2.75551 0.0144463
      vertex 105.484 2.27591 0.129179
    endloop
  endfacet
  facet normal 0.392472 0.734396 -0.55374
    outer loop
      vertex 106.288 46.9282 1.09682
      vertex 105.887 47.1425 1.09682
      vertex 106.012 47.4444 1.58581
    endloop
  endfacet
  facet normal 0.334108 0.625186 -0.705347
    outer loop
      vertex 106.288 46.9282 1.09682
      vertex 105.728 46.7583 0.680969
      vertex 105.887 47.1425 1.09682
    endloop
  endfacet
  facet normal 0.548237 0.449324 -0.705368
    outer loop
      vertex 106.928 46.2884 1.09682
      vertex 106.346 46.3457 0.680969
      vertex 106.64 46.6398 1.09682
    endloop
  endfacet
  facet normal 0.338734 0.18149 -0.923212
    outer loop
      vertex 106.307 45.5412 0.354237
      vertex 105.805 45.3333 0.129179
      vertex 106.176 45.7857 0.354237
    endloop
  endfacet
  facet normal 0.734404 0.393856 -0.552747
    outer loop
      vertex 107.143 45.8875 1.09682
      vertex 106.928 46.2884 1.09682
      vertex 107.444 46.0125 1.58581
    endloop
  endfacet
  facet normal 0.734527 0.391834 -0.554018
    outer loop
      vertex 107.444 46.0125 1.58581
      vertex 106.928 46.2884 1.09682
      vertex 107.2 46.4699 1.58581
    endloop
  endfacet
  facet normal 0.297014 0.243931 -0.923191
    outer loop
      vertex 106.176 45.7857 0.354237
      vertex 105.616 45.6158 0.129179
      vertex 106 46 0.354237
    endloop
  endfacet
  facet normal 0.5329 0.162706 -0.830388
    outer loop
      vertex 106.867 45.3713 0.680969
      vertex 106.387 45.2759 0.354237
      vertex 106.758 45.7283 0.680969
    endloop
  endfacet
  facet normal 0.172446 0.0928116 -0.980637
    outer loop
      vertex 105.805 45.3333 0.129179
      vertex 105.244 45.1634 0.0144463
      vertex 105.724 45.4838 0.129179
    endloop
  endfacet
  facet normal 0.187758 0.0563044 -0.9806
    outer loop
      vertex 105.854 45.1699 0.129179
      vertex 105.272 45.1125 0.0144463
      vertex 105.805 45.3333 0.129179
    endloop
  endfacet
  facet normal 0.243688 0.297016 -0.923254
    outer loop
      vertex 105.616 45.6158 0.129179
      vertex 105.484 45.7241 0.129179
      vertex 105.786 46.1759 0.354237
    endloop
  endfacet
  facet normal 0.180761 0.339068 -0.923232
    outer loop
      vertex 105.484 45.7241 0.129179
      vertex 105.333 45.8046 0.129179
      vertex 105.786 46.1759 0.354237
    endloop
  endfacet
  facet normal 0.0194988 0.194988 -0.980612
    outer loop
      vertex 105.057 45.2884 0.0144463
      vertex 105 45.2941 0.0144463
      vertex 105.17 45.8541 0.129179
    endloop
  endfacet
  facet normal 0.262205 0.491885 -0.83024
    outer loop
      vertex 105.786 46.1759 0.354237
      vertex 105.541 46.3065 0.354237
      vertex 105.728 46.7583 0.680969
    endloop
  endfacet
  facet normal 0.18075 0.33908 -0.92323
    outer loop
      vertex 105.786 46.1759 0.354237
      vertex 105.333 45.8046 0.129179
      vertex 105.541 46.3065 0.354237
    endloop
  endfacet
  facet normal 0.297271 0.243221 -0.923295
    outer loop
      vertex 105.724 45.4838 0.129179
      vertex 105.616 45.6158 0.129179
      vertex 106.176 45.7857 0.354237
    endloop
  endfacet
  facet normal 0.33817 0.182005 -0.923318
    outer loop
      vertex 105.805 45.3333 0.129179
      vertex 105.724 45.4838 0.129179
      vertex 106.176 45.7857 0.354237
    endloop
  endfacet
  facet normal -0.533424 0.161817 -0.830225
    outer loop
      vertex 1.61298 45.2759 0.354237
      vertex 1.24169 45.7283 0.680969
      vertex 1.69346 45.5412 0.354237
    endloop
  endfacet
  facet normal -0.533422 0.16182 -0.830226
    outer loop
      vertex 1.61298 45.2759 0.354237
      vertex 1.13339 45.3713 0.680969
      vertex 1.24169 45.7283 0.680969
    endloop
  endfacet
  facet normal -0.172878 0.0923146 -0.980608
    outer loop
      vertex 2.72833 45.1125 0.0144463
      vertex 2.19544 45.3333 0.129179
      vertex 2.75551 45.1634 0.0144463
    endloop
  endfacet
  facet normal -0.187556 0.0568867 -0.980605
    outer loop
      vertex 2.72833 45.1125 0.0144463
      vertex 2.14588 45.1699 0.129179
      vertex 2.19544 45.3333 0.129179
    endloop
  endfacet
  facet normal -0.449642 0.547896 -0.70543
    outer loop
      vertex 1.65425 46.3457 0.680969
      vertex 1.3602 46.6398 1.09682
      vertex 1.71162 46.9282 1.09682
    endloop
  endfacet
  facet normal -0.353672 0.430921 -0.830195
    outer loop
      vertex 2.21432 46.1759 0.354237
      vertex 1.65425 46.3457 0.680969
      vertex 1.94265 46.5824 0.680969
    endloop
  endfacet
  facet normal -0.111574 0.36771 -0.923223
    outer loop
      vertex 2.8301 45.8541 0.129179
      vertex 2.45881 46.3065 0.354237
      vertex 2.72411 46.387 0.354237
    endloop
  endfacet
  facet normal -0.0378108 0.382384 -0.923229
    outer loop
      vertex 2.8301 45.8541 0.129179
      vertex 2.72411 46.387 0.354237
      vertex 3 45.8709 0.129179
    endloop
  endfacet
  facet normal -0.195054 -0.0192096 -0.980604
    outer loop
      vertex 2.7116 2.94263 0.0144463
      vertex 2.14588 2.8301 0.129179
      vertex 2.70595 3 0.0144463
    endloop
  endfacet
  facet normal 0 0 -1
    outer loop
      vertex 105 2.70595 0.0144463
      vertex 105.294 3 0.0144463
      vertex 105.288 2.94263 0.0144463
    endloop
  endfacet
  facet normal -0 0 -1
    outer loop
      vertex 105.294 3 0.0144463
      vertex 105 2.70595 0.0144463
      vertex 105.294 45 0.0144463
    endloop
  endfacet
  facet normal 0 0 -1
    outer loop
      vertex 105 2.70595 0.0144463
      vertex 105.288 2.94263 0.0144463
      vertex 105.272 2.88747 0.0144463
    endloop
  endfacet
  facet normal 0 0 -1
    outer loop
      vertex 105 45.2941 0.0144463
      vertex 105.294 45 0.0144463
      vertex 105 2.70595 0.0144463
    endloop
  endfacet
  facet normal 0 0 -1
    outer loop
      vertex 105 2.70595 0.0144463
      vertex 105.272 2.88747 0.0144463
      vertex 105.244 2.83663 0.0144463
    endloop
  endfacet
  facet normal 0 0 -1
    outer loop
      vertex 105.294 45 0.0144463
      vertex 105 45.2941 0.0144463
      vertex 105.288 45.0574 0.0144463
    endloop
  endfacet
  facet normal 0 0 -1
    outer loop
      vertex 105 2.70595 0.0144463
      vertex 105.244 2.83663 0.0144463
      vertex 105.208 2.79208 0.0144463
    endloop
  endfacet
  facet normal 0 0 -1
    outer loop
      vertex 105.288 45.0574 0.0144463
      vertex 105 45.2941 0.0144463
      vertex 105.272 45.1125 0.0144463
    endloop
  endfacet
  facet normal 0 0 -1
    outer loop
      vertex 105 2.70595 0.0144463
      vertex 105.208 2.79208 0.0144463
      vertex 105.163 2.75551 0.0144463
    endloop
  endfacet
  facet normal 0 0 -1
    outer loop
      vertex 105.272 45.1125 0.0144463
      vertex 105 45.2941 0.0144463
      vertex 105.244 45.1634 0.0144463
    endloop
  endfacet
  facet normal 0 0 -1
    outer loop
      vertex 105 2.70595 0.0144463
      vertex 105.163 2.75551 0.0144463
      vertex 105.113 2.72833 0.0144463
    endloop
  endfacet
  facet normal 0 0 -1
    outer loop
      vertex 105.244 45.1634 0.0144463
      vertex 105 45.2941 0.0144463
      vertex 105.208 45.2079 0.0144463
    endloop
  endfacet
  facet normal 0 0 -1
    outer loop
      vertex 105 2.70595 0.0144463
      vertex 105.113 2.72833 0.0144463
      vertex 105.057 2.7116 0.0144463
    endloop
  endfacet
  facet normal 0 0 -1
    outer loop
      vertex 105.208 45.2079 0.0144463
      vertex 105 45.2941 0.0144463
      vertex 105.163 45.2445 0.0144463
    endloop
  endfacet
  facet normal 0 0 -1
    outer loop
      vertex 105.163 45.2445 0.0144463
      vertex 105 45.2941 0.0144463
      vertex 105.113 45.2717 0.0144463
    endloop
  endfacet
  facet normal 0 0 -1
    outer loop
      vertex 105.113 45.2717 0.0144463
      vertex 105 45.2941 0.0144463
      vertex 105.057 45.2884 0.0144463
    endloop
  endfacet
  facet normal 0 0 -1
    outer loop
      vertex 3 2.70595 0.0144463
      vertex 105 45.2941 0.0144463
      vertex 105 2.70595 0.0144463
    endloop
  endfacet
  facet normal 0 0 -1
    outer loop
      vertex 3 2.70595 0.0144463
      vertex 3 45.2941 0.0144463
      vertex 105 45.2941 0.0144463
    endloop
  endfacet
  facet normal 0 0 -1
    outer loop
      vertex 2.70595 3 0.0144463
      vertex 3 2.70595 0.0144463
      vertex 2.94263 2.7116 0.0144463
    endloop
  endfacet
  facet normal 0 0 -1
    outer loop
      vertex 3 2.70595 0.0144463
      vertex 2.70595 3 0.0144463
      vertex 3 45.2941 0.0144463
    endloop
  endfacet
  facet normal 0 0 -1
    outer loop
      vertex 2.70595 3 0.0144463
      vertex 2.94263 2.7116 0.0144463
      vertex 2.88747 2.72833 0.0144463
    endloop
  endfacet
  facet normal 0 0 -1
    outer loop
      vertex 2.70595 45 0.0144463
      vertex 3 45.2941 0.0144463
      vertex 2.70595 3 0.0144463
    endloop
  endfacet
  facet normal 0 0 -1
    outer loop
      vertex 2.70595 3 0.0144463
      vertex 2.88747 2.72833 0.0144463
      vertex 2.83663 2.75551 0.0144463
    endloop
  endfacet
  facet normal 0 0 -1
    outer loop
      vertex 3 45.2941 0.0144463
      vertex 2.70595 45 0.0144463
      vertex 2.94263 45.2884 0.0144463
    endloop
  endfacet
  facet normal 0 0 -1
    outer loop
      vertex 2.70595 3 0.0144463
      vertex 2.83663 2.75551 0.0144463
      vertex 2.79208 2.79208 0.0144463
    endloop
  endfacet
  facet normal 0 0 -1
    outer loop
      vertex 2.94263 45.2884 0.0144463
      vertex 2.70595 45 0.0144463
      vertex 2.88747 45.2717 0.0144463
    endloop
  endfacet
  facet normal 0 0 -1
    outer loop
      vertex 2.70595 3 0.0144463
      vertex 2.79208 2.79208 0.0144463
      vertex 2.75551 2.83663 0.0144463
    endloop
  endfacet
  facet normal 0 0 -1
    outer loop
      vertex 2.88747 45.2717 0.0144463
      vertex 2.70595 45 0.0144463
      vertex 2.83663 45.2445 0.0144463
    endloop
  endfacet
  facet normal 0 0 -1
    outer loop
      vertex 2.70595 3 0.0144463
      vertex 2.75551 2.83663 0.0144463
      vertex 2.72833 2.88747 0.0144463
    endloop
  endfacet
  facet normal 0 0 -1
    outer loop
      vertex 2.83663 45.2445 0.0144463
      vertex 2.70595 45 0.0144463
      vertex 2.79208 45.2079 0.0144463
    endloop
  endfacet
  facet normal 0 0 -1
    outer loop
      vertex 2.70595 3 0.0144463
      vertex 2.72833 2.88747 0.0144463
      vertex 2.7116 2.94263 0.0144463
    endloop
  endfacet
  facet normal 0 0 -1
    outer loop
      vertex 2.79208 45.2079 0.0144463
      vertex 2.70595 45 0.0144463
      vertex 2.75551 45.1634 0.0144463
    endloop
  endfacet
  facet normal 0 0 -1
    outer loop
      vertex 2.75551 45.1634 0.0144463
      vertex 2.70595 45 0.0144463
      vertex 2.72833 45.1125 0.0144463
    endloop
  endfacet
  facet normal 0 0 -1
    outer loop
      vertex 2.72833 45.1125 0.0144463
      vertex 2.70595 45 0.0144463
      vertex 2.7116 45.0574 0.0144463
    endloop
  endfacet
  facet normal -0.172857 -0.0923869 -0.980605
    outer loop
      vertex 2.27591 2.51618 0.129179
      vertex 2.19544 2.66674 0.129179
      vertex 2.75551 2.83663 0.0144463
    endloop
  endfacet
  facet normal -0.17285 -0.0924087 -0.980604
    outer loop
      vertex 2.75551 2.83663 0.0144463
      vertex 2.19544 2.66674 0.129179
      vertex 2.72833 2.88747 0.0144463
    endloop
  endfacet
  facet normal 0.0191957 -0.195054 -0.980605
    outer loop
      vertex 105.17 2.14588 0.129179
      vertex 105 2.12915 0.129179
      vertex 105 2.70595 0.0144463
    endloop
  endfacet
  facet normal 0.0193304 -0.195015 -0.98061
    outer loop
      vertex 105.17 2.14588 0.129179
      vertex 105 2.70595 0.0144463
      vertex 105.057 2.7116 0.0144463
    endloop
  endfacet
  facet normal 0.548342 0.448868 -0.705577
    outer loop
      vertex 106.582 46.0574 0.680969
      vertex 106.346 46.3457 0.680969
      vertex 106.928 46.2884 1.09682
    endloop
  endfacet
  facet normal 0.624894 0.334188 -0.705567
    outer loop
      vertex 106.758 45.7283 0.680969
      vertex 106.582 46.0574 0.680969
      vertex 106.928 46.2884 1.09682
    endloop
  endfacet
  facet normal 0.187941 0.0545745 -0.980663
    outer loop
      vertex 105.288 45.0574 0.0144463
      vertex 105.272 45.1125 0.0144463
      vertex 105.854 45.1699 0.129179
    endloop
  endfacet
  facet normal 0.194738 0.0203559 -0.980644
    outer loop
      vertex 105.294 45 0.0144463
      vertex 105.288 45.0574 0.0144463
      vertex 105.854 45.1699 0.129179
    endloop
  endfacet
  facet normal 0.0921734 0.172897 -0.980618
    outer loop
      vertex 105.484 45.7241 0.129179
      vertex 105.163 45.2445 0.0144463
      vertex 105.333 45.8046 0.129179
    endloop
  endfacet
  facet normal 0.124244 0.151434 -0.980628
    outer loop
      vertex 105.616 45.6158 0.129179
      vertex 105.163 45.2445 0.0144463
      vertex 105.484 45.7241 0.129179
    endloop
  endfacet
  facet normal 0.111692 0.367683 -0.923219
    outer loop
      vertex 105.541 46.3065 0.354237
      vertex 105.17 45.8541 0.129179
      vertex 105.276 46.387 0.354237
    endloop
  endfacet
  facet normal 0.162017 0.533349 -0.830235
    outer loop
      vertex 105.541 46.3065 0.354237
      vertex 105.276 46.387 0.354237
      vertex 105.728 46.7583 0.680969
    endloop
  endfacet
  facet normal 0.55448 0.0542622 -0.830426
    outer loop
      vertex 106.414 45 0.354237
      vertex 106.387 45.2759 0.354237
      vertex 106.867 45.3713 0.680969
    endloop
  endfacet
  facet normal 0.382618 0.0374436 -0.923147
    outer loop
      vertex 106.414 45 0.354237
      vertex 105.871 45 0.129179
      vertex 106.387 45.2759 0.354237
    endloop
  endfacet
  facet normal -0.297057 0.243721 -0.923232
    outer loop
      vertex 2.27591 45.4838 0.129179
      vertex 1.82414 45.7857 0.354237
      vertex 2.38421 45.6158 0.129179
    endloop
  endfacet
  facet normal -0.15153 0.124324 -0.980603
    outer loop
      vertex 2.75551 45.1634 0.0144463
      vertex 2.27591 45.4838 0.129179
      vertex 2.38421 45.6158 0.129179
    endloop
  endfacet
  facet normal -0.449672 0.54789 -0.705416
    outer loop
      vertex 1.94265 46.5824 0.680969
      vertex 1.65425 46.3457 0.680969
      vertex 1.71162 46.9282 1.09682
    endloop
  endfacet
  facet normal -0.334164 0.62507 -0.705423
    outer loop
      vertex 1.94265 46.5824 0.680969
      vertex 1.71162 46.9282 1.09682
      vertex 2.27168 46.7583 0.680969
    endloop
  endfacet
  facet normal -0.625084 0.334145 -0.70542
    outer loop
      vertex 1.24169 45.7283 0.680969
      vertex 0.857495 45.8875 1.09682
      vertex 1.0718 46.2884 1.09682
    endloop
  endfacet
  facet normal -0.734378 0.392569 -0.553695
    outer loop
      vertex 0.857495 45.8875 1.09682
      vertex 0.555634 46.0125 1.58581
      vertex 1.0718 46.2884 1.09682
    endloop
  endfacet
  facet normal -0.111449 0.367803 -0.923201
    outer loop
      vertex 2.66674 45.8046 0.129179
      vertex 2.45881 46.3065 0.354237
      vertex 2.8301 45.8541 0.129179
    endloop
  endfacet
  facet normal -0.0568389 0.18758 -0.980603
    outer loop
      vertex 2.88747 45.2717 0.0144463
      vertex 2.66674 45.8046 0.129179
      vertex 2.8301 45.8541 0.129179
    endloop
  endfacet
  facet normal 0.431561 0.353273 -0.830032
    outer loop
      vertex 106.582 46.0574 0.680969
      vertex 106.176 45.7857 0.354237
      vertex 106.346 46.3457 0.680969
    endloop
  endfacet
  facet normal 0.491885 0.263056 -0.82997
    outer loop
      vertex 106.758 45.7283 0.680969
      vertex 106.176 45.7857 0.354237
      vertex 106.582 46.0574 0.680969
    endloop
  endfacet
  facet normal 0.152449 0.12333 -0.980586
    outer loop
      vertex 105.244 45.1634 0.0144463
      vertex 105.208 45.2079 0.0144463
      vertex 105.616 45.6158 0.129179
    endloop
  endfacet
  facet normal 0.0559764 0.187705 -0.980629
    outer loop
      vertex 105.113 45.2717 0.0144463
      vertex 105.057 45.2884 0.0144463
      vertex 105.17 45.8541 0.129179
    endloop
  endfacet
  facet normal 0.0569707 0.187601 -0.980592
    outer loop
      vertex 105.333 45.8046 0.129179
      vertex 105.113 45.2717 0.0144463
      vertex 105.17 45.8541 0.129179
    endloop
  endfacet
  facet normal -0.243797 0.297019 -0.923224
    outer loop
      vertex 2.38421 45.6158 0.129179
      vertex 2.00002 46 0.354237
      vertex 2.21432 46.1759 0.354237
    endloop
  endfacet
  facet normal -0.297035 0.243782 -0.923223
    outer loop
      vertex 2.38421 45.6158 0.129179
      vertex 1.82414 45.7857 0.354237
      vertex 2.00002 46 0.354237
    endloop
  endfacet
  facet normal -0.172845 0.0924177 -0.980604
    outer loop
      vertex 2.75551 45.1634 0.0144463
      vertex 2.19544 45.3333 0.129179
      vertex 2.27591 45.4838 0.129179
    endloop
  endfacet
  facet normal -0.338851 0.181178 -0.92323
    outer loop
      vertex 2.19544 45.3333 0.129179
      vertex 1.82414 45.7857 0.354237
      vertex 2.27591 45.4838 0.129179
    endloop
  endfacet
  facet normal -0.547888 0.449661 -0.705425
    outer loop
      vertex 1.65425 46.3457 0.680969
      vertex 1.0718 46.2884 1.09682
      vertex 1.3602 46.6398 1.09682
    endloop
  endfacet
  facet normal -0.643688 0.528286 -0.553696
    outer loop
      vertex 1.3602 46.6398 1.09682
      vertex 1.0718 46.2884 1.09682
      vertex 1.12916 46.8708 1.58581
    endloop
  endfacet
  facet normal -0.181173 0.338849 -0.923232
    outer loop
      vertex 2.51618 45.7241 0.129179
      vertex 2.21432 46.1759 0.354237
      vertex 2.66674 45.8046 0.129179
    endloop
  endfacet
  facet normal -0.0924123 0.17284 -0.980605
    outer loop
      vertex 2.83663 45.2445 0.0144463
      vertex 2.51618 45.7241 0.129179
      vertex 2.66674 45.8046 0.129179
    endloop
  endfacet
  facet normal 0.171901 0.0945627 -0.980565
    outer loop
      vertex 105.272 45.1125 0.0144463
      vertex 105.244 45.1634 0.0144463
      vertex 105.805 45.3333 0.129179
    endloop
  endfacet
  facet normal 0.705399 -0.0694573 0.705399
    outer loop
      vertex 3.36561 44 1.72699
      vertex 3.3778 44.1238 1.72699
      vertex 3.22699 44 1.86561
    endloop
  endfacet
  facet normal -0.554481 -0.0542427 0.830427
    outer loop
      vertex 104.471 44 1.61808
      vertex 104.622 44.1238 1.72699
      vertex 104.462 44.092 1.61808
    endloop
  endfacet
  facet normal -0.554755 0.0537901 0.830273
    outer loop
      vertex 104.622 3.87624 1.72699
      vertex 104.634 4 1.72699
      vertex 104.471 4 1.61808
    endloop
  endfacet
  facet normal -0.447263 -0.549867 0.70541
    outer loop
      vertex 104.449 44.4486 1.72699
      vertex 104.429 44.6427 1.86561
      vertex 104.352 44.5275 1.72699
    endloop
  endfacet
  facet normal -0.555559 0 0.831477
    outer loop
      vertex 104.471 44 1.61808
      vertex 104.634 4 1.72699
      vertex 104.634 44 1.72699
    endloop
  endfacet
  facet normal -0.555559 0 0.831477
    outer loop
      vertex 104.634 4 1.72699
      vertex 104.471 44 1.61808
      vertex 104.471 4 1.61808
    endloop
  endfacet
  facet normal 0.435817 -0.815326 0.381191
    outer loop
      vertex 3.51003 44.7333 2.0286
      vertex 3.6625 44.8148 2.0286
      vertex 3.46835 44.7957 2.20972
    endloop
  endfacet
  facet normal -0.644075 0.52784 0.553671
    outer loop
      vertex 104.624 3.37639 2.0286
      vertex 104.643 3.57054 1.86561
      vertex 104.547 3.4534 1.86561
    endloop
  endfacet
  facet normal 0.796872 0.241687 0.553699
    outer loop
      vertex 3.18521 3.6625 2.0286
      vertex 3.24184 3.84919 1.86561
      vertex 3.13503 3.82795 2.0286
    endloop
  endfacet
  facet normal 0.0956933 -0.976229 0.194474
    outer loop
      vertex 4 44.9569 2.20972
      vertex 4 44.9952 2.40198
      vertex 3.81331 44.9386 2.20972
    endloop
  endfacet
  facet normal -0.831249 0 0.5559
    outer loop
      vertex 104.773 4 1.86561
      vertex 104.882 44 2.0286
      vertex 104.773 44 1.86561
    endloop
  endfacet
  facet normal -0.831249 0 0.5559
    outer loop
      vertex 104.882 44 2.0286
      vertex 104.773 4 1.86561
      vertex 104.882 4 2.0286
    endloop
  endfacet
  facet normal -0.919297 0.0908344 0.382938
    outer loop
      vertex 104.939 3.81331 2.20972
      vertex 104.882 4 2.0286
      vertex 104.865 3.82795 2.0286
    endloop
  endfacet
  facet normal -0.956415 0.292012 0
    outer loop
      vertex 104.919 3.61916 2.40198
      vertex 104.976 3.80585 26.5
      vertex 104.976 3.80585 2.40198
    endloop
  endfacet
  facet normal -0.956415 0.292012 0
    outer loop
      vertex 104.976 3.80585 26.5
      vertex 104.919 3.61916 2.40198
      vertex 104.919 3.61916 26.5
    endloop
  endfacet
  facet normal 0.268422 -0.884671 0.381192
    outer loop
      vertex 3.82795 44.865 2.0286
      vertex 3.81331 44.9386 2.20972
      vertex 3.6625 44.8148 2.0286
    endloop
  endfacet
  facet normal -0.43363 -0.351592 0.829668
    outer loop
      vertex 104.527 44.3524 1.72699
      vertex 104.449 44.4486 1.72699
      vertex 104.392 44.2619 1.61808
    endloop
  endfacet
  facet normal -0.0961199 -0.976296 0.193925
    outer loop
      vertex 104.187 44.9386 2.20972
      vertex 104.194 44.9761 2.40198
      vertex 104 44.9952 2.40198
    endloop
  endfacet
  facet normal 0.0961653 0.976243 0.194172
    outer loop
      vertex 4 3.00482 2.40198
      vertex 4 3.04306 2.20972
      vertex 3.81331 3.06145 2.20972
    endloop
  endfacet
  facet normal 0.533373 -0.161882 0.830246
    outer loop
      vertex 3.53766 44.092 1.61808
      vertex 3.56449 44.1804 1.61808
      vertex 3.4139 44.2428 1.72699
    endloop
  endfacet
  facet normal -0.585391 -0.715063 0.382102
    outer loop
      vertex 104.624 44.6236 2.0286
      vertex 104.532 44.7957 2.20972
      vertex 104.49 44.7333 2.0286
    endloop
  endfacet
  facet normal -0.82816 0.0823712 0.554406
    outer loop
      vertex 104.865 3.82795 2.0286
      vertex 104.773 4 1.86561
      vertex 104.758 3.84919 1.86561
    endloop
  endfacet
  facet normal -0.151563 0.124034 0.980635
    outer loop
      vertex 104.205 3.79474 1.54306
      vertex 104.241 3.83873 1.54306
      vertex 104.081 3.94555 1.50482
    endloop
  endfacet
  facet normal -0.0980815 0.995178 0
    outer loop
      vertex 104.194 3.02394 2.40198
      vertex 104 3.00482 26.5
      vertex 104.194 3.02394 26.5
    endloop
  endfacet
  facet normal -0.0980815 0.995178 0
    outer loop
      vertex 104 3.00482 26.5
      vertex 104.194 3.02394 2.40198
      vertex 104 3.00482 2.40198
    endloop
  endfacet
  facet normal -0.881899 -0.471439 0
    outer loop
      vertex 104.919 44.3808 2.40198
      vertex 104.827 44.5529 26.5
      vertex 104.827 44.5529 2.40198
    endloop
  endfacet
  facet normal -0.881899 -0.471439 0
    outer loop
      vertex 104.827 44.5529 26.5
      vertex 104.919 44.3808 2.40198
      vertex 104.919 44.3808 26.5
    endloop
  endfacet
  facet normal 0.625205 -0.334066 0.70535
    outer loop
      vertex 3.4139 44.2428 1.72699
      vertex 3.35727 44.4295 1.86561
      vertex 3.28583 44.2958 1.86561
    endloop
  endfacet
  facet normal -0.123638 0.152138 0.980596
    outer loop
      vertex 104.205 3.79474 1.54306
      vertex 104.069 3.93069 1.50482
      vertex 104.054 3.9185 1.50482
    endloop
  endfacet
  facet normal 0 0.980788 0.195076
    outer loop
      vertex 104 3.04306 2.20972
      vertex 4 3.00482 2.40198
      vertex 104 3.00482 2.40198
    endloop
  endfacet
  facet normal 0 0.980788 0.195076
    outer loop
      vertex 4 3.00482 2.40198
      vertex 104 3.04306 2.20972
      vertex 4 3.04306 2.20972
    endloop
  endfacet
  facet normal 0.0961407 0.97624 0.194195
    outer loop
      vertex 4 3.00482 2.40198
      vertex 3.81331 3.06145 2.20972
      vertex 3.80585 3.02394 2.40198
    endloop
  endfacet
  facet normal 1 0 0
    outer loop
      vertex 3.00482 44 26.5
      vertex 3.00482 27.5 15.5
      vertex 3.00482 44 2.40198
    endloop
  endfacet
  facet normal 1 0 0
    outer loop
      vertex 3.00482 44 26.5
      vertex 3.00482 27.4135 16.3779
      vertex 3.00482 27.5 15.5
    endloop
  endfacet
  facet normal 1 0 0
    outer loop
      vertex 3.00482 44 26.5
      vertex 3.00482 27.1575 17.2221
      vertex 3.00482 27.4135 16.3779
    endloop
  endfacet
  facet normal 1 0 0
    outer loop
      vertex 3.00482 44 26.5
      vertex 3.00482 26.7416 18.0001
      vertex 3.00482 27.1575 17.2221
    endloop
  endfacet
  facet normal 1 0 0
    outer loop
      vertex 3.00482 44 26.5
      vertex 3.00482 26.182 18.682
      vertex 3.00482 26.7416 18.0001
    endloop
  endfacet
  facet normal 1 0 0
    outer loop
      vertex 3.00482 44 26.5
      vertex 3.00482 25.5001 19.2416
      vertex 3.00482 26.182 18.682
    endloop
  endfacet
  facet normal 1 0 0
    outer loop
      vertex 3.00482 44 26.5
      vertex 3.00482 24.7221 19.6575
      vertex 3.00482 25.5001 19.2416
    endloop
  endfacet
  facet normal 1 0 0
    outer loop
      vertex 3.00482 44 26.5
      vertex 3.00482 23.8779 19.9135
      vertex 3.00482 24.7221 19.6575
    endloop
  endfacet
  facet normal 1 0 0
    outer loop
      vertex 3.00482 44 26.5
      vertex 3.00482 23 20
      vertex 3.00482 23.8779 19.9135
    endloop
  endfacet
  facet normal 1 -0 0
    outer loop
      vertex 3.00482 4 26.5
      vertex 3.00482 23 20
      vertex 3.00482 44 26.5
    endloop
  endfacet
  facet normal 1 0 0
    outer loop
      vertex 3.00482 18.5865 16.3779
      vertex 3.00482 4 26.5
      vertex 3.00482 18.5 15.5
    endloop
  endfacet
  facet normal 1 0 0
    outer loop
      vertex 3.00482 18.8425 17.2221
      vertex 3.00482 4 26.5
      vertex 3.00482 18.5865 16.3779
    endloop
  endfacet
  facet normal 1 0 0
    outer loop
      vertex 3.00482 19.2584 18.0001
      vertex 3.00482 4 26.5
      vertex 3.00482 18.8425 17.2221
    endloop
  endfacet
  facet normal 1 0 0
    outer loop
      vertex 3.00482 19.818 18.682
      vertex 3.00482 4 26.5
      vertex 3.00482 19.2584 18.0001
    endloop
  endfacet
  facet normal 1 0 0
    outer loop
      vertex 3.00482 20.4999 19.2416
      vertex 3.00482 4 26.5
      vertex 3.00482 19.818 18.682
    endloop
  endfacet
  facet normal 1 0 0
    outer loop
      vertex 3.00482 21.2779 19.6575
      vertex 3.00482 4 26.5
      vertex 3.00482 20.4999 19.2416
    endloop
  endfacet
  facet normal 1 0 0
    outer loop
      vertex 3.00482 22.1221 19.9135
      vertex 3.00482 4 26.5
      vertex 3.00482 21.2779 19.6575
    endloop
  endfacet
  facet normal 1 0 0
    outer loop
      vertex 3.00482 23 20
      vertex 3.00482 4 26.5
      vertex 3.00482 22.1221 19.9135
    endloop
  endfacet
  facet normal 1 -0 0
    outer loop
      vertex 3.00482 27.4135 14.6221
      vertex 3.00482 44 2.40198
      vertex 3.00482 27.5 15.5
    endloop
  endfacet
  facet normal 1 -0 0
    outer loop
      vertex 3.00482 27.1575 13.7779
      vertex 3.00482 44 2.40198
      vertex 3.00482 27.4135 14.6221
    endloop
  endfacet
  facet normal 1 -0 0
    outer loop
      vertex 3.00482 26.7416 12.9999
      vertex 3.00482 44 2.40198
      vertex 3.00482 27.1575 13.7779
    endloop
  endfacet
  facet normal 1 -0 0
    outer loop
      vertex 3.00482 26.182 12.318
      vertex 3.00482 44 2.40198
      vertex 3.00482 26.7416 12.9999
    endloop
  endfacet
  facet normal 1 -0 0
    outer loop
      vertex 3.00482 25.5001 11.7584
      vertex 3.00482 44 2.40198
      vertex 3.00482 26.182 12.318
    endloop
  endfacet
  facet normal 1 -0 0
    outer loop
      vertex 3.00482 24.7221 11.3425
      vertex 3.00482 44 2.40198
      vertex 3.00482 25.5001 11.7584
    endloop
  endfacet
  facet normal 1 -0 0
    outer loop
      vertex 3.00482 23.8779 11.0865
      vertex 3.00482 44 2.40198
      vertex 3.00482 24.7221 11.3425
    endloop
  endfacet
  facet normal 1 -0 0
    outer loop
      vertex 3.00482 23 11
      vertex 3.00482 44 2.40198
      vertex 3.00482 23.8779 11.0865
    endloop
  endfacet
  facet normal 1 0 0
    outer loop
      vertex 3.00482 4 2.40198
      vertex 3.00482 23 11
      vertex 3.00482 22.1221 11.0865
    endloop
  endfacet
  facet normal 1 0 0
    outer loop
      vertex 3.00482 4 2.40198
      vertex 3.00482 22.1221 11.0865
      vertex 3.00482 21.2779 11.3425
    endloop
  endfacet
  facet normal 1 0 0
    outer loop
      vertex 3.00482 4 2.40198
      vertex 3.00482 18.5 15.5
      vertex 3.00482 4 26.5
    endloop
  endfacet
  facet normal 1 0 0
    outer loop
      vertex 3.00482 18.5 15.5
      vertex 3.00482 4 2.40198
      vertex 3.00482 18.5865 14.6221
    endloop
  endfacet
  facet normal 1 0 0
    outer loop
      vertex 3.00482 18.5865 14.6221
      vertex 3.00482 4 2.40198
      vertex 3.00482 18.8425 13.7779
    endloop
  endfacet
  facet normal 1 0 0
    outer loop
      vertex 3.00482 18.8425 13.7779
      vertex 3.00482 4 2.40198
      vertex 3.00482 19.2584 12.9999
    endloop
  endfacet
  facet normal 1 0 0
    outer loop
      vertex 3.00482 23 11
      vertex 3.00482 4 2.40198
      vertex 3.00482 44 2.40198
    endloop
  endfacet
  facet normal 1 0 0
    outer loop
      vertex 3.00482 20.4999 11.7584
      vertex 3.00482 4 2.40198
      vertex 3.00482 21.2779 11.3425
    endloop
  endfacet
  facet normal 1 0 0
    outer loop
      vertex 3.00482 19.818 12.318
      vertex 3.00482 4 2.40198
      vertex 3.00482 20.4999 11.7584
    endloop
  endfacet
  facet normal 1 0 0
    outer loop
      vertex 3.00482 19.2584 12.9999
      vertex 3.00482 4 2.40198
      vertex 3.00482 19.818 12.318
    endloop
  endfacet
  facet normal 0.392497 -0.734282 0.553874
    outer loop
      vertex 3.57054 44.6427 1.86561
      vertex 3.6625 44.8148 2.0286
      vertex 3.51003 44.7333 2.0286
    endloop
  endfacet
  facet normal 0.995186 0.0980064 0
    outer loop
      vertex 3.02394 3.80585 26.5
      vertex 3.00482 4 2.40198
      vertex 3.00482 4 26.5
    endloop
  endfacet
  facet normal 0.995186 0.0980064 0
    outer loop
      vertex 3.00482 4 2.40198
      vertex 3.02394 3.80585 26.5
      vertex 3.02394 3.80585 2.40198
    endloop
  endfacet
  facet normal 0.290605 -0.956843 0
    outer loop
      vertex 3.61916 44.9194 2.40198
      vertex 3.80585 44.9761 26.5
      vertex 3.61916 44.9194 26.5
    endloop
  endfacet
  facet normal 0.290605 -0.956843 0
    outer loop
      vertex 3.80585 44.9761 26.5
      vertex 3.61916 44.9194 2.40198
      vertex 3.80585 44.9761 2.40198
    endloop
  endfacet
  facet normal 0.554753 -0.0546239 0.83022
    outer loop
      vertex 3.5286 44 1.61808
      vertex 3.3778 44.1238 1.72699
      vertex 3.36561 44 1.72699
    endloop
  endfacet
  facet normal 0.262668 -0.491629 0.830245
    outer loop
      vertex 3.8196 44.4355 1.61808
      vertex 3.75723 44.5861 1.72699
      vertex 3.64755 44.5275 1.72699
    endloop
  endfacet
  facet normal 0 -1 0
    outer loop
      vertex 81 44.9952 20
      vertex 86 44.9952 23
      vertex 81 44.9952 23
    endloop
  endfacet
  facet normal 0 -1 -0
    outer loop
      vertex 86 44.9952 23
      vertex 81 44.9952 20
      vertex 86 44.9952 20
    endloop
  endfacet
  facet normal 0 -1 0
    outer loop
      vertex 64 44.9952 20
      vertex 69 44.9952 23
      vertex 64 44.9952 23
    endloop
  endfacet
  facet normal 0 -1 -0
    outer loop
      vertex 69 44.9952 23
      vertex 64 44.9952 20
      vertex 69 44.9952 20
    endloop
  endfacet
  facet normal 0 -1 0
    outer loop
      vertex 4 44.9952 26.5
      vertex 52 44.9952 23
      vertex 104 44.9952 26.5
    endloop
  endfacet
  facet normal 0 -1 0
    outer loop
      vertex 4 44.9952 26.5
      vertex 52 44.9952 20
      vertex 52 44.9952 23
    endloop
  endfacet
  facet normal 0 -1 0
    outer loop
      vertex 104 44.9952 2.40198
      vertex 64 44.9952 20
      vertex 52 44.9952 20
    endloop
  endfacet
  facet normal 0 -1 0
    outer loop
      vertex 64 44.9952 20
      vertex 104 44.9952 2.40198
      vertex 69 44.9952 20
    endloop
  endfacet
  facet normal 0 -1 0
    outer loop
      vertex 69 44.9952 20
      vertex 104 44.9952 2.40198
      vertex 81 44.9952 20
    endloop
  endfacet
  facet normal 0 -1 0
    outer loop
      vertex 81 44.9952 20
      vertex 104 44.9952 2.40198
      vertex 86 44.9952 20
    endloop
  endfacet
  facet normal 0 -1 0
    outer loop
      vertex 104 44.9952 2.40198
      vertex 52 44.9952 20
      vertex 4 44.9952 2.40198
    endloop
  endfacet
  facet normal 0 -1 0
    outer loop
      vertex 4 44.9952 2.40198
      vertex 52 44.9952 20
      vertex 4 44.9952 26.5
    endloop
  endfacet
  facet normal 0 -1 0
    outer loop
      vertex 64 44.9952 23
      vertex 104 44.9952 26.5
      vertex 52 44.9952 23
    endloop
  endfacet
  facet normal 0 -1 0
    outer loop
      vertex 69 44.9952 23
      vertex 104 44.9952 26.5
      vertex 64 44.9952 23
    endloop
  endfacet
  facet normal 0 -1 0
    outer loop
      vertex 81 44.9952 23
      vertex 104 44.9952 26.5
      vertex 69 44.9952 23
    endloop
  endfacet
  facet normal 0 -1 0
    outer loop
      vertex 86 44.9952 23
      vertex 104 44.9952 26.5
      vertex 81 44.9952 23
    endloop
  endfacet
  facet normal 0 -1 0
    outer loop
      vertex 98 44.9952 23
      vertex 104 44.9952 26.5
      vertex 86 44.9952 23
    endloop
  endfacet
  facet normal 0 -1 0
    outer loop
      vertex 98 44.9952 20
      vertex 104 44.9952 26.5
      vertex 98 44.9952 23
    endloop
  endfacet
  facet normal 0 -1 0
    outer loop
      vertex 98 44.9952 20
      vertex 104 44.9952 2.40198
      vertex 104 44.9952 26.5
    endloop
  endfacet
  facet normal 0 -1 0
    outer loop
      vertex 86 44.9952 20
      vertex 104 44.9952 2.40198
      vertex 98 44.9952 20
    endloop
  endfacet
  facet normal -0.549167 -0.445271 0.707212
    outer loop
      vertex 104.527 44.3524 1.72699
      vertex 104.643 44.4295 1.86561
      vertex 104.449 44.4486 1.72699
    endloop
  endfacet
  facet normal -1 0 0
    outer loop
      vertex 104.995 27.5 7.75
      vertex 104.995 44 2.40198
      vertex 104.995 27.5 5.25
    endloop
  endfacet
  facet normal -1 0 0
    outer loop
      vertex 104.995 44 2.40198
      vertex 104.995 27.4904 5.15247
      vertex 104.995 27.5 5.25
    endloop
  endfacet
  facet normal -1 0 0
    outer loop
      vertex 104.995 44 2.40198
      vertex 104.995 27.4619 5.05867
      vertex 104.995 27.4904 5.15247
    endloop
  endfacet
  facet normal -1 0 0
    outer loop
      vertex 104.995 44 2.40198
      vertex 104.995 27.4157 4.97223
      vertex 104.995 27.4619 5.05867
    endloop
  endfacet
  facet normal -1 0 0
    outer loop
      vertex 104.995 44 2.40198
      vertex 104.995 27.3535 4.89645
      vertex 104.995 27.4157 4.97223
    endloop
  endfacet
  facet normal -1 0 0
    outer loop
      vertex 104.995 44 2.40198
      vertex 104.995 27.2778 4.83427
      vertex 104.995 27.3535 4.89645
    endloop
  endfacet
  facet normal -1 0 0
    outer loop
      vertex 104.995 44 2.40198
      vertex 104.995 27.1913 4.78807
      vertex 104.995 27.2778 4.83427
    endloop
  endfacet
  facet normal -1 0 0
    outer loop
      vertex 104.995 44 2.40198
      vertex 104.995 27.0975 4.75961
      vertex 104.995 27.1913 4.78807
    endloop
  endfacet
  facet normal -1 0 0
    outer loop
      vertex 104.995 44 2.40198
      vertex 104.995 27 4.75
      vertex 104.995 27.0975 4.75961
    endloop
  endfacet
  facet normal -1 0 0
    outer loop
      vertex 104.995 4 2.40198
      vertex 104.995 27 4.75
      vertex 104.995 44 2.40198
    endloop
  endfacet
  facet normal -1 -0 0
    outer loop
      vertex 104.995 18.5 5.25
      vertex 104.995 4 2.40198
      vertex 104.995 18.5 7.75
    endloop
  endfacet
  facet normal -1 -0 0
    outer loop
      vertex 104.995 18.5096 5.15247
      vertex 104.995 4 2.40198
      vertex 104.995 18.5 5.25
    endloop
  endfacet
  facet normal -1 -0 0
    outer loop
      vertex 104.995 18.5381 5.05867
      vertex 104.995 4 2.40198
      vertex 104.995 18.5096 5.15247
    endloop
  endfacet
  facet normal -1 -0 0
    outer loop
      vertex 104.995 18.5843 4.97223
      vertex 104.995 4 2.40198
      vertex 104.995 18.5381 5.05867
    endloop
  endfacet
  facet normal -1 -0 0
    outer loop
      vertex 104.995 18.6465 4.89645
      vertex 104.995 4 2.40198
      vertex 104.995 18.5843 4.97223
    endloop
  endfacet
  facet normal -1 -0 0
    outer loop
      vertex 104.995 18.7222 4.83427
      vertex 104.995 4 2.40198
      vertex 104.995 18.6465 4.89645
    endloop
  endfacet
  facet normal -1 -0 0
    outer loop
      vertex 104.995 18.8087 4.78807
      vertex 104.995 4 2.40198
      vertex 104.995 18.7222 4.83427
    endloop
  endfacet
  facet normal -1 -0 0
    outer loop
      vertex 104.995 18.9025 4.75961
      vertex 104.995 4 2.40198
      vertex 104.995 18.8087 4.78807
    endloop
  endfacet
  facet normal -1 -0 0
    outer loop
      vertex 104.995 19 4.75
      vertex 104.995 4 2.40198
      vertex 104.995 18.9025 4.75961
    endloop
  endfacet
  facet normal -1 -0 0
    outer loop
      vertex 104.995 27 4.75
      vertex 104.995 4 2.40198
      vertex 104.995 19 4.75
    endloop
  endfacet
  facet normal -1 0 0
    outer loop
      vertex 104.995 27.4904 7.84753
      vertex 104.995 44 2.40198
      vertex 104.995 27.5 7.75
    endloop
  endfacet
  facet normal -1 0 0
    outer loop
      vertex 104.995 27.4619 7.94133
      vertex 104.995 44 2.40198
      vertex 104.995 27.4904 7.84753
    endloop
  endfacet
  facet normal -1 0 0
    outer loop
      vertex 104.995 27.4157 8.02777
      vertex 104.995 44 2.40198
      vertex 104.995 27.4619 7.94133
    endloop
  endfacet
  facet normal -1 0 0
    outer loop
      vertex 104.995 44 2.40198
      vertex 104.995 27.4157 8.02777
      vertex 104.995 44 26.5
    endloop
  endfacet
  facet normal -1 0 0
    outer loop
      vertex 104.995 27.3535 8.10355
      vertex 104.995 44 26.5
      vertex 104.995 27.4157 8.02777
    endloop
  endfacet
  facet normal -1 0 0
    outer loop
      vertex 104.995 27.2778 8.16573
      vertex 104.995 44 26.5
      vertex 104.995 27.3535 8.10355
    endloop
  endfacet
  facet normal -1 0 0
    outer loop
      vertex 104.995 27.1913 8.21193
      vertex 104.995 44 26.5
      vertex 104.995 27.2778 8.16573
    endloop
  endfacet
  facet normal -1 0 0
    outer loop
      vertex 104.995 27.0975 8.24039
      vertex 104.995 44 26.5
      vertex 104.995 27.1913 8.21193
    endloop
  endfacet
  facet normal -1 0 0
    outer loop
      vertex 104.995 27 8.25
      vertex 104.995 44 26.5
      vertex 104.995 27.0975 8.24039
    endloop
  endfacet
  facet normal -1 0 0
    outer loop
      vertex 104.995 4 26.5
      vertex 104.995 27 8.25
      vertex 104.995 19 8.25
    endloop
  endfacet
  facet normal -1 0 0
    outer loop
      vertex 104.995 4 26.5
      vertex 104.995 19 8.25
      vertex 104.995 18.9025 8.24039
    endloop
  endfacet
  facet normal -1 0 0
    outer loop
      vertex 104.995 4 26.5
      vertex 104.995 18.9025 8.24039
      vertex 104.995 18.8087 8.21193
    endloop
  endfacet
  facet normal -1 0 0
    outer loop
      vertex 104.995 4 26.5
      vertex 104.995 18.8087 8.21193
      vertex 104.995 18.7222 8.16573
    endloop
  endfacet
  facet normal -1 0 0
    outer loop
      vertex 104.995 4 2.40198
      vertex 104.995 18.5096 7.84753
      vertex 104.995 18.5 7.75
    endloop
  endfacet
  facet normal -1 0 0
    outer loop
      vertex 104.995 4 2.40198
      vertex 104.995 18.5381 7.94133
      vertex 104.995 18.5096 7.84753
    endloop
  endfacet
  facet normal -1 0 0
    outer loop
      vertex 104.995 4 2.40198
      vertex 104.995 18.5843 8.02777
      vertex 104.995 18.5381 7.94133
    endloop
  endfacet
  facet normal -1 0 0
    outer loop
      vertex 104.995 4 26.5
      vertex 104.995 18.5843 8.02777
      vertex 104.995 4 2.40198
    endloop
  endfacet
  facet normal -1 0 0
    outer loop
      vertex 104.995 18.5843 8.02777
      vertex 104.995 4 26.5
      vertex 104.995 18.6465 8.10355
    endloop
  endfacet
  facet normal -1 0 0
    outer loop
      vertex 104.995 18.6465 8.10355
      vertex 104.995 4 26.5
      vertex 104.995 18.7222 8.16573
    endloop
  endfacet
  facet normal -1 0 0
    outer loop
      vertex 104.995 27 8.25
      vertex 104.995 4 26.5
      vertex 104.995 44 26.5
    endloop
  endfacet
  facet normal -0.920276 -0.0887251 0.381077
    outer loop
      vertex 104.957 44 2.20972
      vertex 104.939 44.1867 2.20972
      vertex 104.882 44 2.0286
    endloop
  endfacet
  facet normal -0.471253 -0.881998 0
    outer loop
      vertex 104.381 44.9194 2.40198
      vertex 104.553 44.8275 26.5
      vertex 104.381 44.9194 26.5
    endloop
  endfacet
  facet normal -0.471253 -0.881998 -0
    outer loop
      vertex 104.553 44.8275 26.5
      vertex 104.381 44.9194 2.40198
      vertex 104.553 44.8275 2.40198
    endloop
  endfacet
  facet normal -0.35216 0.432947 0.829783
    outer loop
      vertex 104.352 3.47252 1.72699
      vertex 104.449 3.55142 1.72699
      vertex 104.262 3.60805 1.61808
    endloop
  endfacet
  facet normal -0.0545784 -0.554731 0.830238
    outer loop
      vertex 104.124 44.6222 1.72699
      vertex 104 44.6344 1.72699
      vertex 104 44.4714 1.61808
    endloop
  endfacet
  facet normal -0.38289 0 0.923794
    outer loop
      vertex 104.29 44 1.54306
      vertex 104.471 4 1.61808
      vertex 104.471 44 1.61808
    endloop
  endfacet
  facet normal -0.38289 0 0.923794
    outer loop
      vertex 104.471 4 1.61808
      vertex 104.29 44 1.54306
      vertex 104.29 4 1.54306
    endloop
  endfacet
  facet normal -0.86632 0.460781 0.192796
    outer loop
      vertex 104.919 3.61916 2.40198
      vertex 104.884 3.6338 2.20972
      vertex 104.796 3.46835 2.20972
    endloop
  endfacet
  facet normal 0.111557 0.367726 0.923219
    outer loop
      vertex 3.90804 3.53766 1.61808
      vertex 3.88891 3.73181 1.54306
      vertex 3.8196 3.56449 1.61808
    endloop
  endfacet
  facet normal -0.774939 0.632037 0
    outer loop
      vertex 104.704 3.2963 2.40198
      vertex 104.827 3.44711 26.5
      vertex 104.827 3.44711 2.40198
    endloop
  endfacet
  facet normal -0.774939 0.632037 0
    outer loop
      vertex 104.827 3.44711 26.5
      vertex 104.704 3.2963 2.40198
      vertex 104.704 3.2963 26.5
    endloop
  endfacet
  facet normal -0.865688 -0.462773 0.190853
    outer loop
      vertex 104.919 44.3808 2.40198
      vertex 104.827 44.5529 2.40198
      vertex 104.796 44.5316 2.20972
    endloop
  endfacet
  facet normal 0.290276 0.956943 -0
    outer loop
      vertex 3.80585 3.02394 2.40198
      vertex 3.61916 3.08057 26.5
      vertex 3.80585 3.02394 26.5
    endloop
  endfacet
  facet normal 0.290276 0.956943 0
    outer loop
      vertex 3.61916 3.08057 26.5
      vertex 3.80585 3.02394 2.40198
      vertex 3.61916 3.08057 2.40198
    endloop
  endfacet
  facet normal 0 1 -0
    outer loop
      vertex 69 3.00482 20
      vertex 64 3.00482 23
      vertex 69 3.00482 23
    endloop
  endfacet
  facet normal 0 1 0
    outer loop
      vertex 64 3.00482 23
      vertex 69 3.00482 20
      vertex 64 3.00482 20
    endloop
  endfacet
  facet normal 0 1 -0
    outer loop
      vertex 86 3.00482 20
      vertex 81 3.00482 23
      vertex 86 3.00482 23
    endloop
  endfacet
  facet normal 0 1 0
    outer loop
      vertex 81 3.00482 23
      vertex 86 3.00482 20
      vertex 81 3.00482 20
    endloop
  endfacet
  facet normal 0 1 0
    outer loop
      vertex 86 3.00482 23
      vertex 104 3.00482 26.5
      vertex 98 3.00482 23
    endloop
  endfacet
  facet normal 0 1 0
    outer loop
      vertex 104 3.00482 26.5
      vertex 98 3.00482 20
      vertex 98 3.00482 23
    endloop
  endfacet
  facet normal 0 1 0
    outer loop
      vertex 82.75 3.00482 12.5
      vertex 86 3.00482 20
      vertex 98 3.00482 20
    endloop
  endfacet
  facet normal 0 1 0
    outer loop
      vertex 86 3.00482 20
      vertex 82.75 3.00482 18.5
      vertex 81 3.00482 20
    endloop
  endfacet
  facet normal 0 1 0
    outer loop
      vertex 73.25 3.00482 18.5
      vertex 81 3.00482 20
      vertex 82.75 3.00482 18.5
    endloop
  endfacet
  facet normal 0 1 0
    outer loop
      vertex 81 3.00482 20
      vertex 73.25 3.00482 18.5
      vertex 69 3.00482 20
    endloop
  endfacet
  facet normal 0 1 -0
    outer loop
      vertex 73.25 3.00482 12.5
      vertex 69 3.00482 20
      vertex 73.25 3.00482 18.5
    endloop
  endfacet
  facet normal 0 1 0
    outer loop
      vertex 86 3.00482 20
      vertex 82.75 3.00482 12.5
      vertex 82.75 3.00482 18.5
    endloop
  endfacet
  facet normal 0 1 0
    outer loop
      vertex 82.75 3.00482 12.5
      vertex 104 3.00482 2.40198
      vertex 73.25 3.00482 12.5
    endloop
  endfacet
  facet normal 0 1 0
    outer loop
      vertex 98 3.00482 20
      vertex 104 3.00482 2.40198
      vertex 82.75 3.00482 12.5
    endloop
  endfacet
  facet normal 0 1 -0
    outer loop
      vertex 104 3.00482 2.40198
      vertex 98 3.00482 20
      vertex 104 3.00482 26.5
    endloop
  endfacet
  facet normal 0 1 0
    outer loop
      vertex 81 3.00482 23
      vertex 104 3.00482 26.5
      vertex 86 3.00482 23
    endloop
  endfacet
  facet normal 0 1 0
    outer loop
      vertex 69 3.00482 23
      vertex 104 3.00482 26.5
      vertex 81 3.00482 23
    endloop
  endfacet
  facet normal 0 1 0
    outer loop
      vertex 64 3.00482 23
      vertex 104 3.00482 26.5
      vertex 69 3.00482 23
    endloop
  endfacet
  facet normal 0 1 0
    outer loop
      vertex 52 3.00482 23
      vertex 104 3.00482 26.5
      vertex 64 3.00482 23
    endloop
  endfacet
  facet normal 0 1 0
    outer loop
      vertex 104 3.00482 26.5
      vertex 52 3.00482 23
      vertex 4 3.00482 26.5
    endloop
  endfacet
  facet normal 0 1 -0
    outer loop
      vertex 52 3.00482 20
      vertex 4 3.00482 26.5
      vertex 52 3.00482 23
    endloop
  endfacet
  facet normal 0 1 0
    outer loop
      vertex 69 3.00482 20
      vertex 73.25 3.00482 12.5
      vertex 64 3.00482 20
    endloop
  endfacet
  facet normal 0 1 0
    outer loop
      vertex 64 3.00482 20
      vertex 73.25 3.00482 12.5
      vertex 52 3.00482 20
    endloop
  endfacet
  facet normal 0 1 0
    outer loop
      vertex 4 3.00482 2.40198
      vertex 52 3.00482 20
      vertex 73.25 3.00482 12.5
    endloop
  endfacet
  facet normal 0 1 0
    outer loop
      vertex 4 3.00482 2.40198
      vertex 73.25 3.00482 12.5
      vertex 104 3.00482 2.40198
    endloop
  endfacet
  facet normal 0 1 0
    outer loop
      vertex 52 3.00482 20
      vertex 4 3.00482 2.40198
      vertex 4 3.00482 26.5
    endloop
  endfacet
  facet normal 0.976243 0.0961653 0.194172
    outer loop
      vertex 3.06145 3.81331 2.20972
      vertex 3.04306 4 2.20972
      vertex 3.00482 4 2.40198
    endloop
  endfacet
  facet normal 0.938737 -0.284759 0.194128
    outer loop
      vertex 3.1159 44.3662 2.20972
      vertex 3.08057 44.3808 2.40198
      vertex 3.06145 44.1867 2.20972
    endloop
  endfacet
  facet normal 0.881984 -0.47128 0
    outer loop
      vertex 3.08057 44.3808 26.5
      vertex 3.17253 44.5529 2.40198
      vertex 3.17253 44.5529 26.5
    endloop
  endfacet
  facet normal 0.881984 -0.47128 0
    outer loop
      vertex 3.17253 44.5529 2.40198
      vertex 3.08057 44.3808 26.5
      vertex 3.08057 44.3808 2.40198
    endloop
  endfacet
  facet normal 0.705402 -0.0694643 0.705396
    outer loop
      vertex 3.3778 44.1238 1.72699
      vertex 3.24184 44.1508 1.86561
      vertex 3.22699 44 1.86561
    endloop
  endfacet
  facet normal 0.533427 -0.161821 0.830223
    outer loop
      vertex 3.53766 44.092 1.61808
      vertex 3.4139 44.2428 1.72699
      vertex 3.3778 44.1238 1.72699
    endloop
  endfacet
  facet normal -0.242439 -0.796862 0.553384
    outer loop
      vertex 104.337 44.8148 2.0286
      vertex 104.172 44.865 2.0286
      vertex 104.151 44.7582 1.86561
    endloop
  endfacet
  facet normal -0.866279 -0.460898 0.192702
    outer loop
      vertex 104.884 44.3662 2.20972
      vertex 104.919 44.3808 2.40198
      vertex 104.796 44.5316 2.20972
    endloop
  endfacet
  facet normal 0.586576 -0.714586 0.381176
    outer loop
      vertex 3.51003 44.7333 2.0286
      vertex 3.46835 44.7957 2.20972
      vertex 3.37639 44.6236 2.0286
    endloop
  endfacet
  facet normal 0 -0.98073 0.195371
    outer loop
      vertex 4 44.9569 2.20972
      vertex 104 44.9952 2.40198
      vertex 4 44.9952 2.40198
    endloop
  endfacet
  facet normal 0 -0.98073 0.195371
    outer loop
      vertex 104 44.9952 2.40198
      vertex 4 44.9569 2.20972
      vertex 104 44.9569 2.20972
    endloop
  endfacet
  facet normal -0.28468 -0.938892 0.193494
    outer loop
      vertex 104.381 44.9194 2.40198
      vertex 104.194 44.9761 2.40198
      vertex 104.187 44.9386 2.20972
    endloop
  endfacet
  facet normal 0.88473 -0.268415 0.381059
    outer loop
      vertex 3.13503 44.1721 2.0286
      vertex 3.18521 44.3375 2.0286
      vertex 3.06145 44.1867 2.20972
    endloop
  endfacet
  facet normal -0.795982 -0.241539 0.555042
    outer loop
      vertex 104.758 44.1508 1.86561
      vertex 104.815 44.3375 2.0286
      vertex 104.714 44.2958 1.86561
    endloop
  endfacet
  facet normal -0.828461 -0.0818352 0.554036
    outer loop
      vertex 104.882 44 2.0286
      vertex 104.865 44.1721 2.0286
      vertex 104.773 44 1.86561
    endloop
  endfacet
  facet normal -0.46257 0.865181 0.193627
    outer loop
      vertex 104.553 3.17253 2.40198
      vertex 104.532 3.20433 2.20972
      vertex 104.381 3.08057 2.40198
    endloop
  endfacet
  facet normal -0.284355 0.938979 0.193548
    outer loop
      vertex 104.194 3.02394 2.40198
      vertex 104.381 3.08057 2.40198
      vertex 104.187 3.06145 2.20972
    endloop
  endfacet
  facet normal 0.268334 0.884732 0.381112
    outer loop
      vertex 3.81331 3.06145 2.20972
      vertex 3.82795 3.13503 2.0286
      vertex 3.6625 3.18521 2.0286
    endloop
  endfacet
  facet normal -0.337522 0.181608 0.923633
    outer loop
      vertex 104.436 3.8196 1.61808
      vertex 104.268 3.88891 1.54306
      vertex 104.241 3.83873 1.54306
    endloop
  endfacet
  facet normal -0.186839 0.058323 0.980658
    outer loop
      vertex 104.268 3.88891 1.54306
      vertex 104.285 3.94337 1.54306
      vertex 104.096 3.98088 1.50482
    endloop
  endfacet
  facet normal -0.19533 0 0.980738
    outer loop
      vertex 104.098 44 1.50482
      vertex 104.29 4 1.54306
      vertex 104.29 44 1.54306
    endloop
  endfacet
  facet normal -0.19533 0 0.980738
    outer loop
      vertex 104.29 4 1.54306
      vertex 104.098 44 1.50482
      vertex 104.098 4 1.50482
    endloop
  endfacet
  facet normal -0.296266 -0.244814 0.923197
    outer loop
      vertex 104.392 44.2619 1.61808
      vertex 104.333 44.3333 1.61808
      vertex 104.205 44.2053 1.54306
    endloop
  endfacet
  facet normal -0.434555 0.815742 0.381742
    outer loop
      vertex 104.366 3.1159 2.20972
      vertex 104.532 3.20433 2.20972
      vertex 104.337 3.18521 2.0286
    endloop
  endfacet
  facet normal -0.995246 0.0973972 0
    outer loop
      vertex 104.976 3.80585 2.40198
      vertex 104.995 4 26.5
      vertex 104.995 4 2.40198
    endloop
  endfacet
  facet normal -0.995246 0.0973972 0
    outer loop
      vertex 104.995 4 26.5
      vertex 104.976 3.80585 2.40198
      vertex 104.976 3.80585 26.5
    endloop
  endfacet
  facet normal 0.705398 0.0694796 0.705398
    outer loop
      vertex 3.3778 3.87624 1.72699
      vertex 3.36561 4 1.72699
      vertex 3.22699 4 1.86561
    endloop
  endfacet
  facet normal 0.382401 0.0376746 0.923228
    outer loop
      vertex 3.53766 3.90804 1.61808
      vertex 3.70972 4 1.54306
      vertex 3.5286 4 1.61808
    endloop
  endfacet
  facet normal -0.152563 0.1232 0.980585
    outer loop
      vertex 104.205 3.79474 1.54306
      vertex 104.081 3.94555 1.50482
      vertex 104.069 3.93069 1.50482
    endloop
  endfacet
  facet normal 0.828687 -0.0816168 0.553729
    outer loop
      vertex 3.22699 44 1.86561
      vertex 3.13503 44.1721 2.0286
      vertex 3.11808 44 2.0286
    endloop
  endfacet
  facet normal -0.828459 0.0818588 0.554034
    outer loop
      vertex 104.865 3.82795 2.0286
      vertex 104.882 4 2.0286
      vertex 104.773 4 1.86561
    endloop
  endfacet
  facet normal -0.865656 0.462891 0.190716
    outer loop
      vertex 104.827 3.44711 2.40198
      vertex 104.919 3.61916 2.40198
      vertex 104.796 3.46835 2.20972
    endloop
  endfacet
  facet normal -0.758936 -0.622422 0.191327
    outer loop
      vertex 104.796 44.5316 2.20972
      vertex 104.827 44.5529 2.40198
      vertex 104.677 44.6767 2.20972
    endloop
  endfacet
  facet normal -0.976663 -0.0941614 0.193036
    outer loop
      vertex 104.957 44 2.20972
      vertex 104.995 44 2.40198
      vertex 104.939 44.1867 2.20972
    endloop
  endfacet
  facet normal -0.920276 0.0887298 0.381077
    outer loop
      vertex 104.939 3.81331 2.20972
      vertex 104.957 4 2.20972
      vertex 104.882 4 2.0286
    endloop
  endfacet
  facet normal 0.956943 0.290276 0
    outer loop
      vertex 3.08057 3.61916 26.5
      vertex 3.02394 3.80585 2.40198
      vertex 3.02394 3.80585 26.5
    endloop
  endfacet
  facet normal 0.956943 0.290276 0
    outer loop
      vertex 3.02394 3.80585 2.40198
      vertex 3.08057 3.61916 26.5
      vertex 3.08057 3.61916 2.40198
    endloop
  endfacet
  facet normal 0.714798 -0.586273 0.381245
    outer loop
      vertex 3.37639 44.6236 2.0286
      vertex 3.32334 44.6767 2.20972
      vertex 3.20433 44.5316 2.20972
    endloop
  endfacet
  facet normal 0.758288 -0.622369 0.19405
    outer loop
      vertex 3.32334 44.6767 2.20972
      vertex 3.2963 44.7037 2.40198
      vertex 3.17253 44.5529 2.40198
    endloop
  endfacet
  facet normal 0.0979049 -0.995196 0
    outer loop
      vertex 3.80585 44.9761 2.40198
      vertex 4 44.9952 26.5
      vertex 3.80585 44.9761 26.5
    endloop
  endfacet
  facet normal 0.0979049 -0.995196 0
    outer loop
      vertex 4 44.9952 26.5
      vertex 3.80585 44.9761 2.40198
      vertex 4 44.9952 2.40198
    endloop
  endfacet
  facet normal 0.528275 -0.643562 0.553854
    outer loop
      vertex 3.57054 44.6427 1.86561
      vertex 3.51003 44.7333 2.0286
      vertex 3.37639 44.6236 2.0286
    endloop
  endfacet
  facet normal 0.547872 -0.44976 0.705374
    outer loop
      vertex 3.55142 44.4486 1.72699
      vertex 3.4534 44.5466 1.86561
      vertex 3.35727 44.4295 1.86561
    endloop
  endfacet
  facet normal 0.714645 -0.586693 0.380886
    outer loop
      vertex 3.26671 44.49 2.0286
      vertex 3.37639 44.6236 2.0286
      vertex 3.20433 44.5316 2.20972
    endloop
  endfacet
  facet normal 0.980788 -0 0.195076
    outer loop
      vertex 3.00482 4 2.40198
      vertex 3.04306 44 2.20972
      vertex 3.00482 44 2.40198
    endloop
  endfacet
  facet normal 0.980788 0 0.195076
    outer loop
      vertex 3.04306 44 2.20972
      vertex 3.00482 4 2.40198
      vertex 3.04306 4 2.20972
    endloop
  endfacet
  facet normal -0.828145 -0.0823752 0.554427
    outer loop
      vertex 104.773 44 1.86561
      vertex 104.865 44.1721 2.0286
      vertex 104.758 44.1508 1.86561
    endloop
  endfacet
  facet normal -0.76022 -0.620073 0.193841
    outer loop
      vertex 104.827 44.5529 2.40198
      vertex 104.704 44.7037 2.40198
      vertex 104.677 44.6767 2.20972
    endloop
  endfacet
  facet normal 0.67831 -0.205773 0.705374
    outer loop
      vertex 3.3778 44.1238 1.72699
      vertex 3.4139 44.2428 1.72699
      vertex 3.24184 44.1508 1.86561
    endloop
  endfacet
  facet normal 0.0901967 -0.920154 0.381027
    outer loop
      vertex 4 44.8819 2.0286
      vertex 4 44.9569 2.20972
      vertex 3.81331 44.9386 2.20972
    endloop
  endfacet
  facet normal -0.394694 -0.734187 0.552437
    outer loop
      vertex 104.429 44.6427 1.86561
      vertex 104.337 44.8148 2.0286
      vertex 104.296 44.7142 1.86561
    endloop
  endfacet
  facet normal -0.734652 -0.390129 0.555054
    outer loop
      vertex 104.714 44.2958 1.86561
      vertex 104.815 44.3375 2.0286
      vertex 104.643 44.4295 1.86561
    endloop
  endfacet
  facet normal -0.337458 -0.182186 0.923542
    outer loop
      vertex 104.436 44.1804 1.61808
      vertex 104.392 44.2619 1.61808
      vertex 104.241 44.1613 1.54306
    endloop
  endfacet
  facet normal -0.678349 -0.205215 0.705499
    outer loop
      vertex 104.622 44.1238 1.72699
      vertex 104.758 44.1508 1.86561
      vertex 104.586 44.2428 1.72699
    endloop
  endfacet
  facet normal -0.434524 -0.815731 0.3818
    outer loop
      vertex 104.49 44.7333 2.0286
      vertex 104.532 44.7957 2.20972
      vertex 104.337 44.8148 2.0286
    endloop
  endfacet
  facet normal -0.0955361 -0.976244 0.194477
    outer loop
      vertex 104.187 44.9386 2.20972
      vertex 104 44.9952 2.40198
      vertex 104 44.9569 2.20972
    endloop
  endfacet
  facet normal -0.26904 -0.884296 0.381624
    outer loop
      vertex 104.337 44.8148 2.0286
      vertex 104.187 44.9386 2.20972
      vertex 104.172 44.865 2.0286
    endloop
  endfacet
  facet normal -0.0979799 -0.995188 0
    outer loop
      vertex 104 44.9952 2.40198
      vertex 104.194 44.9761 26.5
      vertex 104 44.9952 26.5
    endloop
  endfacet
  facet normal -0.0979799 -0.995188 -0
    outer loop
      vertex 104.194 44.9761 26.5
      vertex 104 44.9952 2.40198
      vertex 104.194 44.9761 2.40198
    endloop
  endfacet
  facet normal -0.290164 -0.956977 0
    outer loop
      vertex 104.194 44.9761 2.40198
      vertex 104.381 44.9194 26.5
      vertex 104.194 44.9761 26.5
    endloop
  endfacet
  facet normal -0.290164 -0.956977 -0
    outer loop
      vertex 104.381 44.9194 26.5
      vertex 104.194 44.9761 2.40198
      vertex 104.381 44.9194 2.40198
    endloop
  endfacet
  facet normal -0.774918 -0.632062 0
    outer loop
      vertex 104.827 44.5529 2.40198
      vertex 104.704 44.7037 26.5
      vertex 104.704 44.7037 2.40198
    endloop
  endfacet
  facet normal -0.774918 -0.632062 0
    outer loop
      vertex 104.704 44.7037 26.5
      vertex 104.827 44.5529 2.40198
      vertex 104.827 44.5529 26.5
    endloop
  endfacet
  facet normal -0.956419 -0.291997 0
    outer loop
      vertex 104.976 44.1941 2.40198
      vertex 104.919 44.3808 26.5
      vertex 104.919 44.3808 2.40198
    endloop
  endfacet
  facet normal -0.956419 -0.291997 0
    outer loop
      vertex 104.919 44.3808 26.5
      vertex 104.976 44.1941 2.40198
      vertex 104.976 44.1941 26.5
    endloop
  endfacet
  facet normal -0.112102 0.367685 0.923169
    outer loop
      vertex 104.18 3.56449 1.61808
      vertex 104.111 3.73181 1.54306
      vertex 104.092 3.53766 1.61808
    endloop
  endfacet
  facet normal -0.881842 0.471546 0
    outer loop
      vertex 104.827 3.44711 2.40198
      vertex 104.919 3.61916 26.5
      vertex 104.919 3.61916 2.40198
    endloop
  endfacet
  facet normal -0.881842 0.471546 0
    outer loop
      vertex 104.919 3.61916 26.5
      vertex 104.827 3.44711 2.40198
      vertex 104.827 3.44711 26.5
    endloop
  endfacet
  facet normal 0.161823 0.533417 0.830229
    outer loop
      vertex 3.90804 3.53766 1.61808
      vertex 3.8196 3.56449 1.61808
      vertex 3.75723 3.4139 1.72699
    endloop
  endfacet
  facet normal -0.289836 0.957076 0
    outer loop
      vertex 104.381 3.08057 2.40198
      vertex 104.194 3.02394 26.5
      vertex 104.381 3.08057 26.5
    endloop
  endfacet
  facet normal -0.289836 0.957076 0
    outer loop
      vertex 104.194 3.02394 26.5
      vertex 104.381 3.08057 2.40198
      vertex 104.194 3.02394 2.40198
    endloop
  endfacet
  facet normal -0.0693736 0.705415 0.705391
    outer loop
      vertex 104.151 3.24184 1.86561
      vertex 104.124 3.3778 1.72699
      vertex 104 3.22699 1.86561
    endloop
  endfacet
  facet normal -0.92392 0 0.382586
    outer loop
      vertex 104.882 4 2.0286
      vertex 104.957 44 2.20972
      vertex 104.882 44 2.0286
    endloop
  endfacet
  facet normal -0.92392 0 0.382586
    outer loop
      vertex 104.957 44 2.20972
      vertex 104.882 4 2.0286
      vertex 104.957 4 2.20972
    endloop
  endfacet
  facet normal -0.205786 0.678312 0.705368
    outer loop
      vertex 104.296 3.28583 1.86561
      vertex 104.243 3.4139 1.72699
      vertex 104.151 3.24184 1.86561
    endloop
  endfacet
  facet normal -0.195301 0.0172436 0.980592
    outer loop
      vertex 104.285 3.94337 1.54306
      vertex 104.29 4 1.54306
      vertex 104.098 4 1.50482
    endloop
  endfacet
  facet normal -0.368121 0.114911 0.92265
    outer loop
      vertex 104.462 3.90804 1.61808
      vertex 104.285 3.94337 1.54306
      vertex 104.268 3.88891 1.54306
    endloop
  endfacet
  facet normal -0.190295 0.0517386 0.980363
    outer loop
      vertex 104.268 3.88891 1.54306
      vertex 104.096 3.98088 1.50482
      vertex 104.091 3.96249 1.50482
    endloop
  endfacet
  facet normal -0.382621 -0.0374304 0.923147
    outer loop
      vertex 104.471 44 1.61808
      vertex 104.462 44.092 1.61808
      vertex 104.29 44 1.54306
    endloop
  endfacet
  facet normal -0.53322 -0.16131 0.830455
    outer loop
      vertex 104.622 44.1238 1.72699
      vertex 104.586 44.2428 1.72699
      vertex 104.462 44.092 1.61808
    endloop
  endfacet
  facet normal -0.461131 0.86563 0.195047
    outer loop
      vertex 104.381 3.08057 2.40198
      vertex 104.532 3.20433 2.20972
      vertex 104.366 3.1159 2.20972
    endloop
  endfacet
  facet normal -0.471493 0.88187 0
    outer loop
      vertex 104.553 3.17253 2.40198
      vertex 104.381 3.08057 26.5
      vertex 104.553 3.17253 26.5
    endloop
  endfacet
  facet normal -0.471493 0.88187 0
    outer loop
      vertex 104.381 3.08057 26.5
      vertex 104.553 3.17253 2.40198
      vertex 104.381 3.08057 2.40198
    endloop
  endfacet
  facet normal 0.0376746 0.382401 0.923228
    outer loop
      vertex 4 3.5286 1.61808
      vertex 4 3.70972 1.54306
      vertex 3.90804 3.53766 1.61808
    endloop
  endfacet
  facet normal 0.195076 0 0.980788
    outer loop
      vertex 3.70972 44 1.54306
      vertex 3.90198 4 1.50482
      vertex 3.90198 44 1.50482
    endloop
  endfacet
  facet normal 0.195076 0 0.980788
    outer loop
      vertex 3.90198 4 1.50482
      vertex 3.70972 44 1.54306
      vertex 3.70972 4 1.54306
    endloop
  endfacet
  facet normal 0.353606 0.430938 0.830214
    outer loop
      vertex 3.73811 3.60805 1.61808
      vertex 3.66667 3.66667 1.61808
      vertex 3.55142 3.55142 1.72699
    endloop
  endfacet
  facet normal 0.533417 0.161823 0.830229
    outer loop
      vertex 3.56449 3.8196 1.61808
      vertex 3.53766 3.90804 1.61808
      vertex 3.4139 3.75723 1.72699
    endloop
  endfacet
  facet normal 0.707107 -0 0.707107
    outer loop
      vertex 3.22699 4 1.86561
      vertex 3.36561 44 1.72699
      vertex 3.22699 44 1.86561
    endloop
  endfacet
  facet normal 0.707107 0 0.707107
    outer loop
      vertex 3.36561 44 1.72699
      vertex 3.22699 4 1.86561
      vertex 3.36561 4 1.72699
    endloop
  endfacet
  facet normal 0.491615 0.26275 0.830227
    outer loop
      vertex 3.47252 3.64755 1.72699
      vertex 3.56449 3.8196 1.61808
      vertex 3.4139 3.75723 1.72699
    endloop
  endfacet
  facet normal 0.0376149 0.382429 0.923219
    outer loop
      vertex 4 3.70972 1.54306
      vertex 3.94337 3.71529 1.54306
      vertex 3.90804 3.53766 1.61808
    endloop
  endfacet
  facet normal 0 0.831461 0.555583
    outer loop
      vertex 104 3.22699 1.86561
      vertex 4 3.11808 2.0286
      vertex 104 3.11808 2.0286
    endloop
  endfacet
  facet normal 0 0.831461 0.555583
    outer loop
      vertex 4 3.11808 2.0286
      vertex 104 3.22699 1.86561
      vertex 4 3.22699 1.86561
    endloop
  endfacet
  facet normal -0 0.382673 0.923884
    outer loop
      vertex 4 3.70972 1.54306
      vertex 104 3.5286 1.61808
      vertex 104 3.70972 1.54306
    endloop
  endfacet
  facet normal 0 0.382673 0.923884
    outer loop
      vertex 104 3.5286 1.61808
      vertex 4 3.70972 1.54306
      vertex 4 3.5286 1.61808
    endloop
  endfacet
  facet normal 0.586529 0.714659 0.381112
    outer loop
      vertex 3.46835 3.20433 2.20972
      vertex 3.51003 3.26671 2.0286
      vertex 3.37639 3.37639 2.0286
    endloop
  endfacet
  facet normal 0.0191837 0.19504 0.980608
    outer loop
      vertex 4 3.70972 1.54306
      vertex 4 3.90198 1.50482
      vertex 3.94337 3.71529 1.54306
    endloop
  endfacet
  facet normal 0.0980064 0.995186 -0
    outer loop
      vertex 4 3.00482 2.40198
      vertex 3.80585 3.02394 26.5
      vertex 4 3.00482 26.5
    endloop
  endfacet
  facet normal 0.0980064 0.995186 0
    outer loop
      vertex 3.80585 3.02394 26.5
      vertex 4 3.00482 2.40198
      vertex 3.80585 3.02394 2.40198
    endloop
  endfacet
  facet normal 0.828686 0.0816403 0.553728
    outer loop
      vertex 3.13503 3.82795 2.0286
      vertex 3.22699 4 1.86561
      vertex 3.11808 4 2.0286
    endloop
  endfacet
  facet normal 0.773002 0.634404 0
    outer loop
      vertex 3.2963 3.2963 26.5
      vertex 3.17253 3.44711 2.40198
      vertex 3.17253 3.44711 26.5
    endloop
  endfacet
  facet normal 0.773002 0.634404 0
    outer loop
      vertex 3.17253 3.44711 2.40198
      vertex 3.2963 3.2963 26.5
      vertex 3.2963 3.2963 2.40198
    endloop
  endfacet
  facet normal -0.70449 -0.0682866 0.706421
    outer loop
      vertex 104.634 44 1.72699
      vertex 104.773 44 1.86561
      vertex 104.622 44.1238 1.72699
    endloop
  endfacet
  facet normal -0.626121 -0.332495 0.705279
    outer loop
      vertex 104.714 44.2958 1.86561
      vertex 104.643 44.4295 1.86561
      vertex 104.586 44.2428 1.72699
    endloop
  endfacet
  facet normal -0.0816639 0.828684 0.553727
    outer loop
      vertex 104.172 3.13503 2.0286
      vertex 104 3.22699 1.86561
      vertex 104 3.11808 2.0286
    endloop
  endfacet
  facet normal -0.884452 0.270987 0.379883
    outer loop
      vertex 104.884 3.6338 2.20972
      vertex 104.939 3.81331 2.20972
      vertex 104.815 3.6625 2.0286
    endloop
  endfacet
  facet normal -0.813442 -0.437392 0.383405
    outer loop
      vertex 104.815 44.3375 2.0286
      vertex 104.796 44.5316 2.20972
      vertex 104.733 44.49 2.0286
    endloop
  endfacet
  facet normal -0.645941 -0.527003 0.552294
    outer loop
      vertex 104.643 44.4295 1.86561
      vertex 104.733 44.49 2.0286
      vertex 104.624 44.6236 2.0286
    endloop
  endfacet
  facet normal -0.995243 -0.0974221 0
    outer loop
      vertex 104.995 44 2.40198
      vertex 104.976 44.1941 26.5
      vertex 104.976 44.1941 2.40198
    endloop
  endfacet
  facet normal -0.995243 -0.0974221 0
    outer loop
      vertex 104.976 44.1941 26.5
      vertex 104.995 44 2.40198
      vertex 104.995 44 26.5
    endloop
  endfacet
  facet normal 0.622329 0.758289 0.194174
    outer loop
      vertex 3.44711 3.17253 2.40198
      vertex 3.46835 3.20433 2.20972
      vertex 3.32334 3.32334 2.20972
    endloop
  endfacet
  facet normal 0.865102 -0.462521 0.194096
    outer loop
      vertex 3.1159 44.3662 2.20972
      vertex 3.20433 44.5316 2.20972
      vertex 3.08057 44.3808 2.40198
    endloop
  endfacet
  facet normal 0.0960421 -0.97626 0.194145
    outer loop
      vertex 3.81331 44.9386 2.20972
      vertex 4 44.9952 2.40198
      vertex 3.80585 44.9761 2.40198
    endloop
  endfacet
  facet normal 0.471147 -0.882055 0
    outer loop
      vertex 3.44711 44.8275 2.40198
      vertex 3.61916 44.9194 26.5
      vertex 3.44711 44.8275 26.5
    endloop
  endfacet
  facet normal 0.471147 -0.882055 0
    outer loop
      vertex 3.61916 44.9194 26.5
      vertex 3.44711 44.8275 2.40198
      vertex 3.61916 44.9194 2.40198
    endloop
  endfacet
  facet normal 0.58645 -0.714632 0.381284
    outer loop
      vertex 3.37639 44.6236 2.0286
      vertex 3.46835 44.7957 2.20972
      vertex 3.32334 44.6767 2.20972
    endloop
  endfacet
  facet normal 0.976244 -0.0961658 0.194167
    outer loop
      vertex 3.06145 44.1867 2.20972
      vertex 3.02394 44.1941 2.40198
      vertex 3.00482 44 2.40198
    endloop
  endfacet
  facet normal 0.392844 -0.734261 0.553656
    outer loop
      vertex 3.70418 44.7142 1.86561
      vertex 3.6625 44.8148 2.0286
      vertex 3.57054 44.6427 1.86561
    endloop
  endfacet
  facet normal 0.920086 -0.0906186 0.38109
    outer loop
      vertex 3.11808 44 2.0286
      vertex 3.13503 44.1721 2.0286
      vertex 3.06145 44.1867 2.20972
    endloop
  endfacet
  facet normal 0.956947 -0.290262 0
    outer loop
      vertex 3.02394 44.1941 26.5
      vertex 3.08057 44.3808 2.40198
      vertex 3.08057 44.3808 26.5
    endloop
  endfacet
  facet normal 0.956947 -0.290262 0
    outer loop
      vertex 3.08057 44.3808 2.40198
      vertex 3.02394 44.1941 26.5
      vertex 3.02394 44.1941 2.40198
    endloop
  endfacet
  facet normal 0.938746 -0.284741 0.194109
    outer loop
      vertex 3.06145 44.1867 2.20972
      vertex 3.08057 44.3808 2.40198
      vertex 3.02394 44.1941 2.40198
    endloop
  endfacet
  facet normal 0.865172 -0.462297 0.194317
    outer loop
      vertex 3.20433 44.5316 2.20972
      vertex 3.17253 44.5529 2.40198
      vertex 3.08057 44.3808 2.40198
    endloop
  endfacet
  facet normal 0.758449 -0.622075 0.194366
    outer loop
      vertex 3.20433 44.5316 2.20972
      vertex 3.32334 44.6767 2.20972
      vertex 3.17253 44.5529 2.40198
    endloop
  endfacet
  facet normal -0.461021 -0.865717 0.194919
    outer loop
      vertex 104.532 44.7957 2.20972
      vertex 104.381 44.9194 2.40198
      vertex 104.366 44.8841 2.20972
    endloop
  endfacet
  facet normal -0.434446 -0.815816 0.381708
    outer loop
      vertex 104.532 44.7957 2.20972
      vertex 104.366 44.8841 2.20972
      vertex 104.337 44.8148 2.0286
    endloop
  endfacet
  facet normal 0.0813325 -0.828767 0.553652
    outer loop
      vertex 3.84919 44.7582 1.86561
      vertex 4 44.773 1.86561
      vertex 3.82795 44.865 2.0286
    endloop
  endfacet
  facet normal -0.29694 -0.242951 0.923472
    outer loop
      vertex 104.241 44.1613 1.54306
      vertex 104.392 44.2619 1.61808
      vertex 104.205 44.2053 1.54306
    endloop
  endfacet
  facet normal -0.0694074 -0.705452 0.705351
    outer loop
      vertex 104.124 44.6222 1.72699
      vertex 104 44.773 1.86561
      vertex 104 44.6344 1.72699
    endloop
  endfacet
  facet normal 0 -0.92392 0.382586
    outer loop
      vertex 4 44.8819 2.0286
      vertex 104 44.9569 2.20972
      vertex 4 44.9569 2.20972
    endloop
  endfacet
  facet normal 0 -0.92392 0.382586
    outer loop
      vertex 104 44.9569 2.20972
      vertex 4 44.8819 2.0286
      vertex 104 44.8819 2.0286
    endloop
  endfacet
  facet normal -0.24194 -0.797303 0.552968
    outer loop
      vertex 104.296 44.7142 1.86561
      vertex 104.337 44.8148 2.0286
      vertex 104.151 44.7582 1.86561
    endloop
  endfacet
  facet normal 0.643663 0.528262 0.553748
    outer loop
      vertex 3.37639 3.37639 2.0286
      vertex 3.35727 3.57054 1.86561
      vertex 3.26671 3.51003 2.0286
    endloop
  endfacet
  facet normal 0 0.923884 0.382673
    outer loop
      vertex 104 3.11808 2.0286
      vertex 4 3.04306 2.20972
      vertex 104 3.04306 2.20972
    endloop
  endfacet
  facet normal 0 0.923884 0.382673
    outer loop
      vertex 4 3.04306 2.20972
      vertex 104 3.11808 2.0286
      vertex 4 3.11808 2.0286
    endloop
  endfacet
  facet normal -0.268952 0.884358 0.381544
    outer loop
      vertex 104.187 3.06145 2.20972
      vertex 104.337 3.18521 2.0286
      vertex 104.172 3.13503 2.0286
    endloop
  endfacet
  facet normal -0.19439 0.0203337 0.980713
    outer loop
      vertex 104.285 3.94337 1.54306
      vertex 104.098 4 1.50482
      vertex 104.096 3.98088 1.50482
    endloop
  endfacet
  facet normal -0 0.195076 0.980788
    outer loop
      vertex 4 3.90198 1.50482
      vertex 104 3.70972 1.54306
      vertex 104 3.90198 1.50482
    endloop
  endfacet
  facet normal 0 0.195076 0.980788
    outer loop
      vertex 104 3.70972 1.54306
      vertex 4 3.90198 1.50482
      vertex 4 3.70972 1.54306
    endloop
  endfacet
  facet normal -0.244884 -0.296197 0.9232
    outer loop
      vertex 104.333 44.3333 1.61808
      vertex 104.262 44.392 1.61808
      vertex 104.205 44.2053 1.54306
    endloop
  endfacet
  facet normal -0.678461 -0.205878 0.705198
    outer loop
      vertex 104.758 44.1508 1.86561
      vertex 104.714 44.2958 1.86561
      vertex 104.586 44.2428 1.72699
    endloop
  endfacet
  facet normal -0.172458 -0.0927563 0.98064
    outer loop
      vertex 104.268 44.1111 1.54306
      vertex 104.241 44.1613 1.54306
      vertex 104.081 44.0545 1.50482
    endloop
  endfacet
  facet normal -0.337555 -0.181553 0.923632
    outer loop
      vertex 104.268 44.1111 1.54306
      vertex 104.436 44.1804 1.61808
      vertex 104.241 44.1613 1.54306
    endloop
  endfacet
  facet normal -0.18685 -0.0582836 0.980658
    outer loop
      vertex 104.285 44.0566 1.54306
      vertex 104.268 44.1111 1.54306
      vertex 104.096 44.0191 1.50482
    endloop
  endfacet
  facet normal -0.0960074 0.976257 0.194175
    outer loop
      vertex 104.187 3.06145 2.20972
      vertex 104 3.04306 2.20972
      vertex 104 3.00482 2.40198
    endloop
  endfacet
  facet normal -0.0962186 0.976276 0.193975
    outer loop
      vertex 104.194 3.02394 2.40198
      vertex 104.187 3.06145 2.20972
      vertex 104 3.00482 2.40198
    endloop
  endfacet
  facet normal 0.430867 0.35364 0.830236
    outer loop
      vertex 3.55142 3.55142 1.72699
      vertex 3.60805 3.73811 1.61808
      vertex 3.47252 3.64755 1.72699
    endloop
  endfacet
  facet normal 0.555583 0 0.831461
    outer loop
      vertex 3.36561 44 1.72699
      vertex 3.5286 4 1.61808
      vertex 3.5286 44 1.61808
    endloop
  endfacet
  facet normal 0.555583 0 0.831461
    outer loop
      vertex 3.5286 4 1.61808
      vertex 3.36561 44 1.72699
      vertex 3.36561 4 1.72699
    endloop
  endfacet
  facet normal 0.920081 0.0906331 0.381098
    outer loop
      vertex 3.06145 3.81331 2.20972
      vertex 3.11808 4 2.0286
      vertex 3.04306 4 2.20972
    endloop
  endfacet
  facet normal 0.625096 0.334158 0.705404
    outer loop
      vertex 3.35727 3.57054 1.86561
      vertex 3.4139 3.75723 1.72699
      vertex 3.28583 3.70418 1.86561
    endloop
  endfacet
  facet normal 0.554753 0.0546415 0.830219
    outer loop
      vertex 3.3778 3.87624 1.72699
      vertex 3.5286 4 1.61808
      vertex 3.36561 4 1.72699
    endloop
  endfacet
  facet normal 0.243747 0.297054 0.923226
    outer loop
      vertex 3.73811 3.60805 1.61808
      vertex 3.79474 3.79474 1.54306
      vertex 3.66667 3.66667 1.61808
    endloop
  endfacet
  facet normal -0.548273 0.449328 0.705338
    outer loop
      vertex 104.547 3.4534 1.86561
      vertex 104.643 3.57054 1.86561
      vertex 104.449 3.55142 1.72699
    endloop
  endfacet
  facet normal 0 0.707107 0.707107
    outer loop
      vertex 104 3.36561 1.72699
      vertex 4 3.22699 1.86561
      vertex 104 3.22699 1.86561
    endloop
  endfacet
  facet normal 0 0.707107 0.707107
    outer loop
      vertex 4 3.22699 1.86561
      vertex 104 3.36561 1.72699
      vertex 4 3.36561 1.72699
    endloop
  endfacet
  facet normal -0.162421 0.532726 0.830555
    outer loop
      vertex 104.243 3.4139 1.72699
      vertex 104.18 3.56449 1.61808
      vertex 104.092 3.53766 1.61808
    endloop
  endfacet
  facet normal 0.491584 0.262774 0.830238
    outer loop
      vertex 3.60805 3.73811 1.61808
      vertex 3.56449 3.8196 1.61808
      vertex 3.47252 3.64755 1.72699
    endloop
  endfacet
  facet normal 0.26275 0.491615 0.830227
    outer loop
      vertex 3.75723 3.4139 1.72699
      vertex 3.8196 3.56449 1.61808
      vertex 3.64755 3.47252 1.72699
    endloop
  endfacet
  facet normal 0.0924278 0.172818 0.980608
    outer loop
      vertex 3.96249 3.90944 1.50482
      vertex 3.94555 3.9185 1.50482
      vertex 3.88891 3.73181 1.54306
    endloop
  endfacet
  facet normal 0.449652 0.547927 0.7054
    outer loop
      vertex 3.57054 3.35727 1.86561
      vertex 3.55142 3.55142 1.72699
      vertex 3.4534 3.4534 1.86561
    endloop
  endfacet
  facet normal 0.430938 0.353606 0.830214
    outer loop
      vertex 3.66667 3.66667 1.61808
      vertex 3.60805 3.73811 1.61808
      vertex 3.55142 3.55142 1.72699
    endloop
  endfacet
  facet normal 0.734354 0.392564 0.553732
    outer loop
      vertex 3.35727 3.57054 1.86561
      vertex 3.28583 3.70418 1.86561
      vertex 3.18521 3.6625 2.0286
    endloop
  endfacet
  facet normal 0.976243 -0.0961602 0.194172
    outer loop
      vertex 3.04306 44 2.20972
      vertex 3.06145 44.1867 2.20972
      vertex 3.00482 44 2.40198
    endloop
  endfacet
  facet normal 0.920076 0.090644 0.381108
    outer loop
      vertex 3.13503 3.82795 2.0286
      vertex 3.11808 4 2.0286
      vertex 3.06145 3.81331 2.20972
    endloop
  endfacet
  facet normal -0.367804 -0.108178 0.92359
    outer loop
      vertex 104.462 44.092 1.61808
      vertex 104.436 44.1804 1.61808
      vertex 104.268 44.1111 1.54306
    endloop
  endfacet
  facet normal -0.704489 0.0683086 0.70642
    outer loop
      vertex 104.773 4 1.86561
      vertex 104.634 4 1.72699
      vertex 104.622 3.87624 1.72699
    endloop
  endfacet
  facet normal -0.706138 0 0.708074
    outer loop
      vertex 104.634 44 1.72699
      vertex 104.773 4 1.86561
      vertex 104.773 44 1.86561
    endloop
  endfacet
  facet normal -0.706138 0 0.708074
    outer loop
      vertex 104.773 4 1.86561
      vertex 104.634 44 1.72699
      vertex 104.634 4 1.72699
    endloop
  endfacet
  facet normal -0.0926109 0.172588 0.980631
    outer loop
      vertex 104.111 3.73181 1.54306
      vertex 104.161 3.75864 1.54306
      vertex 104.054 3.9185 1.50482
    endloop
  endfacet
  facet normal -0.533223 0.161298 0.830456
    outer loop
      vertex 104.586 3.75723 1.72699
      vertex 104.622 3.87624 1.72699
      vertex 104.462 3.90804 1.61808
    endloop
  endfacet
  facet normal -0.976789 0.095591 0.19169
    outer loop
      vertex 104.976 3.80585 2.40198
      vertex 104.995 4 2.40198
      vertex 104.939 3.81331 2.20972
    endloop
  endfacet
  facet normal -0.621878 0.758694 0.194038
    outer loop
      vertex 104.704 3.2963 2.40198
      vertex 104.677 3.32334 2.20972
      vertex 104.553 3.17253 2.40198
    endloop
  endfacet
  facet normal -0.447785 0.549658 0.705241
    outer loop
      vertex 104.547 3.4534 1.86561
      vertex 104.449 3.55142 1.72699
      vertex 104.429 3.35727 1.86561
    endloop
  endfacet
  facet normal -0.172432 0.0927792 0.980642
    outer loop
      vertex 104.241 3.83873 1.54306
      vertex 104.268 3.88891 1.54306
      vertex 104.081 3.94555 1.50482
    endloop
  endfacet
  facet normal -0.938217 -0.287476 0.192629
    outer loop
      vertex 104.939 44.1867 2.20972
      vertex 104.919 44.3808 2.40198
      vertex 104.884 44.3662 2.20972
    endloop
  endfacet
  facet normal -0.0548541 -0.554569 0.830328
    outer loop
      vertex 104.092 44.4623 1.61808
      vertex 104.124 44.6222 1.72699
      vertex 104 44.4714 1.61808
    endloop
  endfacet
  facet normal -0.586511 -0.714656 0.381147
    outer loop
      vertex 104.624 44.6236 2.0286
      vertex 104.677 44.6767 2.20972
      vertex 104.532 44.7957 2.20972
    endloop
  endfacet
  facet normal -0.714877 -0.586288 0.381075
    outer loop
      vertex 104.796 44.5316 2.20972
      vertex 104.677 44.6767 2.20972
      vertex 104.624 44.6236 2.0286
    endloop
  endfacet
  facet normal -0.938685 -0.286583 0.191678
    outer loop
      vertex 104.939 44.1867 2.20972
      vertex 104.976 44.1941 2.40198
      vertex 104.919 44.3808 2.40198
    endloop
  endfacet
  facet normal -0.976792 -0.0956159 0.191662
    outer loop
      vertex 104.995 44 2.40198
      vertex 104.976 44.1941 2.40198
      vertex 104.939 44.1867 2.20972
    endloop
  endfacet
  facet normal 0.435832 0.815354 0.381114
    outer loop
      vertex 3.6625 3.18521 2.0286
      vertex 3.51003 3.26671 2.0286
      vertex 3.46835 3.20433 2.20972
    endloop
  endfacet
  facet normal 0.46218 -0.865266 0.194175
    outer loop
      vertex 3.46835 44.7957 2.20972
      vertex 3.61916 44.9194 2.40198
      vertex 3.44711 44.8275 2.40198
    endloop
  endfacet
  facet normal 0.284988 -0.938684 0.194048
    outer loop
      vertex 3.6338 44.8841 2.20972
      vertex 3.81331 44.9386 2.20972
      vertex 3.61916 44.9194 2.40198
    endloop
  endfacet
  facet normal 0.382402 -0.0376583 0.923228
    outer loop
      vertex 3.70972 44 1.54306
      vertex 3.53766 44.092 1.61808
      vertex 3.5286 44 1.61808
    endloop
  endfacet
  facet normal 0.205783 -0.678196 0.705481
    outer loop
      vertex 3.75723 44.5861 1.72699
      vertex 3.84919 44.7582 1.86561
      vertex 3.70418 44.7142 1.86561
    endloop
  endfacet
  facet normal 0.734399 -0.392482 0.553729
    outer loop
      vertex 3.35727 44.4295 1.86561
      vertex 3.26671 44.49 2.0286
      vertex 3.18521 44.3375 2.0286
    endloop
  endfacet
  facet normal 0.828694 -0.0816055 0.553721
    outer loop
      vertex 3.22699 44 1.86561
      vertex 3.24184 44.1508 1.86561
      vertex 3.13503 44.1721 2.0286
    endloop
  endfacet
  facet normal 0.995183 -0.0980315 0
    outer loop
      vertex 3.00482 44 26.5
      vertex 3.02394 44.1941 2.40198
      vertex 3.02394 44.1941 26.5
    endloop
  endfacet
  facet normal 0.995183 -0.0980315 0
    outer loop
      vertex 3.02394 44.1941 2.40198
      vertex 3.00482 44 26.5
      vertex 3.00482 44 2.40198
    endloop
  endfacet
  facet normal 0.6436 -0.528369 0.553719
    outer loop
      vertex 3.35727 44.4295 1.86561
      vertex 3.37639 44.6236 2.0286
      vertex 3.26671 44.49 2.0286
    endloop
  endfacet
  facet normal 0.815451 -0.435798 0.380946
    outer loop
      vertex 3.26671 44.49 2.0286
      vertex 3.20433 44.5316 2.20972
      vertex 3.18521 44.3375 2.0286
    endloop
  endfacet
  facet normal -0.269244 -0.884305 0.381462
    outer loop
      vertex 104.337 44.8148 2.0286
      vertex 104.366 44.8841 2.20972
      vertex 104.187 44.9386 2.20972
    endloop
  endfacet
  facet normal -0.285701 -0.938357 0.194578
    outer loop
      vertex 104.366 44.8841 2.20972
      vertex 104.381 44.9194 2.40198
      vertex 104.187 44.9386 2.20972
    endloop
  endfacet
  facet normal 0.090376 -0.920071 0.381185
    outer loop
      vertex 3.82795 44.865 2.0286
      vertex 4 44.8819 2.0286
      vertex 3.81331 44.9386 2.20972
    endloop
  endfacet
  facet normal 0.554749 -0.0546307 0.830222
    outer loop
      vertex 3.5286 44 1.61808
      vertex 3.53766 44.092 1.61808
      vertex 3.3778 44.1238 1.72699
    endloop
  endfacet
  facet normal 0.241782 -0.79687 0.553661
    outer loop
      vertex 3.84919 44.7582 1.86561
      vertex 3.82795 44.865 2.0286
      vertex 3.6625 44.8148 2.0286
    endloop
  endfacet
  facet normal 0 -0.382709 0.923869
    outer loop
      vertex 4 44.4714 1.61808
      vertex 104 44.2903 1.54306
      vertex 104 44.4714 1.61808
    endloop
  endfacet
  facet normal 0 -0.382709 0.923869
    outer loop
      vertex 104 44.2903 1.54306
      vertex 4 44.4714 1.61808
      vertex 4 44.2903 1.54306
    endloop
  endfacet
  facet normal -0.3912 -0.7344 0.554634
    outer loop
      vertex 104.429 44.6427 1.86561
      vertex 104.49 44.7333 2.0286
      vertex 104.337 44.8148 2.0286
    endloop
  endfacet
  facet normal -0.526942 -0.643666 0.555001
    outer loop
      vertex 104.624 44.6236 2.0286
      vertex 104.49 44.7333 2.0286
      vertex 104.429 44.6427 1.86561
    endloop
  endfacet
  facet normal -0.0812368 -0.828835 0.553565
    outer loop
      vertex 104.151 44.7582 1.86561
      vertex 104.172 44.865 2.0286
      vertex 104 44.773 1.86561
    endloop
  endfacet
  facet normal -0.0814269 -0.828724 0.553703
    outer loop
      vertex 104.172 44.865 2.0286
      vertex 104 44.8819 2.0286
      vertex 104 44.773 1.86561
    endloop
  endfacet
  facet normal -0.621987 -0.758643 0.193889
    outer loop
      vertex 104.677 44.6767 2.20972
      vertex 104.704 44.7037 2.40198
      vertex 104.553 44.8275 2.40198
    endloop
  endfacet
  facet normal -0.634018 -0.773318 0
    outer loop
      vertex 104.553 44.8275 2.40198
      vertex 104.704 44.7037 26.5
      vertex 104.553 44.8275 26.5
    endloop
  endfacet
  facet normal -0.634018 -0.773318 -0
    outer loop
      vertex 104.704 44.7037 26.5
      vertex 104.553 44.8275 2.40198
      vertex 104.704 44.7037 2.40198
    endloop
  endfacet
  facet normal -0.633926 0.773393 0
    outer loop
      vertex 104.704 3.2963 2.40198
      vertex 104.553 3.17253 26.5
      vertex 104.704 3.2963 26.5
    endloop
  endfacet
  facet normal -0.633926 0.773393 0
    outer loop
      vertex 104.553 3.17253 26.5
      vertex 104.704 3.2963 2.40198
      vertex 104.553 3.17253 2.40198
    endloop
  endfacet
  facet normal 0.643698 0.528246 0.553723
    outer loop
      vertex 3.37639 3.37639 2.0286
      vertex 3.4534 3.4534 1.86561
      vertex 3.35727 3.57054 1.86561
    endloop
  endfacet
  facet normal 0.622329 0.758289 0.194174
    outer loop
      vertex 3.44711 3.17253 2.40198
      vertex 3.32334 3.32334 2.20972
      vertex 3.2963 3.2963 2.40198
    endloop
  endfacet
  facet normal -0.285453 0.938405 0.194714
    outer loop
      vertex 104.381 3.08057 2.40198
      vertex 104.366 3.1159 2.20972
      vertex 104.187 3.06145 2.20972
    endloop
  endfacet
  facet normal -0.269014 0.88436 0.381495
    outer loop
      vertex 104.366 3.1159 2.20972
      vertex 104.337 3.18521 2.0286
      vertex 104.187 3.06145 2.20972
    endloop
  endfacet
  facet normal -0.170058 0.100389 0.980307
    outer loop
      vertex 104.268 3.88891 1.54306
      vertex 104.091 3.96249 1.50482
      vertex 104.081 3.94555 1.50482
    endloop
  endfacet
  facet normal -0.622681 0.334958 0.707157
    outer loop
      vertex 104.643 3.57054 1.86561
      vertex 104.586 3.75723 1.72699
      vertex 104.527 3.64755 1.72699
    endloop
  endfacet
  facet normal -0.54913 0.445565 0.707056
    outer loop
      vertex 104.643 3.57054 1.86561
      vertex 104.527 3.64755 1.72699
      vertex 104.449 3.55142 1.72699
    endloop
  endfacet
  facet normal -0.354333 -0.428579 0.831125
    outer loop
      vertex 104.333 44.3333 1.61808
      vertex 104.449 44.4486 1.72699
      vertex 104.262 44.392 1.61808
    endloop
  endfacet
  facet normal -0.428507 -0.354088 0.831266
    outer loop
      vertex 104.392 44.2619 1.61808
      vertex 104.449 44.4486 1.72699
      vertex 104.333 44.3333 1.61808
    endloop
  endfacet
  facet normal -0.195301 -0.0172528 0.980592
    outer loop
      vertex 104.29 44 1.54306
      vertex 104.285 44.0566 1.54306
      vertex 104.098 44 1.50482
    endloop
  endfacet
  facet normal -0.194387 -0.0203547 0.980714
    outer loop
      vertex 104.098 44 1.50482
      vertex 104.285 44.0566 1.54306
      vertex 104.096 44.0191 1.50482
    endloop
  endfacet
  facet normal -0.151585 -0.124024 0.980632
    outer loop
      vertex 104.241 44.1613 1.54306
      vertex 104.205 44.2053 1.54306
      vertex 104.081 44.0545 1.50482
    endloop
  endfacet
  facet normal -0.1903 -0.0517119 0.980363
    outer loop
      vertex 104.096 44.0191 1.50482
      vertex 104.268 44.1111 1.54306
      vertex 104.091 44.0375 1.50482
    endloop
  endfacet
  facet normal 0.554745 0.0546541 0.830223
    outer loop
      vertex 3.53766 3.90804 1.61808
      vertex 3.5286 4 1.61808
      vertex 3.3778 3.87624 1.72699
    endloop
  endfacet
  facet normal 0.53343 0.161808 0.830223
    outer loop
      vertex 3.4139 3.75723 1.72699
      vertex 3.53766 3.90804 1.61808
      vertex 3.3778 3.87624 1.72699
    endloop
  endfacet
  facet normal 0.734355 0.392536 0.553749
    outer loop
      vertex 3.26671 3.51003 2.0286
      vertex 3.35727 3.57054 1.86561
      vertex 3.18521 3.6625 2.0286
    endloop
  endfacet
  facet normal 0.828708 0.0816015 0.5537
    outer loop
      vertex 3.24184 3.84919 1.86561
      vertex 3.22699 4 1.86561
      vertex 3.13503 3.82795 2.0286
    endloop
  endfacet
  facet normal -0.0193916 0.194942 0.980623
    outer loop
      vertex 104.057 3.71529 1.54306
      vertex 104.019 3.90387 1.50482
      vertex 104 3.90198 1.50482
    endloop
  endfacet
  facet normal -0.0573012 0.187304 0.980629
    outer loop
      vertex 104.057 3.71529 1.54306
      vertex 104.111 3.73181 1.54306
      vertex 104.019 3.90387 1.50482
    endloop
  endfacet
  facet normal -0.0815055 0.828777 0.553612
    outer loop
      vertex 104.172 3.13503 2.0286
      vertex 104.151 3.24184 1.86561
      vertex 104 3.22699 1.86561
    endloop
  endfacet
  facet normal -0.205773 0.67831 0.705374
    outer loop
      vertex 104.151 3.24184 1.86561
      vertex 104.243 3.4139 1.72699
      vertex 104.124 3.3778 1.72699
    endloop
  endfacet
  facet normal 0.1243 0.151525 0.980607
    outer loop
      vertex 3.94555 3.9185 1.50482
      vertex 3.93069 3.93069 1.50482
      vertex 3.79474 3.79474 1.54306
    endloop
  endfacet
  facet normal 0.367726 0.111557 0.923219
    outer loop
      vertex 3.56449 3.8196 1.61808
      vertex 3.73181 3.88891 1.54306
      vertex 3.53766 3.90804 1.61808
    endloop
  endfacet
  facet normal 0.181191 0.33888 0.923217
    outer loop
      vertex 3.88891 3.73181 1.54306
      vertex 3.83873 3.75864 1.54306
      vertex 3.8196 3.56449 1.61808
    endloop
  endfacet
  facet normal 0.0192769 0.195013 0.980611
    outer loop
      vertex 4 3.90198 1.50482
      vertex 3.98088 3.90387 1.50482
      vertex 3.94337 3.71529 1.54306
    endloop
  endfacet
  facet normal 0.297054 0.243747 0.923226
    outer loop
      vertex 3.66667 3.66667 1.61808
      vertex 3.79474 3.79474 1.54306
      vertex 3.60805 3.73811 1.61808
    endloop
  endfacet
  facet normal 0.151496 0.124324 0.980608
    outer loop
      vertex 3.79474 3.79474 1.54306
      vertex 3.9185 3.94555 1.50482
      vertex 3.75864 3.83873 1.54306
    endloop
  endfacet
  facet normal 0 0 1
    outer loop
      vertex 104 44.098 1.50482
      vertex 104.098 44 1.50482
      vertex 104.096 44.0191 1.50482
    endloop
  endfacet
  facet normal 0 0 1
    outer loop
      vertex 104.098 44 1.50482
      vertex 104 44.098 1.50482
      vertex 104.098 4 1.50482
    endloop
  endfacet
  facet normal 0 0 1
    outer loop
      vertex 104 44.098 1.50482
      vertex 104.096 44.0191 1.50482
      vertex 104.091 44.0375 1.50482
    endloop
  endfacet
  facet normal 0 0 1
    outer loop
      vertex 104 3.90198 1.50482
      vertex 104.098 4 1.50482
      vertex 104 44.098 1.50482
    endloop
  endfacet
  facet normal 0 0 1
    outer loop
      vertex 104 44.098 1.50482
      vertex 104.091 44.0375 1.50482
      vertex 104.081 44.0545 1.50482
    endloop
  endfacet
  facet normal 0 0 1
    outer loop
      vertex 104.098 4 1.50482
      vertex 104 3.90198 1.50482
      vertex 104.096 3.98088 1.50482
    endloop
  endfacet
  facet normal 0 0 1
    outer loop
      vertex 104 44.098 1.50482
      vertex 104.081 44.0545 1.50482
      vertex 104.069 44.0693 1.50482
    endloop
  endfacet
  facet normal 0 0 1
    outer loop
      vertex 104.096 3.98088 1.50482
      vertex 104 3.90198 1.50482
      vertex 104.091 3.96249 1.50482
    endloop
  endfacet
  facet normal 0 0 1
    outer loop
      vertex 104 44.098 1.50482
      vertex 104.069 44.0693 1.50482
      vertex 104.054 44.0815 1.50482
    endloop
  endfacet
  facet normal 0 0 1
    outer loop
      vertex 104.091 3.96249 1.50482
      vertex 104 3.90198 1.50482
      vertex 104.081 3.94555 1.50482
    endloop
  endfacet
  facet normal 0 0 1
    outer loop
      vertex 104 44.098 1.50482
      vertex 104.054 44.0815 1.50482
      vertex 104.038 44.0906 1.50482
    endloop
  endfacet
  facet normal 0 0 1
    outer loop
      vertex 104.081 3.94555 1.50482
      vertex 104 3.90198 1.50482
      vertex 104.069 3.93069 1.50482
    endloop
  endfacet
  facet normal 0 0 1
    outer loop
      vertex 104 44.098 1.50482
      vertex 104.038 44.0906 1.50482
      vertex 104.019 44.0961 1.50482
    endloop
  endfacet
  facet normal 0 0 1
    outer loop
      vertex 104.069 3.93069 1.50482
      vertex 104 3.90198 1.50482
      vertex 104.054 3.9185 1.50482
    endloop
  endfacet
  facet normal 0 0 1
    outer loop
      vertex 104.054 3.9185 1.50482
      vertex 104 3.90198 1.50482
      vertex 104.038 3.90944 1.50482
    endloop
  endfacet
  facet normal 0 0 1
    outer loop
      vertex 104.038 3.90944 1.50482
      vertex 104 3.90198 1.50482
      vertex 104.019 3.90387 1.50482
    endloop
  endfacet
  facet normal -0 0 1
    outer loop
      vertex 4 44.098 1.50482
      vertex 104 3.90198 1.50482
      vertex 104 44.098 1.50482
    endloop
  endfacet
  facet normal 0 0 1
    outer loop
      vertex 4 44.098 1.50482
      vertex 4 3.90198 1.50482
      vertex 104 3.90198 1.50482
    endloop
  endfacet
  facet normal 0 0 1
    outer loop
      vertex 3.90198 44 1.50482
      vertex 4 44.098 1.50482
      vertex 3.98088 44.0961 1.50482
    endloop
  endfacet
  facet normal 0 0 1
    outer loop
      vertex 4 44.098 1.50482
      vertex 3.90198 44 1.50482
      vertex 4 3.90198 1.50482
    endloop
  endfacet
  facet normal 0 0 1
    outer loop
      vertex 3.90198 44 1.50482
      vertex 3.98088 44.0961 1.50482
      vertex 3.96249 44.0906 1.50482
    endloop
  endfacet
  facet normal -0 0 1
    outer loop
      vertex 3.90198 4 1.50482
      vertex 4 3.90198 1.50482
      vertex 3.90198 44 1.50482
    endloop
  endfacet
  facet normal 0 0 1
    outer loop
      vertex 3.90198 44 1.50482
      vertex 3.96249 44.0906 1.50482
      vertex 3.94555 44.0815 1.50482
    endloop
  endfacet
  facet normal 0 0 1
    outer loop
      vertex 4 3.90198 1.50482
      vertex 3.90198 4 1.50482
      vertex 3.98088 3.90387 1.50482
    endloop
  endfacet
  facet normal 0 0 1
    outer loop
      vertex 3.90198 44 1.50482
      vertex 3.94555 44.0815 1.50482
      vertex 3.93069 44.0693 1.50482
    endloop
  endfacet
  facet normal 0 0 1
    outer loop
      vertex 3.98088 3.90387 1.50482
      vertex 3.90198 4 1.50482
      vertex 3.96249 3.90944 1.50482
    endloop
  endfacet
  facet normal 0 0 1
    outer loop
      vertex 3.90198 44 1.50482
      vertex 3.93069 44.0693 1.50482
      vertex 3.9185 44.0545 1.50482
    endloop
  endfacet
  facet normal 0 0 1
    outer loop
      vertex 3.96249 3.90944 1.50482
      vertex 3.90198 4 1.50482
      vertex 3.94555 3.9185 1.50482
    endloop
  endfacet
  facet normal 0 0 1
    outer loop
      vertex 3.90198 44 1.50482
      vertex 3.9185 44.0545 1.50482
      vertex 3.90944 44.0375 1.50482
    endloop
  endfacet
  facet normal 0 0 1
    outer loop
      vertex 3.94555 3.9185 1.50482
      vertex 3.90198 4 1.50482
      vertex 3.93069 3.93069 1.50482
    endloop
  endfacet
  facet normal 0 0 1
    outer loop
      vertex 3.90198 44 1.50482
      vertex 3.90944 44.0375 1.50482
      vertex 3.90387 44.0191 1.50482
    endloop
  endfacet
  facet normal 0 0 1
    outer loop
      vertex 3.93069 3.93069 1.50482
      vertex 3.90198 4 1.50482
      vertex 3.9185 3.94555 1.50482
    endloop
  endfacet
  facet normal 0 0 1
    outer loop
      vertex 3.9185 3.94555 1.50482
      vertex 3.90198 4 1.50482
      vertex 3.90944 3.96249 1.50482
    endloop
  endfacet
  facet normal 0 0 1
    outer loop
      vertex 3.90944 3.96249 1.50482
      vertex 3.90198 4 1.50482
      vertex 3.90387 3.98088 1.50482
    endloop
  endfacet
  facet normal 0.187571 0.0568118 0.980607
    outer loop
      vertex 3.90944 3.96249 1.50482
      vertex 3.90387 3.98088 1.50482
      vertex 3.73181 3.88891 1.54306
    endloop
  endfacet
  facet normal 0.0546541 0.554745 0.830223
    outer loop
      vertex 4 3.5286 1.61808
      vertex 3.90804 3.53766 1.61808
      vertex 3.87624 3.3778 1.72699
    endloop
  endfacet
  facet normal 0.547914 0.449708 0.705375
    outer loop
      vertex 3.55142 3.55142 1.72699
      vertex 3.47252 3.64755 1.72699
      vertex 3.35727 3.57054 1.86561
    endloop
  endfacet
  facet normal 0.625149 0.33412 0.705374
    outer loop
      vertex 3.47252 3.64755 1.72699
      vertex 3.4139 3.75723 1.72699
      vertex 3.35727 3.57054 1.86561
    endloop
  endfacet
  facet normal 0.528246 0.643698 0.553723
    outer loop
      vertex 3.57054 3.35727 1.86561
      vertex 3.4534 3.4534 1.86561
      vertex 3.37639 3.37639 2.0286
    endloop
  endfacet
  facet normal 0.547927 0.449652 0.7054
    outer loop
      vertex 3.4534 3.4534 1.86561
      vertex 3.55142 3.55142 1.72699
      vertex 3.35727 3.57054 1.86561
    endloop
  endfacet
  facet normal 0.97624 0.0961407 0.194195
    outer loop
      vertex 3.02394 3.80585 2.40198
      vertex 3.06145 3.81331 2.20972
      vertex 3.00482 4 2.40198
    endloop
  endfacet
  facet normal 0.884732 0.268334 0.381112
    outer loop
      vertex 3.18521 3.6625 2.0286
      vertex 3.13503 3.82795 2.0286
      vertex 3.06145 3.81331 2.20972
    endloop
  endfacet
  facet normal 0.0816403 0.828686 0.553728
    outer loop
      vertex 4 3.11808 2.0286
      vertex 4 3.22699 1.86561
      vertex 3.82795 3.13503 2.0286
    endloop
  endfacet
  facet normal 0.28475 0.938726 0.194195
    outer loop
      vertex 3.80585 3.02394 2.40198
      vertex 3.81331 3.06145 2.20972
      vertex 3.61916 3.08057 2.40198
    endloop
  endfacet
  facet normal 0.831461 -0 0.555583
    outer loop
      vertex 3.11808 4 2.0286
      vertex 3.22699 44 1.86561
      vertex 3.11808 44 2.0286
    endloop
  endfacet
  facet normal 0.831461 0 0.555583
    outer loop
      vertex 3.22699 44 1.86561
      vertex 3.11808 4 2.0286
      vertex 3.22699 4 1.86561
    endloop
  endfacet
  facet normal 0.920082 -0.0906283 0.381098
    outer loop
      vertex 3.11808 44 2.0286
      vertex 3.06145 44.1867 2.20972
      vertex 3.04306 44 2.20972
    endloop
  endfacet
  facet normal 0.923884 -0 0.382673
    outer loop
      vertex 3.04306 4 2.20972
      vertex 3.11808 44 2.0286
      vertex 3.04306 44 2.20972
    endloop
  endfacet
  facet normal 0.923884 0 0.382673
    outer loop
      vertex 3.11808 44 2.0286
      vertex 3.04306 4 2.20972
      vertex 3.11808 4 2.0286
    endloop
  endfacet
  facet normal -0.536365 -0.157754 0.829112
    outer loop
      vertex 104.462 44.092 1.61808
      vertex 104.586 44.2428 1.72699
      vertex 104.436 44.1804 1.61808
    endloop
  endfacet
  facet normal -0.734364 -0.394871 0.552074
    outer loop
      vertex 104.815 44.3375 2.0286
      vertex 104.733 44.49 2.0286
      vertex 104.643 44.4295 1.86561
    endloop
  endfacet
  facet normal -0.796621 -0.240817 0.554438
    outer loop
      vertex 104.865 44.1721 2.0286
      vertex 104.815 44.3375 2.0286
      vertex 104.758 44.1508 1.86561
    endloop
  endfacet
  facet normal -0.705198 -0.0701457 0.705532
    outer loop
      vertex 104.773 44 1.86561
      vertex 104.758 44.1508 1.86561
      vertex 104.622 44.1238 1.72699
    endloop
  endfacet
  facet normal -0.554755 -0.0537727 0.830274
    outer loop
      vertex 104.634 44 1.72699
      vertex 104.622 44.1238 1.72699
      vertex 104.471 44 1.61808
    endloop
  endfacet
  facet normal -0.38425 -0.0339443 0.922605
    outer loop
      vertex 104.29 44 1.54306
      vertex 104.462 44.092 1.61808
      vertex 104.285 44.0566 1.54306
    endloop
  endfacet
  facet normal -0.368101 -0.114821 0.922669
    outer loop
      vertex 104.285 44.0566 1.54306
      vertex 104.462 44.092 1.61808
      vertex 104.268 44.1111 1.54306
    endloop
  endfacet
  facet normal -0.884293 0.267239 0.382896
    outer loop
      vertex 104.939 3.81331 2.20972
      vertex 104.865 3.82795 2.0286
      vertex 104.815 3.6625 2.0286
    endloop
  endfacet
  facet normal -0.796 0.241528 0.555021
    outer loop
      vertex 104.815 3.6625 2.0286
      vertex 104.758 3.84919 1.86561
      vertex 104.714 3.70418 1.86561
    endloop
  endfacet
  facet normal -0.67843 0.205854 0.705235
    outer loop
      vertex 104.714 3.70418 1.86561
      vertex 104.758 3.84919 1.86561
      vertex 104.586 3.75723 1.72699
    endloop
  endfacet
  facet normal -0.554477 0.0542659 0.830428
    outer loop
      vertex 104.622 3.87624 1.72699
      vertex 104.471 4 1.61808
      vertex 104.462 3.90804 1.61808
    endloop
  endfacet
  facet normal -0.813345 0.437426 0.383573
    outer loop
      vertex 104.796 3.46835 2.20972
      vertex 104.815 3.6625 2.0286
      vertex 104.733 3.51003 2.0286
    endloop
  endfacet
  facet normal -0.816673 0.434374 0.379952
    outer loop
      vertex 104.884 3.6338 2.20972
      vertex 104.815 3.6625 2.0286
      vertex 104.796 3.46835 2.20972
    endloop
  endfacet
  facet normal -0.715741 0.583776 0.383301
    outer loop
      vertex 104.796 3.46835 2.20972
      vertex 104.733 3.51003 2.0286
      vertex 104.624 3.37639 2.0286
    endloop
  endfacet
  facet normal -0.585344 0.715136 0.382038
    outer loop
      vertex 104.532 3.20433 2.20972
      vertex 104.624 3.37639 2.0286
      vertex 104.49 3.26671 2.0286
    endloop
  endfacet
  facet normal -0.394413 0.73428 0.552514
    outer loop
      vertex 104.337 3.18521 2.0286
      vertex 104.429 3.35727 1.86561
      vertex 104.296 3.28583 1.86561
    endloop
  endfacet
  facet normal -0.335468 0.624542 0.705272
    outer loop
      vertex 104.296 3.28583 1.86561
      vertex 104.429 3.35727 1.86561
      vertex 104.243 3.4139 1.72699
    endloop
  endfacet
  facet normal -0.622475 -0.335091 0.707276
    outer loop
      vertex 104.586 44.2428 1.72699
      vertex 104.643 44.4295 1.86561
      vertex 104.527 44.3524 1.72699
    endloop
  endfacet
  facet normal -0.715728 -0.58394 0.383076
    outer loop
      vertex 104.733 44.49 2.0286
      vertex 104.796 44.5316 2.20972
      vertex 104.624 44.6236 2.0286
    endloop
  endfacet
  facet normal -0.884292 -0.267319 0.382843
    outer loop
      vertex 104.865 44.1721 2.0286
      vertex 104.939 44.1867 2.20972
      vertex 104.815 44.3375 2.0286
    endloop
  endfacet
  facet normal -0.919307 -0.090809 0.38292
    outer loop
      vertex 104.882 44 2.0286
      vertex 104.939 44.1867 2.20972
      vertex 104.865 44.1721 2.0286
    endloop
  endfacet
  facet normal -0.884447 -0.271001 0.379884
    outer loop
      vertex 104.939 44.1867 2.20972
      vertex 104.884 44.3662 2.20972
      vertex 104.815 44.3375 2.0286
    endloop
  endfacet
  facet normal -0.81662 -0.434477 0.379949
    outer loop
      vertex 104.815 44.3375 2.0286
      vertex 104.884 44.3662 2.20972
      vertex 104.796 44.5316 2.20972
    endloop
  endfacet
  facet normal 0.865143 0.462403 0.194191
    outer loop
      vertex 3.20433 3.46835 2.20972
      vertex 3.1159 3.6338 2.20972
      vertex 3.08057 3.61916 2.40198
    endloop
  endfacet
  facet normal 0.758289 0.622329 0.194174
    outer loop
      vertex 3.32334 3.32334 2.20972
      vertex 3.20433 3.46835 2.20972
      vertex 3.17253 3.44711 2.40198
    endloop
  endfacet
  facet normal 0.622438 -0.758238 0.194025
    outer loop
      vertex 3.32334 44.6767 2.20972
      vertex 3.44711 44.8275 2.40198
      vertex 3.2963 44.7037 2.40198
    endloop
  endfacet
  facet normal 0.622298 -0.758315 0.194175
    outer loop
      vertex 3.46835 44.7957 2.20972
      vertex 3.44711 44.8275 2.40198
      vertex 3.32334 44.6767 2.20972
    endloop
  endfacet
  facet normal 0.285076 -0.938638 0.194141
    outer loop
      vertex 3.81331 44.9386 2.20972
      vertex 3.80585 44.9761 2.40198
      vertex 3.61916 44.9194 2.40198
    endloop
  endfacet
  facet normal 0.462293 -0.865231 0.194063
    outer loop
      vertex 3.6338 44.8841 2.20972
      vertex 3.61916 44.9194 2.40198
      vertex 3.46835 44.7957 2.20972
    endloop
  endfacet
  facet normal 0.382673 0 0.923884
    outer loop
      vertex 3.5286 44 1.61808
      vertex 3.70972 4 1.54306
      vertex 3.70972 44 1.54306
    endloop
  endfacet
  facet normal 0.382673 0 0.923884
    outer loop
      vertex 3.70972 4 1.54306
      vertex 3.5286 44 1.61808
      vertex 3.5286 4 1.61808
    endloop
  endfacet
  facet normal 0.815329 -0.43591 0.381079
    outer loop
      vertex 3.18521 44.3375 2.0286
      vertex 3.20433 44.5316 2.20972
      vertex 3.1159 44.3662 2.20972
    endloop
  endfacet
  facet normal 0.884729 -0.268376 0.38109
    outer loop
      vertex 3.18521 44.3375 2.0286
      vertex 3.1159 44.3662 2.20972
      vertex 3.06145 44.1867 2.20972
    endloop
  endfacet
  facet normal 0.678312 -0.205786 0.705368
    outer loop
      vertex 3.4139 44.2428 1.72699
      vertex 3.28583 44.2958 1.86561
      vertex 3.24184 44.1508 1.86561
    endloop
  endfacet
  facet normal 0.734403 -0.392414 0.553772
    outer loop
      vertex 3.28583 44.2958 1.86561
      vertex 3.35727 44.4295 1.86561
      vertex 3.18521 44.3375 2.0286
    endloop
  endfacet
  facet normal 0.0692181 -0.705323 0.705499
    outer loop
      vertex 3.87624 44.6222 1.72699
      vertex 4 44.773 1.86561
      vertex 3.84919 44.7582 1.86561
    endloop
  endfacet
  facet normal 0.35382 -0.430611 0.830293
    outer loop
      vertex 3.66667 44.3333 1.61808
      vertex 3.73811 44.392 1.61808
      vertex 3.55142 44.4486 1.72699
    endloop
  endfacet
  facet normal 0.33435 -0.62493 0.705459
    outer loop
      vertex 3.75723 44.5861 1.72699
      vertex 3.70418 44.7142 1.86561
      vertex 3.57054 44.6427 1.86561
    endloop
  endfacet
  facet normal 0.24179 -0.796863 0.553667
    outer loop
      vertex 3.70418 44.7142 1.86561
      vertex 3.84919 44.7582 1.86561
      vertex 3.6625 44.8148 2.0286
    endloop
  endfacet
  facet normal 0 -0.831485 0.555548
    outer loop
      vertex 4 44.773 1.86561
      vertex 104 44.8819 2.0286
      vertex 4 44.8819 2.0286
    endloop
  endfacet
  facet normal 0 -0.831485 0.555548
    outer loop
      vertex 104 44.8819 2.0286
      vertex 4 44.773 1.86561
      vertex 104 44.773 1.86561
    endloop
  endfacet
  facet normal 0.0814034 -0.828725 0.553704
    outer loop
      vertex 4 44.773 1.86561
      vertex 4 44.8819 2.0286
      vertex 3.82795 44.865 2.0286
    endloop
  endfacet
  facet normal -0.0691334 -0.705348 0.705482
    outer loop
      vertex 104.124 44.6222 1.72699
      vertex 104.151 44.7582 1.86561
      vertex 104 44.773 1.86561
    endloop
  endfacet
  facet normal -0.335661 -0.624376 0.705328
    outer loop
      vertex 104.429 44.6427 1.86561
      vertex 104.296 44.7142 1.86561
      vertex 104.243 44.5861 1.72699
    endloop
  endfacet
  facet normal -0.0925181 -0.172608 0.980636
    outer loop
      vertex 104.161 44.2414 1.54306
      vertex 104.111 44.2682 1.54306
      vertex 104.054 44.0815 1.50482
    endloop
  endfacet
  facet normal -0.352195 -0.43299 0.829746
    outer loop
      vertex 104.449 44.4486 1.72699
      vertex 104.352 44.5275 1.72699
      vertex 104.262 44.392 1.61808
    endloop
  endfacet
  facet normal -0.205745 -0.678217 0.705472
    outer loop
      vertex 104.243 44.5861 1.72699
      vertex 104.151 44.7582 1.86561
      vertex 104.124 44.6222 1.72699
    endloop
  endfacet
  facet normal -0.622418 -0.758408 0.193426
    outer loop
      vertex 104.677 44.6767 2.20972
      vertex 104.553 44.8275 2.40198
      vertex 104.532 44.7957 2.20972
    endloop
  endfacet
  facet normal -0.462336 -0.865307 0.193622
    outer loop
      vertex 104.532 44.7957 2.20972
      vertex 104.553 44.8275 2.40198
      vertex 104.381 44.9194 2.40198
    endloop
  endfacet
  facet normal -0.622449 0.758382 0.193426
    outer loop
      vertex 104.553 3.17253 2.40198
      vertex 104.677 3.32334 2.20972
      vertex 104.532 3.20433 2.20972
    endloop
  endfacet
  facet normal -0.586584 0.714685 0.380979
    outer loop
      vertex 104.677 3.32334 2.20972
      vertex 104.624 3.37639 2.0286
      vertex 104.532 3.20433 2.20972
    endloop
  endfacet
  facet normal 0.462403 0.865143 0.194191
    outer loop
      vertex 3.61916 3.08057 2.40198
      vertex 3.6338 3.1159 2.20972
      vertex 3.46835 3.20433 2.20972
    endloop
  endfacet
  facet normal 0.462414 0.86514 0.19418
    outer loop
      vertex 3.61916 3.08057 2.40198
      vertex 3.46835 3.20433 2.20972
      vertex 3.44711 3.17253 2.40198
    endloop
  endfacet
  facet normal -0.0904841 0.920094 0.381103
    outer loop
      vertex 104.187 3.06145 2.20972
      vertex 104 3.11808 2.0286
      vertex 104 3.04306 2.20972
    endloop
  endfacet
  facet normal -0.0906638 0.92001 0.381263
    outer loop
      vertex 104.187 3.06145 2.20972
      vertex 104.172 3.13503 2.0286
      vertex 104 3.11808 2.0286
    endloop
  endfacet
  facet normal -0.17017 -0.1001 0.980317
    outer loop
      vertex 104.091 44.0375 1.50482
      vertex 104.268 44.1111 1.54306
      vertex 104.081 44.0545 1.50482
    endloop
  endfacet
  facet normal 0.678279 0.205746 0.705412
    outer loop
      vertex 3.4139 3.75723 1.72699
      vertex 3.3778 3.87624 1.72699
      vertex 3.24184 3.84919 1.86561
    endloop
  endfacet
  facet normal 0.70539 0.0694585 0.705408
    outer loop
      vertex 3.24184 3.84919 1.86561
      vertex 3.3778 3.87624 1.72699
      vertex 3.22699 4 1.86561
    endloop
  endfacet
  facet normal 0.796836 0.241727 0.553733
    outer loop
      vertex 3.28583 3.70418 1.86561
      vertex 3.24184 3.84919 1.86561
      vertex 3.18521 3.6625 2.0286
    endloop
  endfacet
  facet normal 0.678282 0.205762 0.705405
    outer loop
      vertex 3.28583 3.70418 1.86561
      vertex 3.4139 3.75723 1.72699
      vertex 3.24184 3.84919 1.86561
    endloop
  endfacet
  facet normal -0.243455 0.296732 0.923406
    outer loop
      vertex 104.262 3.60805 1.61808
      vertex 104.205 3.79474 1.54306
      vertex 104.161 3.75864 1.54306
    endloop
  endfacet
  facet normal -0.124234 0.151422 0.980631
    outer loop
      vertex 104.161 3.75864 1.54306
      vertex 104.205 3.79474 1.54306
      vertex 104.054 3.9185 1.50482
    endloop
  endfacet
  facet normal -0.0376583 0.382402 0.923228
    outer loop
      vertex 104.092 3.53766 1.61808
      vertex 104 3.70972 1.54306
      vertex 104 3.5286 1.61808
    endloop
  endfacet
  facet normal -0.0190592 0.195041 0.98061
    outer loop
      vertex 104.057 3.71529 1.54306
      vertex 104 3.90198 1.50482
      vertex 104 3.70972 1.54306
    endloop
  endfacet
  facet normal -0.181847 0.338887 0.923086
    outer loop
      vertex 104.18 3.56449 1.61808
      vertex 104.161 3.75864 1.54306
      vertex 104.111 3.73181 1.54306
    endloop
  endfacet
  facet normal 0.435807 0.815382 0.381083
    outer loop
      vertex 3.6338 3.1159 2.20972
      vertex 3.6625 3.18521 2.0286
      vertex 3.46835 3.20433 2.20972
    endloop
  endfacet
  facet normal 0.241687 0.796872 0.553699
    outer loop
      vertex 3.82795 3.13503 2.0286
      vertex 3.84919 3.24184 1.86561
      vertex 3.6625 3.18521 2.0286
    endloop
  endfacet
  facet normal -0.0545361 0.554756 0.830224
    outer loop
      vertex 104.124 3.3778 1.72699
      vertex 104 3.5286 1.61808
      vertex 104 3.36561 1.72699
    endloop
  endfacet
  facet normal -0.0693458 0.705405 0.705405
    outer loop
      vertex 104.124 3.3778 1.72699
      vertex 104 3.36561 1.72699
      vertex 104 3.22699 1.86561
    endloop
  endfacet
  facet normal -0.241877 0.797276 0.553033
    outer loop
      vertex 104.337 3.18521 2.0286
      vertex 104.296 3.28583 1.86561
      vertex 104.151 3.24184 1.86561
    endloop
  endfacet
  facet normal -0.242343 0.796865 0.553422
    outer loop
      vertex 104.172 3.13503 2.0286
      vertex 104.337 3.18521 2.0286
      vertex 104.151 3.24184 1.86561
    endloop
  endfacet
  facet normal 0.111546 0.367725 0.92322
    outer loop
      vertex 3.90804 3.53766 1.61808
      vertex 3.94337 3.71529 1.54306
      vertex 3.88891 3.73181 1.54306
    endloop
  endfacet
  facet normal 0.0568862 0.187532 0.98061
    outer loop
      vertex 3.94337 3.71529 1.54306
      vertex 3.98088 3.90387 1.50482
      vertex 3.88891 3.73181 1.54306
    endloop
  endfacet
  facet normal 0.18115 0.338886 0.923223
    outer loop
      vertex 3.8196 3.56449 1.61808
      vertex 3.83873 3.75864 1.54306
      vertex 3.73811 3.60805 1.61808
    endloop
  endfacet
  facet normal 0.243768 0.297046 0.923223
    outer loop
      vertex 3.83873 3.75864 1.54306
      vertex 3.79474 3.79474 1.54306
      vertex 3.73811 3.60805 1.61808
    endloop
  endfacet
  facet normal 0.33888 0.181191 0.923217
    outer loop
      vertex 3.75864 3.83873 1.54306
      vertex 3.73181 3.88891 1.54306
      vertex 3.56449 3.8196 1.61808
    endloop
  endfacet
  facet normal 0.367725 0.111546 0.92322
    outer loop
      vertex 3.73181 3.88891 1.54306
      vertex 3.71529 3.94337 1.54306
      vertex 3.53766 3.90804 1.61808
    endloop
  endfacet
  facet normal 0.172825 0.0924051 0.980608
    outer loop
      vertex 3.75864 3.83873 1.54306
      vertex 3.9185 3.94555 1.50482
      vertex 3.73181 3.88891 1.54306
    endloop
  endfacet
  facet normal 0.172818 0.0924278 0.980608
    outer loop
      vertex 3.9185 3.94555 1.50482
      vertex 3.90944 3.96249 1.50482
      vertex 3.73181 3.88891 1.54306
    endloop
  endfacet
  facet normal 0.382429 0.0376149 0.923219
    outer loop
      vertex 3.71529 3.94337 1.54306
      vertex 3.70972 4 1.54306
      vertex 3.53766 3.90804 1.61808
    endloop
  endfacet
  facet normal 0.19504 0.0191837 0.980608
    outer loop
      vertex 3.71529 3.94337 1.54306
      vertex 3.90198 4 1.50482
      vertex 3.70972 4 1.54306
    endloop
  endfacet
  facet normal 0.338886 0.18115 0.923223
    outer loop
      vertex 3.60805 3.73811 1.61808
      vertex 3.75864 3.83873 1.54306
      vertex 3.56449 3.8196 1.61808
    endloop
  endfacet
  facet normal 0.297046 0.243768 0.923223
    outer loop
      vertex 3.79474 3.79474 1.54306
      vertex 3.75864 3.83873 1.54306
      vertex 3.60805 3.73811 1.61808
    endloop
  endfacet
  facet normal 0.090644 0.920076 0.381108
    outer loop
      vertex 4 3.11808 2.0286
      vertex 3.82795 3.13503 2.0286
      vertex 3.81331 3.06145 2.20972
    endloop
  endfacet
  facet normal 0.284741 0.93873 0.194185
    outer loop
      vertex 3.81331 3.06145 2.20972
      vertex 3.6338 3.1159 2.20972
      vertex 3.61916 3.08057 2.40198
    endloop
  endfacet
  facet normal 0.758289 0.622329 0.194174
    outer loop
      vertex 3.2963 3.2963 2.40198
      vertex 3.32334 3.32334 2.20972
      vertex 3.17253 3.44711 2.40198
    endloop
  endfacet
  facet normal 0.714659 0.586529 0.381112
    outer loop
      vertex 3.37639 3.37639 2.0286
      vertex 3.26671 3.51003 2.0286
      vertex 3.20433 3.46835 2.20972
    endloop
  endfacet
  facet normal -0.491983 -0.264845 0.829343
    outer loop
      vertex 104.586 44.2428 1.72699
      vertex 104.527 44.3524 1.72699
      vertex 104.436 44.1804 1.61808
    endloop
  endfacet
  facet normal -0.49139 -0.265291 0.829552
    outer loop
      vertex 104.436 44.1804 1.61808
      vertex 104.527 44.3524 1.72699
      vertex 104.392 44.2619 1.61808
    endloop
  endfacet
  facet normal -0.938665 0.286592 0.191764
    outer loop
      vertex 104.976 3.80585 2.40198
      vertex 104.939 3.81331 2.20972
      vertex 104.919 3.61916 2.40198
    endloop
  endfacet
  facet normal -0.938211 0.287458 0.192686
    outer loop
      vertex 104.919 3.61916 2.40198
      vertex 104.939 3.81331 2.20972
      vertex 104.884 3.6338 2.20972
    endloop
  endfacet
  facet normal -0.714739 0.586539 0.380947
    outer loop
      vertex 104.677 3.32334 2.20972
      vertex 104.796 3.46835 2.20972
      vertex 104.624 3.37639 2.0286
    endloop
  endfacet
  facet normal -0.796679 0.240761 0.55438
    outer loop
      vertex 104.815 3.6625 2.0286
      vertex 104.865 3.82795 2.0286
      vertex 104.758 3.84919 1.86561
    endloop
  endfacet
  facet normal -0.384264 0.0339276 0.9226
    outer loop
      vertex 104.462 3.90804 1.61808
      vertex 104.29 4 1.54306
      vertex 104.285 3.94337 1.54306
    endloop
  endfacet
  facet normal -0.382621 0.0374466 0.923146
    outer loop
      vertex 104.462 3.90804 1.61808
      vertex 104.471 4 1.61808
      vertex 104.29 4 1.54306
    endloop
  endfacet
  facet normal -0.434539 0.81576 0.381723
    outer loop
      vertex 104.532 3.20433 2.20972
      vertex 104.49 3.26671 2.0286
      vertex 104.337 3.18521 2.0286
    endloop
  endfacet
  facet normal -0.526002 0.64567 0.553563
    outer loop
      vertex 104.624 3.37639 2.0286
      vertex 104.547 3.4534 1.86561
      vertex 104.429 3.35727 1.86561
    endloop
  endfacet
  facet normal -0.643995 -0.527955 0.553655
    outer loop
      vertex 104.643 44.4295 1.86561
      vertex 104.624 44.6236 2.0286
      vertex 104.547 44.5466 1.86561
    endloop
  endfacet
  facet normal -0.548219 -0.449436 0.705311
    outer loop
      vertex 104.643 44.4295 1.86561
      vertex 104.547 44.5466 1.86561
      vertex 104.449 44.4486 1.72699
    endloop
  endfacet
  facet normal 0.938726 0.28475 0.194195
    outer loop
      vertex 3.08057 3.61916 2.40198
      vertex 3.06145 3.81331 2.20972
      vertex 3.02394 3.80585 2.40198
    endloop
  endfacet
  facet normal 0.471386 0.881927 -0
    outer loop
      vertex 3.61916 3.08057 2.40198
      vertex 3.44711 3.17253 26.5
      vertex 3.61916 3.08057 26.5
    endloop
  endfacet
  facet normal 0.471386 0.881927 0
    outer loop
      vertex 3.44711 3.17253 26.5
      vertex 3.61916 3.08057 2.40198
      vertex 3.44711 3.17253 2.40198
    endloop
  endfacet
  facet normal 0.772981 -0.634429 0
    outer loop
      vertex 3.17253 44.5529 26.5
      vertex 3.2963 44.7037 2.40198
      vertex 3.2963 44.7037 26.5
    endloop
  endfacet
  facet normal 0.772981 -0.634429 0
    outer loop
      vertex 3.2963 44.7037 2.40198
      vertex 3.17253 44.5529 26.5
      vertex 3.17253 44.5529 2.40198
    endloop
  endfacet
  facet normal 0.634496 -0.772926 0
    outer loop
      vertex 3.2963 44.7037 2.40198
      vertex 3.44711 44.8275 26.5
      vertex 3.2963 44.7037 26.5
    endloop
  endfacet
  facet normal 0.634496 -0.772926 0
    outer loop
      vertex 3.44711 44.8275 26.5
      vertex 3.2963 44.7037 2.40198
      vertex 3.44711 44.8275 2.40198
    endloop
  endfacet
  facet normal 0.268592 -0.884678 0.381055
    outer loop
      vertex 3.6625 44.8148 2.0286
      vertex 3.81331 44.9386 2.20972
      vertex 3.6338 44.8841 2.20972
    endloop
  endfacet
  facet normal 0.435698 -0.815456 0.381049
    outer loop
      vertex 3.6625 44.8148 2.0286
      vertex 3.6338 44.8841 2.20972
      vertex 3.46835 44.7957 2.20972
    endloop
  endfacet
  facet normal 0.431052 -0.353535 0.830185
    outer loop
      vertex 3.60805 44.2619 1.61808
      vertex 3.55142 44.4486 1.72699
      vertex 3.47252 44.3524 1.72699
    endloop
  endfacet
  facet normal 0.796818 -0.241738 0.553754
    outer loop
      vertex 3.24184 44.1508 1.86561
      vertex 3.28583 44.2958 1.86561
      vertex 3.18521 44.3375 2.0286
    endloop
  endfacet
  facet normal 0.796815 -0.241742 0.553757
    outer loop
      vertex 3.24184 44.1508 1.86561
      vertex 3.18521 44.3375 2.0286
      vertex 3.13503 44.1721 2.0286
    endloop
  endfacet
  facet normal 0.0378192 -0.382447 0.923203
    outer loop
      vertex 3.94337 44.2847 1.54306
      vertex 4 44.2903 1.54306
      vertex 3.90804 44.4623 1.61808
    endloop
  endfacet
  facet normal 0.491516 -0.262889 0.830242
    outer loop
      vertex 3.56449 44.1804 1.61808
      vertex 3.47252 44.3524 1.72699
      vertex 3.4139 44.2428 1.72699
    endloop
  endfacet
  facet normal 0.449596 -0.54803 0.705355
    outer loop
      vertex 3.55142 44.4486 1.72699
      vertex 3.57054 44.6427 1.86561
      vertex 3.4534 44.5466 1.86561
    endloop
  endfacet
  facet normal 0.0695414 -0.705446 0.705344
    outer loop
      vertex 4 44.6344 1.72699
      vertex 4 44.773 1.86561
      vertex 3.87624 44.6222 1.72699
    endloop
  endfacet
  facet normal 0.161782 -0.533343 0.830284
    outer loop
      vertex 3.90804 44.4623 1.61808
      vertex 3.87624 44.6222 1.72699
      vertex 3.75723 44.5861 1.72699
    endloop
  endfacet
  facet normal 0.205718 -0.678185 0.70551
    outer loop
      vertex 3.87624 44.6222 1.72699
      vertex 3.84919 44.7582 1.86561
      vertex 3.75723 44.5861 1.72699
    endloop
  endfacet
  facet normal -0.0900484 -0.920166 0.381032
    outer loop
      vertex 104.187 44.9386 2.20972
      vertex 104 44.9569 2.20972
      vertex 104 44.8819 2.0286
    endloop
  endfacet
  facet normal -0.0903958 -0.920005 0.38134
    outer loop
      vertex 104.172 44.865 2.0286
      vertex 104.187 44.9386 2.20972
      vertex 104 44.8819 2.0286
    endloop
  endfacet
  facet normal -0.205807 -0.678227 0.705444
    outer loop
      vertex 104.243 44.5861 1.72699
      vertex 104.296 44.7142 1.86561
      vertex 104.151 44.7582 1.86561
    endloop
  endfacet
  facet normal -0.335668 -0.624365 0.705333
    outer loop
      vertex 104.352 44.5275 1.72699
      vertex 104.429 44.6427 1.86561
      vertex 104.243 44.5861 1.72699
    endloop
  endfacet
  facet normal -0.12367 -0.152053 0.980605
    outer loop
      vertex 104.069 44.0693 1.50482
      vertex 104.205 44.2053 1.54306
      vertex 104.054 44.0815 1.50482
    endloop
  endfacet
  facet normal -0.152264 -0.123457 0.980599
    outer loop
      vertex 104.081 44.0545 1.50482
      vertex 104.205 44.2053 1.54306
      vertex 104.069 44.0693 1.50482
    endloop
  endfacet
  facet normal -0.758776 0.622677 0.191135
    outer loop
      vertex 104.827 3.44711 2.40198
      vertex 104.796 3.46835 2.20972
      vertex 104.677 3.32334 2.20972
    endloop
  endfacet
  facet normal -0.760221 0.620033 0.193965
    outer loop
      vertex 104.704 3.2963 2.40198
      vertex 104.827 3.44711 2.40198
      vertex 104.677 3.32334 2.20972
    endloop
  endfacet
  facet normal 0.268362 0.884733 0.381089
    outer loop
      vertex 3.81331 3.06145 2.20972
      vertex 3.6625 3.18521 2.0286
      vertex 3.6338 3.1159 2.20972
    endloop
  endfacet
  facet normal 0.0906331 0.920081 0.381098
    outer loop
      vertex 4 3.04306 2.20972
      vertex 4 3.11808 2.0286
      vertex 3.81331 3.06145 2.20972
    endloop
  endfacet
  facet normal -0.337432 0.182194 0.92355
    outer loop
      vertex 104.392 3.73811 1.61808
      vertex 104.436 3.8196 1.61808
      vertex 104.241 3.83873 1.54306
    endloop
  endfacet
  facet normal -0.433445 0.351698 0.82972
    outer loop
      vertex 104.449 3.55142 1.72699
      vertex 104.527 3.64755 1.72699
      vertex 104.392 3.73811 1.61808
    endloop
  endfacet
  facet normal -0.0552287 0.188392 0.98054
    outer loop
      vertex 104.111 3.73181 1.54306
      vertex 104.038 3.90944 1.50482
      vertex 104.019 3.90387 1.50482
    endloop
  endfacet
  facet normal -0.0969559 0.171225 0.98045
    outer loop
      vertex 104.111 3.73181 1.54306
      vertex 104.054 3.9185 1.50482
      vertex 104.038 3.90944 1.50482
    endloop
  endfacet
  facet normal -0.296898 0.242972 0.92348
    outer loop
      vertex 104.392 3.73811 1.61808
      vertex 104.241 3.83873 1.54306
      vertex 104.205 3.79474 1.54306
    endloop
  endfacet
  facet normal -0.263735 0.490398 0.830634
    outer loop
      vertex 104.243 3.4139 1.72699
      vertex 104.352 3.47252 1.72699
      vertex 104.18 3.56449 1.61808
    endloop
  endfacet
  facet normal 0.33412 0.625149 0.705374
    outer loop
      vertex 3.75723 3.4139 1.72699
      vertex 3.64755 3.47252 1.72699
      vertex 3.57054 3.35727 1.86561
    endloop
  endfacet
  facet normal 0.449708 0.547914 0.705375
    outer loop
      vertex 3.57054 3.35727 1.86561
      vertex 3.64755 3.47252 1.72699
      vertex 3.55142 3.55142 1.72699
    endloop
  endfacet
  facet normal -0.0546262 0.554703 0.830253
    outer loop
      vertex 104.124 3.3778 1.72699
      vertex 104.092 3.53766 1.61808
      vertex 104 3.5286 1.61808
    endloop
  endfacet
  facet normal -0.161781 0.533295 0.830315
    outer loop
      vertex 104.124 3.3778 1.72699
      vertex 104.243 3.4139 1.72699
      vertex 104.092 3.53766 1.61808
    endloop
  endfacet
  facet normal 0.0924051 0.172825 0.980608
    outer loop
      vertex 3.88891 3.73181 1.54306
      vertex 3.94555 3.9185 1.50482
      vertex 3.83873 3.75864 1.54306
    endloop
  endfacet
  facet normal 0.124324 0.151496 0.980608
    outer loop
      vertex 3.83873 3.75864 1.54306
      vertex 3.94555 3.9185 1.50482
      vertex 3.79474 3.79474 1.54306
    endloop
  endfacet
  facet normal 0.0568118 0.187571 0.980607
    outer loop
      vertex 3.98088 3.90387 1.50482
      vertex 3.96249 3.90944 1.50482
      vertex 3.88891 3.73181 1.54306
    endloop
  endfacet
  facet normal 0.151525 0.1243 0.980607
    outer loop
      vertex 3.93069 3.93069 1.50482
      vertex 3.9185 3.94555 1.50482
      vertex 3.79474 3.79474 1.54306
    endloop
  endfacet
  facet normal 0.187532 0.0568862 0.98061
    outer loop
      vertex 3.73181 3.88891 1.54306
      vertex 3.90387 3.98088 1.50482
      vertex 3.71529 3.94337 1.54306
    endloop
  endfacet
  facet normal 0.195013 0.0192769 0.980611
    outer loop
      vertex 3.90387 3.98088 1.50482
      vertex 3.90198 4 1.50482
      vertex 3.71529 3.94337 1.54306
    endloop
  endfacet
  facet normal 0.0816015 0.828708 0.5537
    outer loop
      vertex 4 3.22699 1.86561
      vertex 3.84919 3.24184 1.86561
      vertex 3.82795 3.13503 2.0286
    endloop
  endfacet
  facet normal 0.161808 0.53343 0.830223
    outer loop
      vertex 3.87624 3.3778 1.72699
      vertex 3.90804 3.53766 1.61808
      vertex 3.75723 3.4139 1.72699
    endloop
  endfacet
  facet normal 0.586524 0.714661 0.381117
    outer loop
      vertex 3.46835 3.20433 2.20972
      vertex 3.37639 3.37639 2.0286
      vertex 3.32334 3.32334 2.20972
    endloop
  endfacet
  facet normal 0.714661 0.586524 0.381117
    outer loop
      vertex 3.32334 3.32334 2.20972
      vertex 3.37639 3.37639 2.0286
      vertex 3.20433 3.46835 2.20972
    endloop
  endfacet
  facet normal 0.93873 0.284741 0.194185
    outer loop
      vertex 3.08057 3.61916 2.40198
      vertex 3.1159 3.6338 2.20972
      vertex 3.06145 3.81331 2.20972
    endloop
  endfacet
  facet normal 0.815354 0.435832 0.381114
    outer loop
      vertex 3.20433 3.46835 2.20972
      vertex 3.26671 3.51003 2.0286
      vertex 3.18521 3.6625 2.0286
    endloop
  endfacet
  facet normal -0.981022 0 0.193898
    outer loop
      vertex 104.957 4 2.20972
      vertex 104.995 44 2.40198
      vertex 104.957 44 2.20972
    endloop
  endfacet
  facet normal -0.981022 0 0.193898
    outer loop
      vertex 104.995 44 2.40198
      vertex 104.957 4 2.20972
      vertex 104.995 4 2.40198
    endloop
  endfacet
  facet normal -0.976663 0.0941664 0.193036
    outer loop
      vertex 104.995 4 2.40198
      vertex 104.957 4 2.20972
      vertex 104.939 3.81331 2.20972
    endloop
  endfacet
  facet normal -0.678318 0.205188 0.705537
    outer loop
      vertex 104.758 3.84919 1.86561
      vertex 104.622 3.87624 1.72699
      vertex 104.586 3.75723 1.72699
    endloop
  endfacet
  facet normal -0.705186 0.0701398 0.705545
    outer loop
      vertex 104.758 3.84919 1.86561
      vertex 104.773 4 1.86561
      vertex 104.622 3.87624 1.72699
    endloop
  endfacet
  facet normal -0.367816 0.108132 0.92359
    outer loop
      vertex 104.436 3.8196 1.61808
      vertex 104.462 3.90804 1.61808
      vertex 104.268 3.88891 1.54306
    endloop
  endfacet
  facet normal -0.536408 0.157696 0.829095
    outer loop
      vertex 104.586 3.75723 1.72699
      vertex 104.462 3.90804 1.61808
      vertex 104.436 3.8196 1.61808
    endloop
  endfacet
  facet normal -0.646004 0.526896 0.552321
    outer loop
      vertex 104.733 3.51003 2.0286
      vertex 104.643 3.57054 1.86561
      vertex 104.624 3.37639 2.0286
    endloop
  endfacet
  facet normal -0.73432 0.394925 0.552094
    outer loop
      vertex 104.733 3.51003 2.0286
      vertex 104.815 3.6625 2.0286
      vertex 104.643 3.57054 1.86561
    endloop
  endfacet
  facet normal -0.391239 0.734473 0.554509
    outer loop
      vertex 104.49 3.26671 2.0286
      vertex 104.429 3.35727 1.86561
      vertex 104.337 3.18521 2.0286
    endloop
  endfacet
  facet normal -0.526929 0.643768 0.554895
    outer loop
      vertex 104.49 3.26671 2.0286
      vertex 104.624 3.37639 2.0286
      vertex 104.429 3.35727 1.86561
    endloop
  endfacet
  facet normal -0.44773 -0.549762 0.705195
    outer loop
      vertex 104.449 44.4486 1.72699
      vertex 104.547 44.5466 1.86561
      vertex 104.429 44.6427 1.86561
    endloop
  endfacet
  facet normal -0.525918 -0.645768 0.553529
    outer loop
      vertex 104.547 44.5466 1.86561
      vertex 104.624 44.6236 2.0286
      vertex 104.429 44.6427 1.86561
    endloop
  endfacet
  facet normal 0.86514 0.462414 0.19418
    outer loop
      vertex 3.17253 3.44711 2.40198
      vertex 3.20433 3.46835 2.20972
      vertex 3.08057 3.61916 2.40198
    endloop
  endfacet
  facet normal 0.881927 0.471386 0
    outer loop
      vertex 3.17253 3.44711 26.5
      vertex 3.08057 3.61916 2.40198
      vertex 3.08057 3.61916 26.5
    endloop
  endfacet
  facet normal 0.881927 0.471386 0
    outer loop
      vertex 3.08057 3.61916 2.40198
      vertex 3.17253 3.44711 26.5
      vertex 3.17253 3.44711 2.40198
    endloop
  endfacet
  facet normal 0.634404 0.773002 -0
    outer loop
      vertex 3.44711 3.17253 2.40198
      vertex 3.2963 3.2963 26.5
      vertex 3.44711 3.17253 26.5
    endloop
  endfacet
  facet normal 0.634404 0.773002 0
    outer loop
      vertex 3.2963 3.2963 26.5
      vertex 3.44711 3.17253 2.40198
      vertex 3.2963 3.2963 2.40198
    endloop
  endfacet
  facet normal 0.19504 -0.0191939 0.980607
    outer loop
      vertex 3.90198 44 1.50482
      vertex 3.71529 44.0566 1.54306
      vertex 3.70972 44 1.54306
    endloop
  endfacet
  facet normal 0.382413 -0.0376333 0.923225
    outer loop
      vertex 3.70972 44 1.54306
      vertex 3.71529 44.0566 1.54306
      vertex 3.53766 44.092 1.61808
    endloop
  endfacet
  facet normal -0.019158 -0.195001 0.980616
    outer loop
      vertex 104.057 44.2847 1.54306
      vertex 104 44.2903 1.54306
      vertex 104 44.098 1.50482
    endloop
  endfacet
  facet normal -0.179967 -0.339249 0.923321
    outer loop
      vertex 104.262 44.392 1.61808
      vertex 104.18 44.4355 1.61808
      vertex 104.161 44.2414 1.54306
    endloop
  endfacet
  facet normal 0.243995 -0.29695 0.923194
    outer loop
      vertex 3.79474 44.2053 1.54306
      vertex 3.73811 44.392 1.61808
      vertex 3.66667 44.3333 1.61808
    endloop
  endfacet
  facet normal 0.491659 -0.262781 0.830192
    outer loop
      vertex 3.56449 44.1804 1.61808
      vertex 3.60805 44.2619 1.61808
      vertex 3.47252 44.3524 1.72699
    endloop
  endfacet
  facet normal 0.643618 -0.52836 0.553707
    outer loop
      vertex 3.4534 44.5466 1.86561
      vertex 3.37639 44.6236 2.0286
      vertex 3.35727 44.4295 1.86561
    endloop
  endfacet
  facet normal 0.528161 -0.643796 0.55369
    outer loop
      vertex 3.4534 44.5466 1.86561
      vertex 3.57054 44.6427 1.86561
      vertex 3.37639 44.6236 2.0286
    endloop
  endfacet
  facet normal 0.334086 -0.6253 0.705256
    outer loop
      vertex 3.64755 44.5275 1.72699
      vertex 3.75723 44.5861 1.72699
      vertex 3.57054 44.6427 1.86561
    endloop
  endfacet
  facet normal 0.161654 -0.533457 0.830236
    outer loop
      vertex 3.8196 44.4355 1.61808
      vertex 3.90804 44.4623 1.61808
      vertex 3.75723 44.5861 1.72699
    endloop
  endfacet
  facet normal 0 -0.707158 0.707056
    outer loop
      vertex 4 44.773 1.86561
      vertex 104 44.6344 1.72699
      vertex 104 44.773 1.86561
    endloop
  endfacet
  facet normal 0 -0.707158 0.707056
    outer loop
      vertex 104 44.6344 1.72699
      vertex 4 44.773 1.86561
      vertex 4 44.6344 1.72699
    endloop
  endfacet
  facet normal -0.181696 -0.338986 0.923079
    outer loop
      vertex 104.161 44.2414 1.54306
      vertex 104.18 44.4355 1.61808
      vertex 104.111 44.2682 1.54306
    endloop
  endfacet
  facet normal -0.161755 -0.533209 0.830376
    outer loop
      vertex 104.243 44.5861 1.72699
      vertex 104.124 44.6222 1.72699
      vertex 104.092 44.4623 1.61808
    endloop
  endfacet
  facet normal -0.11249 0.367702 0.923115
    outer loop
      vertex 104.092 3.53766 1.61808
      vertex 104.111 3.73181 1.54306
      vertex 104.057 3.71529 1.54306
    endloop
  endfacet
  facet normal -0.0373807 0.382532 0.923186
    outer loop
      vertex 104.092 3.53766 1.61808
      vertex 104.057 3.71529 1.54306
      vertex 104 3.70972 1.54306
    endloop
  endfacet
  facet normal -0.180159 0.339143 0.923323
    outer loop
      vertex 104.18 3.56449 1.61808
      vertex 104.262 3.60805 1.61808
      vertex 104.161 3.75864 1.54306
    endloop
  endfacet
  facet normal -0.261839 0.492901 0.829752
    outer loop
      vertex 104.352 3.47252 1.72699
      vertex 104.262 3.60805 1.61808
      vertex 104.18 3.56449 1.61808
    endloop
  endfacet
  facet normal -0.4472 0.54979 0.705509
    outer loop
      vertex 104.429 3.35727 1.86561
      vertex 104.449 3.55142 1.72699
      vertex 104.352 3.47252 1.72699
    endloop
  endfacet
  facet normal -0.335701 0.624214 0.705451
    outer loop
      vertex 104.429 3.35727 1.86561
      vertex 104.352 3.47252 1.72699
      vertex 104.243 3.4139 1.72699
    endloop
  endfacet
  facet normal 0.0694796 0.705398 0.705398
    outer loop
      vertex 4 3.22699 1.86561
      vertex 4 3.36561 1.72699
      vertex 3.87624 3.3778 1.72699
    endloop
  endfacet
  facet normal 0.0546415 0.554753 0.830219
    outer loop
      vertex 4 3.36561 1.72699
      vertex 4 3.5286 1.61808
      vertex 3.87624 3.3778 1.72699
    endloop
  endfacet
  facet normal 0.35364 0.430867 0.830236
    outer loop
      vertex 3.64755 3.47252 1.72699
      vertex 3.73811 3.60805 1.61808
      vertex 3.55142 3.55142 1.72699
    endloop
  endfacet
  facet normal 0.262774 0.491584 0.830238
    outer loop
      vertex 3.8196 3.56449 1.61808
      vertex 3.73811 3.60805 1.61808
      vertex 3.64755 3.47252 1.72699
    endloop
  endfacet
  facet normal 0.392564 0.734354 0.553732
    outer loop
      vertex 3.6625 3.18521 2.0286
      vertex 3.70418 3.28583 1.86561
      vertex 3.57054 3.35727 1.86561
    endloop
  endfacet
  facet normal 0.334158 0.625096 0.705404
    outer loop
      vertex 3.70418 3.28583 1.86561
      vertex 3.75723 3.4139 1.72699
      vertex 3.57054 3.35727 1.86561
    endloop
  endfacet
  facet normal 0.205762 0.678282 0.705405
    outer loop
      vertex 3.84919 3.24184 1.86561
      vertex 3.75723 3.4139 1.72699
      vertex 3.70418 3.28583 1.86561
    endloop
  endfacet
  facet normal 0.241727 0.796836 0.553733
    outer loop
      vertex 3.84919 3.24184 1.86561
      vertex 3.70418 3.28583 1.86561
      vertex 3.6625 3.18521 2.0286
    endloop
  endfacet
  facet normal 0.528262 0.643663 0.553748
    outer loop
      vertex 3.51003 3.26671 2.0286
      vertex 3.57054 3.35727 1.86561
      vertex 3.37639 3.37639 2.0286
    endloop
  endfacet
  facet normal 0.392536 0.734355 0.553749
    outer loop
      vertex 3.6625 3.18521 2.0286
      vertex 3.57054 3.35727 1.86561
      vertex 3.51003 3.26671 2.0286
    endloop
  endfacet
  facet normal -0.734603 0.390279 0.555014
    outer loop
      vertex 104.815 3.6625 2.0286
      vertex 104.714 3.70418 1.86561
      vertex 104.643 3.57054 1.86561
    endloop
  endfacet
  facet normal -0.626012 0.332587 0.705333
    outer loop
      vertex 104.643 3.57054 1.86561
      vertex 104.714 3.70418 1.86561
      vertex 104.586 3.75723 1.72699
    endloop
  endfacet
  facet normal -0.491316 0.265283 0.829599
    outer loop
      vertex 104.527 3.64755 1.72699
      vertex 104.436 3.8196 1.61808
      vertex 104.392 3.73811 1.61808
    endloop
  endfacet
  facet normal -0.492083 0.264705 0.829328
    outer loop
      vertex 104.527 3.64755 1.72699
      vertex 104.586 3.75723 1.72699
      vertex 104.436 3.8196 1.61808
    endloop
  endfacet
  facet normal -0.35412 0.428906 0.831047
    outer loop
      vertex 104.449 3.55142 1.72699
      vertex 104.333 3.66667 1.61808
      vertex 104.262 3.60805 1.61808
    endloop
  endfacet
  facet normal -0.244637 0.296302 0.923232
    outer loop
      vertex 104.262 3.60805 1.61808
      vertex 104.333 3.66667 1.61808
      vertex 104.205 3.79474 1.54306
    endloop
  endfacet
  facet normal 0.884733 0.268362 0.381089
    outer loop
      vertex 3.1159 3.6338 2.20972
      vertex 3.18521 3.6625 2.0286
      vertex 3.06145 3.81331 2.20972
    endloop
  endfacet
  facet normal 0.815382 0.435807 0.381083
    outer loop
      vertex 3.20433 3.46835 2.20972
      vertex 3.18521 3.6625 2.0286
      vertex 3.1159 3.6338 2.20972
    endloop
  endfacet
  facet normal 0.0192831 -0.195001 0.980613
    outer loop
      vertex 4 44.098 1.50482
      vertex 4 44.2903 1.54306
      vertex 3.94337 44.2847 1.54306
    endloop
  endfacet
  facet normal 0.367713 -0.111603 0.923218
    outer loop
      vertex 3.73181 44.1111 1.54306
      vertex 3.56449 44.1804 1.61808
      vertex 3.53766 44.092 1.61808
    endloop
  endfacet
  facet normal 0 -0.195037 0.980796
    outer loop
      vertex 4 44.2903 1.54306
      vertex 104 44.098 1.50482
      vertex 104 44.2903 1.54306
    endloop
  endfacet
  facet normal 0 -0.195037 0.980796
    outer loop
      vertex 104 44.098 1.50482
      vertex 4 44.2903 1.54306
      vertex 4 44.098 1.50482
    endloop
  endfacet
  facet normal -0.261597 -0.493125 0.829696
    outer loop
      vertex 104.262 44.392 1.61808
      vertex 104.352 44.5275 1.72699
      vertex 104.18 44.4355 1.61808
    endloop
  endfacet
  facet normal -0.112 -0.367763 0.92315
    outer loop
      vertex 104.111 44.2682 1.54306
      vertex 104.18 44.4355 1.61808
      vertex 104.092 44.4623 1.61808
    endloop
  endfacet
  facet normal -0.0973148 -0.171103 0.980435
    outer loop
      vertex 104.054 44.0815 1.50482
      vertex 104.111 44.2682 1.54306
      vertex 104.038 44.0906 1.50482
    endloop
  endfacet
  facet normal 0.262532 -0.491809 0.830181
    outer loop
      vertex 3.73811 44.392 1.61808
      vertex 3.8196 44.4355 1.61808
      vertex 3.64755 44.5275 1.72699
    endloop
  endfacet
  facet normal 0.187542 -0.0568477 0.98061
    outer loop
      vertex 3.90387 44.0191 1.50482
      vertex 3.73181 44.1111 1.54306
      vertex 3.71529 44.0566 1.54306
    endloop
  endfacet
  facet normal 0.624943 -0.334253 0.705494
    outer loop
      vertex 3.4139 44.2428 1.72699
      vertex 3.47252 44.3524 1.72699
      vertex 3.35727 44.4295 1.86561
    endloop
  endfacet
  facet normal 0.547952 -0.449412 0.705534
    outer loop
      vertex 3.47252 44.3524 1.72699
      vertex 3.55142 44.4486 1.72699
      vertex 3.35727 44.4295 1.86561
    endloop
  endfacet
  facet normal 0.297043 -0.243874 0.923196
    outer loop
      vertex 3.79474 44.2053 1.54306
      vertex 3.66667 44.3333 1.61808
      vertex 3.60805 44.2619 1.61808
    endloop
  endfacet
  facet normal 0.430775 -0.35367 0.830272
    outer loop
      vertex 3.60805 44.2619 1.61808
      vertex 3.66667 44.3333 1.61808
      vertex 3.55142 44.4486 1.72699
    endloop
  endfacet
  facet normal 0.353675 -0.430909 0.830199
    outer loop
      vertex 3.73811 44.392 1.61808
      vertex 3.64755 44.5275 1.72699
      vertex 3.55142 44.4486 1.72699
    endloop
  endfacet
  facet normal 0.44977 -0.54799 0.705275
    outer loop
      vertex 3.64755 44.5275 1.72699
      vertex 3.57054 44.6427 1.86561
      vertex 3.55142 44.4486 1.72699
    endloop
  endfacet
  facet normal 0.0546839 -0.554728 0.830233
    outer loop
      vertex 4 44.4714 1.61808
      vertex 4 44.6344 1.72699
      vertex 3.87624 44.6222 1.72699
    endloop
  endfacet
  facet normal 0 -0.555559 0.831477
    outer loop
      vertex 4 44.6344 1.72699
      vertex 104 44.4714 1.61808
      vertex 104 44.6344 1.72699
    endloop
  endfacet
  facet normal 0 -0.555559 0.831477
    outer loop
      vertex 104 44.4714 1.61808
      vertex 4 44.6344 1.72699
      vertex 4 44.4714 1.61808
    endloop
  endfacet
  facet normal -0.0375838 -0.38255 0.92317
    outer loop
      vertex 104.057 44.2847 1.54306
      vertex 104.092 44.4623 1.61808
      vertex 104 44.2903 1.54306
    endloop
  endfacet
  facet normal -0.0378278 -0.382435 0.923208
    outer loop
      vertex 104.092 44.4623 1.61808
      vertex 104 44.4714 1.61808
      vertex 104 44.2903 1.54306
    endloop
  endfacet
  facet normal -0 0.555583 0.831461
    outer loop
      vertex 4 3.5286 1.61808
      vertex 104 3.36561 1.72699
      vertex 104 3.5286 1.61808
    endloop
  endfacet
  facet normal 0 0.555583 0.831461
    outer loop
      vertex 104 3.36561 1.72699
      vertex 4 3.5286 1.61808
      vertex 4 3.36561 1.72699
    endloop
  endfacet
  facet normal 0.205746 0.678279 0.705412
    outer loop
      vertex 3.84919 3.24184 1.86561
      vertex 3.87624 3.3778 1.72699
      vertex 3.75723 3.4139 1.72699
    endloop
  endfacet
  facet normal 0.0694585 0.70539 0.705408
    outer loop
      vertex 4 3.22699 1.86561
      vertex 3.87624 3.3778 1.72699
      vertex 3.84919 3.24184 1.86561
    endloop
  endfacet
  facet normal -0.42867 0.354025 0.831209
    outer loop
      vertex 104.449 3.55142 1.72699
      vertex 104.392 3.73811 1.61808
      vertex 104.333 3.66667 1.61808
    endloop
  endfacet
  facet normal -0.296278 0.244686 0.923227
    outer loop
      vertex 104.333 3.66667 1.61808
      vertex 104.392 3.73811 1.61808
      vertex 104.205 3.79474 1.54306
    endloop
  endfacet
  facet normal 0.111435 -0.367802 0.923203
    outer loop
      vertex 3.94337 44.2847 1.54306
      vertex 3.90804 44.4623 1.61808
      vertex 3.88891 44.2682 1.54306
    endloop
  endfacet
  facet normal 0.0568159 -0.187527 0.980615
    outer loop
      vertex 3.98088 44.0961 1.50482
      vertex 3.94337 44.2847 1.54306
      vertex 3.88891 44.2682 1.54306
    endloop
  endfacet
  facet normal -0.112377 -0.367779 0.923098
    outer loop
      vertex 104.111 44.2682 1.54306
      vertex 104.092 44.4623 1.61808
      vertex 104.057 44.2847 1.54306
    endloop
  endfacet
  facet normal -0.0194903 -0.194903 0.980629
    outer loop
      vertex 104.019 44.0961 1.50482
      vertex 104.057 44.2847 1.54306
      vertex 104 44.098 1.50482
    endloop
  endfacet
  facet normal -0.243447 -0.296722 0.923412
    outer loop
      vertex 104.205 44.2053 1.54306
      vertex 104.262 44.392 1.61808
      vertex 104.161 44.2414 1.54306
    endloop
  endfacet
  facet normal -0.124215 -0.151398 0.980637
    outer loop
      vertex 104.205 44.2053 1.54306
      vertex 104.161 44.2414 1.54306
      vertex 104.054 44.0815 1.50482
    endloop
  endfacet
  facet normal 0.0548822 -0.554612 0.830297
    outer loop
      vertex 3.90804 44.4623 1.61808
      vertex 4 44.4714 1.61808
      vertex 3.87624 44.6222 1.72699
    endloop
  endfacet
  facet normal 0.0378443 -0.382435 0.923207
    outer loop
      vertex 4 44.2903 1.54306
      vertex 4 44.4714 1.61808
      vertex 3.90804 44.4623 1.61808
    endloop
  endfacet
  facet normal -0.162252 -0.532767 0.830562
    outer loop
      vertex 104.18 44.4355 1.61808
      vertex 104.243 44.5861 1.72699
      vertex 104.092 44.4623 1.61808
    endloop
  endfacet
  facet normal -0.263653 -0.490413 0.830652
    outer loop
      vertex 104.352 44.5275 1.72699
      vertex 104.243 44.5861 1.72699
      vertex 104.18 44.4355 1.61808
    endloop
  endfacet
  facet normal 0.338913 -0.181136 0.923216
    outer loop
      vertex 3.73181 44.1111 1.54306
      vertex 3.75864 44.1613 1.54306
      vertex 3.56449 44.1804 1.61808
    endloop
  endfacet
  facet normal 0.338912 -0.181141 0.923215
    outer loop
      vertex 3.75864 44.1613 1.54306
      vertex 3.60805 44.2619 1.61808
      vertex 3.56449 44.1804 1.61808
    endloop
  endfacet
  facet normal 0.180957 -0.338992 0.923222
    outer loop
      vertex 3.83873 44.2414 1.54306
      vertex 3.8196 44.4355 1.61808
      vertex 3.73811 44.392 1.61808
    endloop
  endfacet
  facet normal 0.181041 -0.338979 0.92321
    outer loop
      vertex 3.83873 44.2414 1.54306
      vertex 3.88891 44.2682 1.54306
      vertex 3.8196 44.4355 1.61808
    endloop
  endfacet
  facet normal -0.0572304 -0.1873 0.980634
    outer loop
      vertex 104.111 44.2682 1.54306
      vertex 104.057 44.2847 1.54306
      vertex 104.019 44.0961 1.50482
    endloop
  endfacet
  facet normal -0.0546156 -0.188672 0.98052
    outer loop
      vertex 104.038 44.0906 1.50482
      vertex 104.111 44.2682 1.54306
      vertex 104.019 44.0961 1.50482
    endloop
  endfacet
  facet normal 0.367706 -0.111459 0.923238
    outer loop
      vertex 3.71529 44.0566 1.54306
      vertex 3.73181 44.1111 1.54306
      vertex 3.53766 44.092 1.61808
    endloop
  endfacet
  facet normal 0.19501 -0.0192968 0.980611
    outer loop
      vertex 3.90198 44 1.50482
      vertex 3.90387 44.0191 1.50482
      vertex 3.71529 44.0566 1.54306
    endloop
  endfacet
  facet normal 0.297089 -0.243748 0.923215
    outer loop
      vertex 3.75864 44.1613 1.54306
      vertex 3.79474 44.2053 1.54306
      vertex 3.60805 44.2619 1.61808
    endloop
  endfacet
  facet normal 0.151518 -0.124314 0.980606
    outer loop
      vertex 3.9185 44.0545 1.50482
      vertex 3.79474 44.2053 1.54306
      vertex 3.75864 44.1613 1.54306
    endloop
  endfacet
  facet normal 0.111456 -0.367803 0.9232
    outer loop
      vertex 3.88891 44.2682 1.54306
      vertex 3.90804 44.4623 1.61808
      vertex 3.8196 44.4355 1.61808
    endloop
  endfacet
  facet normal 0.124305 -0.151473 0.980614
    outer loop
      vertex 3.94555 44.0815 1.50482
      vertex 3.83873 44.2414 1.54306
      vertex 3.79474 44.2053 1.54306
    endloop
  endfacet
  facet normal 0.019375 -0.194974 0.980617
    outer loop
      vertex 3.98088 44.0961 1.50482
      vertex 4 44.098 1.50482
      vertex 3.94337 44.2847 1.54306
    endloop
  endfacet
  facet normal 0.151226 -0.124557 0.98062
    outer loop
      vertex 3.9185 44.0545 1.50482
      vertex 3.93069 44.0693 1.50482
      vertex 3.79474 44.2053 1.54306
    endloop
  endfacet
  facet normal 0.243759 -0.297035 0.923229
    outer loop
      vertex 3.79474 44.2053 1.54306
      vertex 3.83873 44.2414 1.54306
      vertex 3.73811 44.392 1.61808
    endloop
  endfacet
  facet normal 0.187577 -0.0567827 0.980607
    outer loop
      vertex 3.90387 44.0191 1.50482
      vertex 3.90944 44.0375 1.50482
      vertex 3.73181 44.1111 1.54306
    endloop
  endfacet
  facet normal 0.172851 -0.0923823 0.980606
    outer loop
      vertex 3.9185 44.0545 1.50482
      vertex 3.75864 44.1613 1.54306
      vertex 3.73181 44.1111 1.54306
    endloop
  endfacet
  facet normal 0.0923124 -0.172845 0.980614
    outer loop
      vertex 3.94555 44.0815 1.50482
      vertex 3.88891 44.2682 1.54306
      vertex 3.83873 44.2414 1.54306
    endloop
  endfacet
  facet normal 0.172921 -0.0921568 0.980615
    outer loop
      vertex 3.90944 44.0375 1.50482
      vertex 3.9185 44.0545 1.50482
      vertex 3.73181 44.1111 1.54306
    endloop
  endfacet
  facet normal 0.124332 -0.15144 0.980616
    outer loop
      vertex 3.93069 44.0693 1.50482
      vertex 3.94555 44.0815 1.50482
      vertex 3.79474 44.2053 1.54306
    endloop
  endfacet
  facet normal 0.0927733 -0.172701 0.980595
    outer loop
      vertex 3.94555 44.0815 1.50482
      vertex 3.96249 44.0906 1.50482
      vertex 3.88891 44.2682 1.54306
    endloop
  endfacet
  facet normal 0.0561839 -0.187858 0.980588
    outer loop
      vertex 3.96249 44.0906 1.50482
      vertex 3.98088 44.0961 1.50482
      vertex 3.88891 44.2682 1.54306
    endloop
  endfacet
  facet normal -1 0 0
    outer loop
      vertex -0.389999 28.148 20.1325
      vertex -0.389999 27.4895 20.5
      vertex -0.389999 28.2756 20.5
    endloop
  endfacet
  facet normal -1 0 -0
    outer loop
      vertex -0.389999 27.4895 20.5
      vertex -0.389999 28.148 20.1325
      vertex -0.389999 27.356 20.1325
    endloop
  endfacet
  facet normal -1 0 0
    outer loop
      vertex -0.389999 30.2828 20.1325
      vertex -0.389999 30.9489 20.5
      vertex -0.389999 31.083 20.1325
    endloop
  endfacet
  facet normal -1 -0 0
    outer loop
      vertex -0.389999 30.9489 20.5
      vertex -0.389999 30.2828 20.1325
      vertex -0.389999 30.1552 20.5
    endloop
  endfacet
  facet normal -1 0 0
    outer loop
      vertex -0.389999 21.1809 20.3387
      vertex -0.389999 21.3807 20.5
      vertex -0.389999 21.336 20.4536
    endloop
  endfacet
  facet normal -1 0 0
    outer loop
      vertex -0.389999 21.0011 20.2449
      vertex -0.389999 21.3807 20.5
      vertex -0.389999 21.1809 20.3387
    endloop
  endfacet
  facet normal -1 0 0
    outer loop
      vertex -0.389999 20.7959 20.172
      vertex -0.389999 21.3807 20.5
      vertex -0.389999 21.0011 20.2449
    endloop
  endfacet
  facet normal -1 0 0
    outer loop
      vertex -0.389999 20.5653 20.1199
      vertex -0.389999 21.3807 20.5
      vertex -0.389999 20.7959 20.172
    endloop
  endfacet
  facet normal -1 0 0
    outer loop
      vertex -0.389999 20.3094 20.0887
      vertex -0.389999 21.3807 20.5
      vertex -0.389999 20.5653 20.1199
    endloop
  endfacet
  facet normal -1 0 0
    outer loop
      vertex -0.389999 20.0281 20.0783
      vertex -0.389999 21.3807 20.5
      vertex -0.389999 20.3094 20.0887
    endloop
  endfacet
  facet normal -1 0 0
    outer loop
      vertex -0.389999 18.6616 20.5
      vertex -0.389999 20.0281 20.0783
      vertex -0.389999 19.7214 20.0901
    endloop
  endfacet
  facet normal -1 0 0
    outer loop
      vertex -0.389999 18.6616 20.5
      vertex -0.389999 19.7214 20.0901
      vertex -0.389999 19.4459 20.1258
    endloop
  endfacet
  facet normal -1 0 0
    outer loop
      vertex -0.389999 18.6616 20.5
      vertex -0.389999 19.4459 20.1258
      vertex -0.389999 19.2015 20.1852
    endloop
  endfacet
  facet normal -1 0 0
    outer loop
      vertex -0.389999 18.6616 20.5
      vertex -0.389999 19.2015 20.1852
      vertex -0.389999 18.9882 20.2683
    endloop
  endfacet
  facet normal -1 0 0
    outer loop
      vertex -0.389999 18.6616 20.5
      vertex -0.389999 18.9882 20.2683
      vertex -0.389999 18.8061 20.3753
    endloop
  endfacet
  facet normal -1 0 0
    outer loop
      vertex -0.389999 20.0281 20.0783
      vertex -0.389999 18.6616 20.5
      vertex -0.389999 21.3807 20.5
    endloop
  endfacet
  facet normal -1 0 0
    outer loop
      vertex -0.389999 26.1315 20.1325
      vertex -0.389999 26.9317 20.5
      vertex -0.389999 26.9317 20.1325
    endloop
  endfacet
  facet normal -1 -0 0
    outer loop
      vertex -0.389999 26.9317 20.5
      vertex -0.389999 26.1315 20.1325
      vertex -0.389999 26.1315 20.5
    endloop
  endfacet
  facet normal -1 0 0
    outer loop
      vertex -0.389999 33.1421 20.1325
      vertex -0.389999 33.8305 20.5
      vertex -0.389999 33.7117 20.1325
    endloop
  endfacet
  facet normal -1 -0 0
    outer loop
      vertex -0.389999 33.8305 20.5
      vertex -0.389999 33.1421 20.1325
      vertex -0.389999 33.0234 20.5
    endloop
  endfacet
  facet normal -1 0 0
    outer loop
      vertex -0.389999 34.6584 20.1325
      vertex -0.389999 35.3691 20.5
      vertex -0.389999 35.3691 20.1325
    endloop
  endfacet
  facet normal -1 -0 0
    outer loop
      vertex -0.389999 35.3691 20.5
      vertex -0.389999 34.6584 20.1325
      vertex -0.389999 34.6584 20.5
    endloop
  endfacet
  facet normal -1 0 0
    outer loop
      vertex -0.389999 31.4848 20.1325
      vertex -0.389999 32.1954 20.5
      vertex -0.389999 32.1954 20.1325
    endloop
  endfacet
  facet normal -1 -0 0
    outer loop
      vertex -0.389999 32.1954 20.5
      vertex -0.389999 31.4848 20.1325
      vertex -0.389999 31.4848 20.5
    endloop
  endfacet
  facet normal -1 0 0
    outer loop
      vertex -0.389999 22.1585 20.5
      vertex -0.389999 23.0971 20.1325
      vertex -0.389999 22.1585 20.1325
    endloop
  endfacet
  facet normal -1 0 0
    outer loop
      vertex -0.389999 23.0971 20.1325
      vertex -0.389999 22.1585 20.5
      vertex -0.389999 23.305 20.5
    endloop
  endfacet
  facet normal -1 0 0
    outer loop
      vertex -0.389999 24.7137 20.1325
      vertex -0.389999 25.4244 20.5
      vertex -0.389999 25.4244 20.1325
    endloop
  endfacet
  facet normal -1 -0 0
    outer loop
      vertex -0.389999 25.4244 20.5
      vertex -0.389999 24.7137 20.1325
      vertex -0.389999 24.7137 20.5
    endloop
  endfacet
  facet normal 1 0 0
    outer loop
      vertex 0.0100002 21.3807 20.5
      vertex 0.0100002 21.1809 20.3387
      vertex 0.0100002 21.336 20.4536
    endloop
  endfacet
  facet normal 1 0 0
    outer loop
      vertex 0.0100002 21.3807 20.5
      vertex 0.0100002 21.0011 20.2449
      vertex 0.0100002 21.1809 20.3387
    endloop
  endfacet
  facet normal 1 0 0
    outer loop
      vertex 0.0100002 21.3807 20.5
      vertex 0.0100002 20.7959 20.172
      vertex 0.0100002 21.0011 20.2449
    endloop
  endfacet
  facet normal 1 0 0
    outer loop
      vertex 0.0100002 21.3807 20.5
      vertex 0.0100002 20.5653 20.1199
      vertex 0.0100002 20.7959 20.172
    endloop
  endfacet
  facet normal 1 0 0
    outer loop
      vertex 0.0100002 21.3807 20.5
      vertex 0.0100002 20.3094 20.0887
      vertex 0.0100002 20.5653 20.1199
    endloop
  endfacet
  facet normal 1 0 0
    outer loop
      vertex 0.0100002 21.3807 20.5
      vertex 0.0100002 20.0281 20.0783
      vertex 0.0100002 20.3094 20.0887
    endloop
  endfacet
  facet normal 1 -0 0
    outer loop
      vertex 0.0100002 18.6616 20.5
      vertex 0.0100002 20.0281 20.0783
      vertex 0.0100002 21.3807 20.5
    endloop
  endfacet
  facet normal 1 0 0
    outer loop
      vertex 0.0100002 20.0281 20.0783
      vertex 0.0100002 18.6616 20.5
      vertex 0.0100002 19.7214 20.0901
    endloop
  endfacet
  facet normal 1 0 0
    outer loop
      vertex 0.0100002 19.7214 20.0901
      vertex 0.0100002 18.6616 20.5
      vertex 0.0100002 19.4459 20.1258
    endloop
  endfacet
  facet normal 1 0 0
    outer loop
      vertex 0.0100002 19.4459 20.1258
      vertex 0.0100002 18.6616 20.5
      vertex 0.0100002 19.2015 20.1852
    endloop
  endfacet
  facet normal 1 0 0
    outer loop
      vertex 0.0100002 19.2015 20.1852
      vertex 0.0100002 18.6616 20.5
      vertex 0.0100002 18.9882 20.2683
    endloop
  endfacet
  facet normal 1 0 0
    outer loop
      vertex 0.0100002 18.9882 20.2683
      vertex 0.0100002 18.6616 20.5
      vertex 0.0100002 18.8061 20.3753
    endloop
  endfacet
  facet normal 1 -0 0
    outer loop
      vertex 0.0100002 27.4895 20.5
      vertex 0.0100002 28.148 20.1325
      vertex 0.0100002 28.2756 20.5
    endloop
  endfacet
  facet normal 1 0 0
    outer loop
      vertex 0.0100002 28.148 20.1325
      vertex 0.0100002 27.4895 20.5
      vertex 0.0100002 27.356 20.1325
    endloop
  endfacet
  facet normal 1 0 0
    outer loop
      vertex 0.0100002 30.9489 20.5
      vertex 0.0100002 30.2828 20.1325
      vertex 0.0100002 31.083 20.1325
    endloop
  endfacet
  facet normal 1 0 -0
    outer loop
      vertex 0.0100002 30.2828 20.1325
      vertex 0.0100002 30.9489 20.5
      vertex 0.0100002 30.1552 20.5
    endloop
  endfacet
  facet normal 1 0 0
    outer loop
      vertex 0.0100002 33.8305 20.5
      vertex 0.0100002 33.1421 20.1325
      vertex 0.0100002 33.7117 20.1325
    endloop
  endfacet
  facet normal 1 0 -0
    outer loop
      vertex 0.0100002 33.1421 20.1325
      vertex 0.0100002 33.8305 20.5
      vertex 0.0100002 33.0234 20.5
    endloop
  endfacet
  facet normal 1 -0 0
    outer loop
      vertex 0.0100002 34.6584 20.5
      vertex 0.0100002 35.3691 20.1325
      vertex 0.0100002 35.3691 20.5
    endloop
  endfacet
  facet normal 1 0 0
    outer loop
      vertex 0.0100002 35.3691 20.1325
      vertex 0.0100002 34.6584 20.5
      vertex 0.0100002 34.6584 20.1325
    endloop
  endfacet
  facet normal 1 -0 0
    outer loop
      vertex 0.0100002 31.4848 20.5
      vertex 0.0100002 32.1954 20.1325
      vertex 0.0100002 32.1954 20.5
    endloop
  endfacet
  facet normal 1 0 0
    outer loop
      vertex 0.0100002 32.1954 20.1325
      vertex 0.0100002 31.4848 20.5
      vertex 0.0100002 31.4848 20.1325
    endloop
  endfacet
  facet normal 1 -0 0
    outer loop
      vertex 0.0100002 26.1315 20.5
      vertex 0.0100002 26.9317 20.1325
      vertex 0.0100002 26.9317 20.5
    endloop
  endfacet
  facet normal 1 0 0
    outer loop
      vertex 0.0100002 26.9317 20.1325
      vertex 0.0100002 26.1315 20.5
      vertex 0.0100002 26.1315 20.1325
    endloop
  endfacet
  facet normal 1 -0 0
    outer loop
      vertex 0.0100002 22.1585 20.5
      vertex 0.0100002 23.0971 20.1325
      vertex 0.0100002 23.305 20.5
    endloop
  endfacet
  facet normal 1 0 0
    outer loop
      vertex 0.0100002 23.0971 20.1325
      vertex 0.0100002 22.1585 20.5
      vertex 0.0100002 22.1585 20.1325
    endloop
  endfacet
  facet normal 1 -0 0
    outer loop
      vertex 0.0100002 24.7137 20.5
      vertex 0.0100002 25.4244 20.1325
      vertex 0.0100002 25.4244 20.5
    endloop
  endfacet
  facet normal 1 0 0
    outer loop
      vertex 0.0100002 25.4244 20.1325
      vertex 0.0100002 24.7137 20.5
      vertex 0.0100002 24.7137 20.1325
    endloop
  endfacet
  facet normal 0 -0.128508 -0.991708
    outer loop
      vertex -0.389999 19.4459 20.1258
      vertex 0.0100002 19.7214 20.0901
      vertex 0.0100002 19.4459 20.1258
    endloop
  endfacet
  facet normal -0 -0.128508 -0.991708
    outer loop
      vertex 0.0100002 19.7214 20.0901
      vertex -0.389999 19.4459 20.1258
      vertex -0.389999 19.7214 20.0901
    endloop
  endfacet
  facet normal 0 -0.236169 -0.971712
    outer loop
      vertex -0.389999 19.2015 20.1852
      vertex 0.0100002 19.4459 20.1258
      vertex 0.0100002 19.2015 20.1852
    endloop
  endfacet
  facet normal -0 -0.236169 -0.971712
    outer loop
      vertex 0.0100002 19.4459 20.1258
      vertex -0.389999 19.2015 20.1852
      vertex -0.389999 19.4459 20.1258
    endloop
  endfacet
  facet normal 0 -0.363015 -0.931783
    outer loop
      vertex -0.389999 18.9882 20.2683
      vertex 0.0100002 19.2015 20.1852
      vertex 0.0100002 18.9882 20.2683
    endloop
  endfacet
  facet normal -0 -0.363015 -0.931783
    outer loop
      vertex 0.0100002 19.2015 20.1852
      vertex -0.389999 18.9882 20.2683
      vertex -0.389999 19.2015 20.1852
    endloop
  endfacet
  facet normal 0 -0.506606 -0.862178
    outer loop
      vertex -0.389999 18.8061 20.3753
      vertex 0.0100002 18.9882 20.2683
      vertex 0.0100002 18.8061 20.3753
    endloop
  endfacet
  facet normal -0 -0.506606 -0.862178
    outer loop
      vertex 0.0100002 18.9882 20.2683
      vertex -0.389999 18.8061 20.3753
      vertex -0.389999 18.9882 20.2683
    endloop
  endfacet
  facet normal 0 -0.653333 -0.75707
    outer loop
      vertex -0.389999 18.6616 20.5
      vertex 0.0100002 18.8061 20.3753
      vertex 0.0100002 18.6616 20.5
    endloop
  endfacet
  facet normal -0 -0.653333 -0.75707
    outer loop
      vertex 0.0100002 18.8061 20.3753
      vertex -0.389999 18.6616 20.5
      vertex -0.389999 18.8061 20.3753
    endloop
  endfacet
  facet normal 0 0.720177 -0.693791
    outer loop
      vertex 0.0100002 21.336 20.4536
      vertex -0.389999 21.3807 20.5
      vertex 0.0100002 21.3807 20.5
    endloop
  endfacet
  facet normal 0 0.720177 -0.693791
    outer loop
      vertex -0.389999 21.3807 20.5
      vertex 0.0100002 21.336 20.4536
      vertex -0.389999 21.336 20.4536
    endloop
  endfacet
  facet normal 0 0.595265 -0.80353
    outer loop
      vertex -0.389999 21.1809 20.3387
      vertex 0.0100002 21.336 20.4536
      vertex 0.0100002 21.1809 20.3387
    endloop
  endfacet
  facet normal 0 0.595265 -0.80353
    outer loop
      vertex 0.0100002 21.336 20.4536
      vertex -0.389999 21.1809 20.3387
      vertex -0.389999 21.336 20.4536
    endloop
  endfacet
  facet normal 0 0.462532 -0.886602
    outer loop
      vertex -0.389999 21.0011 20.2449
      vertex 0.0100002 21.1809 20.3387
      vertex 0.0100002 21.0011 20.2449
    endloop
  endfacet
  facet normal 0 0.462532 -0.886602
    outer loop
      vertex 0.0100002 21.1809 20.3387
      vertex -0.389999 21.0011 20.2449
      vertex -0.389999 21.1809 20.3387
    endloop
  endfacet
  facet normal 0 0.334765 -0.942302
    outer loop
      vertex -0.389999 20.7959 20.172
      vertex 0.0100002 21.0011 20.2449
      vertex 0.0100002 20.7959 20.172
    endloop
  endfacet
  facet normal 0 0.334765 -0.942302
    outer loop
      vertex 0.0100002 21.0011 20.2449
      vertex -0.389999 20.7959 20.172
      vertex -0.389999 21.0011 20.2449
    endloop
  endfacet
  facet normal 0 0.220378 -0.975415
    outer loop
      vertex -0.389999 20.5653 20.1199
      vertex 0.0100002 20.7959 20.172
      vertex 0.0100002 20.5653 20.1199
    endloop
  endfacet
  facet normal 0 0.220378 -0.975415
    outer loop
      vertex 0.0100002 20.7959 20.172
      vertex -0.389999 20.5653 20.1199
      vertex -0.389999 20.7959 20.172
    endloop
  endfacet
  facet normal 0 0.121026 -0.992649
    outer loop
      vertex -0.389999 20.3094 20.0887
      vertex 0.0100002 20.5653 20.1199
      vertex 0.0100002 20.3094 20.0887
    endloop
  endfacet
  facet normal 0 0.121026 -0.992649
    outer loop
      vertex 0.0100002 20.5653 20.1199
      vertex -0.389999 20.3094 20.0887
      vertex -0.389999 20.5653 20.1199
    endloop
  endfacet
  facet normal 0 0.036946 -0.999317
    outer loop
      vertex -0.389999 20.0281 20.0783
      vertex 0.0100002 20.3094 20.0887
      vertex 0.0100002 20.0281 20.0783
    endloop
  endfacet
  facet normal 0 0.036946 -0.999317
    outer loop
      vertex 0.0100002 20.3094 20.0887
      vertex -0.389999 20.0281 20.0783
      vertex -0.389999 20.3094 20.0887
    endloop
  endfacet
  facet normal 0 -0.0384456 -0.999261
    outer loop
      vertex -0.389999 19.7214 20.0901
      vertex 0.0100002 20.0281 20.0783
      vertex 0.0100002 19.7214 20.0901
    endloop
  endfacet
  facet normal -0 -0.0384456 -0.999261
    outer loop
      vertex 0.0100002 20.0281 20.0783
      vertex -0.389999 19.7214 20.0901
      vertex -0.389999 20.0281 20.0783
    endloop
  endfacet
  facet normal 0 0.951518 -0.307593
    outer loop
      vertex 0.0100002 33.7117 20.1325
      vertex -0.389999 33.8305 20.5
      vertex 0.0100002 33.8305 20.5
    endloop
  endfacet
  facet normal 0 0.951518 -0.307593
    outer loop
      vertex -0.389999 33.8305 20.5
      vertex 0.0100002 33.7117 20.1325
      vertex -0.389999 33.7117 20.1325
    endloop
  endfacet
  facet normal 0 0 -1
    outer loop
      vertex -0.389999 33.1421 20.1325
      vertex 0.0100002 33.7117 20.1325
      vertex 0.0100002 33.1421 20.1325
    endloop
  endfacet
  facet normal -0 0 -1
    outer loop
      vertex 0.0100002 33.7117 20.1325
      vertex -0.389999 33.1421 20.1325
      vertex -0.389999 33.7117 20.1325
    endloop
  endfacet
  facet normal 0 -0.951594 -0.307358
    outer loop
      vertex -0.389999 33.1421 20.1325
      vertex 0.0100002 33.0234 20.5
      vertex -0.389999 33.0234 20.5
    endloop
  endfacet
  facet normal 0 -0.951594 -0.307358
    outer loop
      vertex 0.0100002 33.0234 20.5
      vertex -0.389999 33.1421 20.1325
      vertex 0.0100002 33.1421 20.1325
    endloop
  endfacet
  facet normal 0 1 -0
    outer loop
      vertex 0.0100002 32.1954 20.1325
      vertex -0.389999 32.1954 20.5
      vertex 0.0100002 32.1954 20.5
    endloop
  endfacet
  facet normal 0 1 0
    outer loop
      vertex -0.389999 32.1954 20.5
      vertex 0.0100002 32.1954 20.1325
      vertex -0.389999 32.1954 20.1325
    endloop
  endfacet
  facet normal 0 0 -1
    outer loop
      vertex -0.389999 31.4848 20.1325
      vertex 0.0100002 32.1954 20.1325
      vertex 0.0100002 31.4848 20.1325
    endloop
  endfacet
  facet normal -0 0 -1
    outer loop
      vertex 0.0100002 32.1954 20.1325
      vertex -0.389999 31.4848 20.1325
      vertex -0.389999 32.1954 20.1325
    endloop
  endfacet
  facet normal 0 -1 0
    outer loop
      vertex -0.389999 31.4848 20.1325
      vertex 0.0100002 31.4848 20.5
      vertex -0.389999 31.4848 20.5
    endloop
  endfacet
  facet normal 0 -1 -0
    outer loop
      vertex 0.0100002 31.4848 20.5
      vertex -0.389999 31.4848 20.1325
      vertex 0.0100002 31.4848 20.1325
    endloop
  endfacet
  facet normal 0 1 -0
    outer loop
      vertex 0.0100002 35.3691 20.1325
      vertex -0.389999 35.3691 20.5
      vertex 0.0100002 35.3691 20.5
    endloop
  endfacet
  facet normal 0 1 0
    outer loop
      vertex -0.389999 35.3691 20.5
      vertex 0.0100002 35.3691 20.1325
      vertex -0.389999 35.3691 20.1325
    endloop
  endfacet
  facet normal 0 0 -1
    outer loop
      vertex -0.389999 34.6584 20.1325
      vertex 0.0100002 35.3691 20.1325
      vertex 0.0100002 34.6584 20.1325
    endloop
  endfacet
  facet normal -0 0 -1
    outer loop
      vertex 0.0100002 35.3691 20.1325
      vertex -0.389999 34.6584 20.1325
      vertex -0.389999 35.3691 20.1325
    endloop
  endfacet
  facet normal 0 -1 0
    outer loop
      vertex -0.389999 34.6584 20.1325
      vertex 0.0100002 34.6584 20.5
      vertex -0.389999 34.6584 20.5
    endloop
  endfacet
  facet normal 0 -1 -0
    outer loop
      vertex 0.0100002 34.6584 20.5
      vertex -0.389999 34.6584 20.1325
      vertex 0.0100002 34.6584 20.1325
    endloop
  endfacet
  facet normal 0 0.944677 -0.328002
    outer loop
      vertex 0.0100002 28.148 20.1325
      vertex -0.389999 28.2756 20.5
      vertex 0.0100002 28.2756 20.5
    endloop
  endfacet
  facet normal 0 0.944677 -0.328002
    outer loop
      vertex -0.389999 28.2756 20.5
      vertex 0.0100002 28.148 20.1325
      vertex -0.389999 28.148 20.1325
    endloop
  endfacet
  facet normal 0 0 -1
    outer loop
      vertex -0.389999 27.356 20.1325
      vertex 0.0100002 28.148 20.1325
      vertex 0.0100002 27.356 20.1325
    endloop
  endfacet
  facet normal -0 0 -1
    outer loop
      vertex 0.0100002 28.148 20.1325
      vertex -0.389999 27.356 20.1325
      vertex -0.389999 28.148 20.1325
    endloop
  endfacet
  facet normal 0 -0.939905 0.341435
    outer loop
      vertex -0.389999 27.356 20.1325
      vertex 0.0100002 27.4895 20.5
      vertex -0.389999 27.4895 20.5
    endloop
  endfacet
  facet normal 0 -0.939905 0.341435
    outer loop
      vertex 0.0100002 27.4895 20.5
      vertex -0.389999 27.356 20.1325
      vertex 0.0100002 27.356 20.1325
    endloop
  endfacet
  facet normal 0 0.939412 0.34279
    outer loop
      vertex 0.0100002 31.083 20.1325
      vertex -0.389999 30.9489 20.5
      vertex 0.0100002 30.9489 20.5
    endloop
  endfacet
  facet normal 0 0.939412 0.34279
    outer loop
      vertex -0.389999 30.9489 20.5
      vertex 0.0100002 31.083 20.1325
      vertex -0.389999 31.083 20.1325
    endloop
  endfacet
  facet normal 0 0 -1
    outer loop
      vertex -0.389999 30.2828 20.1325
      vertex 0.0100002 31.083 20.1325
      vertex 0.0100002 30.2828 20.1325
    endloop
  endfacet
  facet normal -0 0 -1
    outer loop
      vertex 0.0100002 31.083 20.1325
      vertex -0.389999 30.2828 20.1325
      vertex -0.389999 31.083 20.1325
    endloop
  endfacet
  facet normal 0 -0.944677 -0.328002
    outer loop
      vertex -0.389999 30.2828 20.1325
      vertex 0.0100002 30.1552 20.5
      vertex -0.389999 30.1552 20.5
    endloop
  endfacet
  facet normal 0 -0.944677 -0.328002
    outer loop
      vertex 0.0100002 30.1552 20.5
      vertex -0.389999 30.2828 20.1325
      vertex 0.0100002 30.2828 20.1325
    endloop
  endfacet
  facet normal 0 1 -0
    outer loop
      vertex 0.0100002 26.9317 20.1325
      vertex -0.389999 26.9317 20.5
      vertex 0.0100002 26.9317 20.5
    endloop
  endfacet
  facet normal 0 1 0
    outer loop
      vertex -0.389999 26.9317 20.5
      vertex 0.0100002 26.9317 20.1325
      vertex -0.389999 26.9317 20.1325
    endloop
  endfacet
  facet normal 0 0 -1
    outer loop
      vertex -0.389999 26.1315 20.1325
      vertex 0.0100002 26.9317 20.1325
      vertex 0.0100002 26.1315 20.1325
    endloop
  endfacet
  facet normal -0 0 -1
    outer loop
      vertex 0.0100002 26.9317 20.1325
      vertex -0.389999 26.1315 20.1325
      vertex -0.389999 26.9317 20.1325
    endloop
  endfacet
  facet normal 0 -1 0
    outer loop
      vertex -0.389999 26.1315 20.1325
      vertex 0.0100002 26.1315 20.5
      vertex -0.389999 26.1315 20.5
    endloop
  endfacet
  facet normal 0 -1 -0
    outer loop
      vertex 0.0100002 26.1315 20.5
      vertex -0.389999 26.1315 20.1325
      vertex 0.0100002 26.1315 20.1325
    endloop
  endfacet
  facet normal 0 0.870378 -0.492385
    outer loop
      vertex 0.0100002 23.0971 20.1325
      vertex -0.389999 23.305 20.5
      vertex 0.0100002 23.305 20.5
    endloop
  endfacet
  facet normal 0 0.870378 -0.492385
    outer loop
      vertex -0.389999 23.305 20.5
      vertex 0.0100002 23.0971 20.1325
      vertex -0.389999 23.0971 20.1325
    endloop
  endfacet
  facet normal 0 0 -1
    outer loop
      vertex -0.389999 22.1585 20.1325
      vertex 0.0100002 23.0971 20.1325
      vertex 0.0100002 22.1585 20.1325
    endloop
  endfacet
  facet normal -0 0 -1
    outer loop
      vertex 0.0100002 23.0971 20.1325
      vertex -0.389999 22.1585 20.1325
      vertex -0.389999 23.0971 20.1325
    endloop
  endfacet
  facet normal 0 -1 0
    outer loop
      vertex -0.389999 22.1585 20.1325
      vertex 0.0100002 22.1585 20.5
      vertex -0.389999 22.1585 20.5
    endloop
  endfacet
  facet normal 0 -1 -0
    outer loop
      vertex 0.0100002 22.1585 20.5
      vertex -0.389999 22.1585 20.1325
      vertex 0.0100002 22.1585 20.1325
    endloop
  endfacet
  facet normal 0 1 -0
    outer loop
      vertex 0.0100002 25.4244 20.1325
      vertex -0.389999 25.4244 20.5
      vertex 0.0100002 25.4244 20.5
    endloop
  endfacet
  facet normal 0 1 0
    outer loop
      vertex -0.389999 25.4244 20.5
      vertex 0.0100002 25.4244 20.1325
      vertex -0.389999 25.4244 20.1325
    endloop
  endfacet
  facet normal 0 0 -1
    outer loop
      vertex -0.389999 24.7137 20.1325
      vertex 0.0100002 25.4244 20.1325
      vertex 0.0100002 24.7137 20.1325
    endloop
  endfacet
  facet normal -0 0 -1
    outer loop
      vertex 0.0100002 25.4244 20.1325
      vertex -0.389999 24.7137 20.1325
      vertex -0.389999 25.4244 20.1325
    endloop
  endfacet
  facet normal 0 -1 0
    outer loop
      vertex -0.389999 24.7137 20.1325
      vertex 0.0100002 24.7137 20.5
      vertex -0.389999 24.7137 20.5
    endloop
  endfacet
  facet normal 0 -1 -0
    outer loop
      vertex 0.0100002 24.7137 20.5
      vertex -0.389999 24.7137 20.1325
      vertex 0.0100002 24.7137 20.1325
    endloop
  endfacet
  facet normal -1 -0 0
    outer loop
      vertex 107.99 19.671 10.8273
      vertex 107.99 19.1371 10.7762
      vertex 107.99 19.1512 11.0611
    endloop
  endfacet
  facet normal -1 0 0
    outer loop
      vertex 107.99 18.7972 9.90691
      vertex 107.99 19.2357 9.68454
      vertex 107.99 19.1041 9.5462
    endloop
  endfacet
  facet normal -1 0 0
    outer loop
      vertex 107.99 19.3513 9.83958
      vertex 107.99 19.0946 10.5184
      vertex 107.99 19.1371 10.7762
    endloop
  endfacet
  facet normal -1 0 0
    outer loop
      vertex 107.99 19.3513 9.83958
      vertex 107.99 19.0238 10.2875
      vertex 107.99 19.0946 10.5184
    endloop
  endfacet
  facet normal -1 0 0
    outer loop
      vertex 107.99 18.7972 9.90691
      vertex 107.99 19.1041 9.5462
      vertex 107.99 18.9566 9.42458
    endloop
  endfacet
  facet normal -1 0 0
    outer loop
      vertex 107.99 19.3513 9.83958
      vertex 107.99 18.9247 10.0837
      vertex 107.99 19.0238 10.2875
    endloop
  endfacet
  facet normal -1 0 0
    outer loop
      vertex 107.99 19.2357 9.68454
      vertex 107.99 18.7972 9.90691
      vertex 107.99 18.9247 10.0837
    endloop
  endfacet
  facet normal -1 0 0
    outer loop
      vertex 107.99 18.6433 9.75995
      vertex 107.99 18.9566 9.42458
      vertex 107.99 18.7932 9.31967
    endloop
  endfacet
  facet normal -1 0 0
    outer loop
      vertex 107.99 18.9566 9.42458
      vertex 107.99 18.6433 9.75995
      vertex 107.99 18.7972 9.90691
    endloop
  endfacet
  facet normal -1 0 0
    outer loop
      vertex 107.99 18.4648 9.64566
      vertex 107.99 18.7932 9.31967
      vertex 107.99 18.6156 9.23276
    endloop
  endfacet
  facet normal -1 0 0
    outer loop
      vertex 107.99 18.7932 9.31967
      vertex 107.99 18.4648 9.64566
      vertex 107.99 18.6433 9.75995
    endloop
  endfacet
  facet normal -1 0 0
    outer loop
      vertex 107.99 18.4256 9.16518
      vertex 107.99 18.4648 9.64566
      vertex 107.99 18.6156 9.23276
    endloop
  endfacet
  facet normal -1 0 0
    outer loop
      vertex 107.99 18.4256 9.16518
      vertex 107.99 18.2616 9.56403
      vertex 107.99 18.4648 9.64566
    endloop
  endfacet
  facet normal -1 0 0
    outer loop
      vertex 107.99 18.2233 9.1169
      vertex 107.99 18.2616 9.56403
      vertex 107.99 18.4256 9.16518
    endloop
  endfacet
  facet normal -1 0 0
    outer loop
      vertex 107.99 18.2233 9.1169
      vertex 107.99 18.0338 9.51503
      vertex 107.99 18.2616 9.56403
    endloop
  endfacet
  facet normal -1 0 0
    outer loop
      vertex 107.99 18.0085 9.08792
      vertex 107.99 18.0338 9.51503
      vertex 107.99 18.2233 9.1169
    endloop
  endfacet
  facet normal -1 0 0
    outer loop
      vertex 107.99 17.7814 9.4987
      vertex 107.99 18.0085 9.08792
      vertex 107.99 17.7814 9.07826
    endloop
  endfacet
  facet normal -1 0 0
    outer loop
      vertex 107.99 18.0085 9.08792
      vertex 107.99 17.7814 9.4987
      vertex 107.99 18.0338 9.51503
    endloop
  endfacet
  facet normal -1 0 0
    outer loop
      vertex 107.99 17.5524 9.08781
      vertex 107.99 17.7814 9.4987
      vertex 107.99 17.7814 9.07826
    endloop
  endfacet
  facet normal -1 0 0
    outer loop
      vertex 107.99 17.5524 9.08781
      vertex 107.99 17.5355 9.51558
      vertex 107.99 17.7814 9.4987
    endloop
  endfacet
  facet normal -1 0 0
    outer loop
      vertex 107.99 17.3364 9.11646
      vertex 107.99 17.5355 9.51558
      vertex 107.99 17.5524 9.08781
    endloop
  endfacet
  facet normal -1 0 0
    outer loop
      vertex 107.99 17.3364 9.11646
      vertex 107.99 17.312 9.56619
      vertex 107.99 17.5355 9.51558
    endloop
  endfacet
  facet normal -1 0 0
    outer loop
      vertex 107.99 17.1332 9.1642
      vertex 107.99 17.312 9.56619
      vertex 107.99 17.3364 9.11646
    endloop
  endfacet
  facet normal -1 0 0
    outer loop
      vertex 107.99 17.1332 9.1642
      vertex 107.99 17.111 9.65054
      vertex 107.99 17.312 9.56619
    endloop
  endfacet
  facet normal -1 0 0
    outer loop
      vertex 107.99 16.9429 9.23102
      vertex 107.99 17.111 9.65054
      vertex 107.99 17.1332 9.1642
    endloop
  endfacet
  facet normal -1 0 0
    outer loop
      vertex 107.99 16.7656 9.31694
      vertex 107.99 17.111 9.65054
      vertex 107.99 16.9429 9.23102
    endloop
  endfacet
  facet normal -1 -0 0
    outer loop
      vertex 107.99 17.111 9.65054
      vertex 107.99 16.7656 9.31694
      vertex 107.99 16.9325 9.76863
    endloop
  endfacet
  facet normal -1 0 0
    outer loop
      vertex 107.99 16.6028 9.42094
      vertex 107.99 16.9325 9.76863
      vertex 107.99 16.7656 9.31694
    endloop
  endfacet
  facet normal -1 -0 0
    outer loop
      vertex 107.99 16.9325 9.76863
      vertex 107.99 16.6028 9.42094
      vertex 107.99 16.7764 9.92047
    endloop
  endfacet
  facet normal -1 0 0
    outer loop
      vertex 107.99 16.4562 9.54198
      vertex 107.99 16.7764 9.92047
      vertex 107.99 16.6028 9.42094
    endloop
  endfacet
  facet normal -1 0 0
    outer loop
      vertex 107.99 16.3257 9.68005
      vertex 107.99 16.7764 9.92047
      vertex 107.99 16.4562 9.54198
    endloop
  endfacet
  facet normal -1 -0 0
    outer loop
      vertex 107.99 16.7764 9.92047
      vertex 107.99 16.3257 9.68005
      vertex 107.99 16.6461 10.1011
    endloop
  endfacet
  facet normal -1 0 0
    outer loop
      vertex 107.99 16.2114 9.83514
      vertex 107.99 16.6461 10.1011
      vertex 107.99 16.3257 9.68005
    endloop
  endfacet
  facet normal -1 0 0
    outer loop
      vertex 107.99 16.1132 10.0073
      vertex 107.99 16.6461 10.1011
      vertex 107.99 16.2114 9.83514
    endloop
  endfacet
  facet normal -1 -0 0
    outer loop
      vertex 107.99 16.6461 10.1011
      vertex 107.99 16.1132 10.0073
      vertex 107.99 16.5447 10.3054
    endloop
  endfacet
  facet normal -1 0 0
    outer loop
      vertex 107.99 16.0322 10.1939
      vertex 107.99 16.5447 10.3054
      vertex 107.99 16.1132 10.0073
    endloop
  endfacet
  facet normal -1 -0 0
    outer loop
      vertex 107.99 16.5447 10.3054
      vertex 107.99 16.0322 10.1939
      vertex 107.99 16.4722 10.5336
    endloop
  endfacet
  facet normal -1 0 0
    outer loop
      vertex 107.99 15.9691 10.3927
      vertex 107.99 16.4722 10.5336
      vertex 107.99 16.0322 10.1939
    endloop
  endfacet
  facet normal -1 0 -0
    outer loop
      vertex 107.99 15.9082 11.4118
      vertex 107.99 16.4143 11.0611
      vertex 107.99 15.8881 11.0611
    endloop
  endfacet
  facet normal -1 0 0
    outer loop
      vertex 107.99 15.9241 10.6034
      vertex 107.99 16.4722 10.5336
      vertex 107.99 15.9691 10.3927
    endloop
  endfacet
  facet normal -1 0 -0
    outer loop
      vertex 107.99 15.9684 11.7305
      vertex 107.99 16.4143 11.0611
      vertex 107.99 15.9082 11.4118
    endloop
  endfacet
  facet normal -1 0 0
    outer loop
      vertex 107.99 16.4722 10.5336
      vertex 107.99 15.9241 10.6034
      vertex 107.99 16.4288 10.7854
    endloop
  endfacet
  facet normal -1 0 0
    outer loop
      vertex 107.99 15.8971 10.8262
      vertex 107.99 16.4288 10.7854
      vertex 107.99 15.9241 10.6034
    endloop
  endfacet
  facet normal -1 0 0
    outer loop
      vertex 107.99 16.4288 10.7854
      vertex 107.99 15.8971 10.8262
      vertex 107.99 16.4143 11.0611
    endloop
  endfacet
  facet normal -1 -0 0
    outer loop
      vertex 107.99 16.4143 11.0611
      vertex 107.99 15.8971 10.8262
      vertex 107.99 15.8881 11.0611
    endloop
  endfacet
  facet normal -1 0 0
    outer loop
      vertex 107.99 16.4143 11.0611
      vertex 107.99 16.2093 12.2719
      vertex 107.99 16.3899 12.4946
    endloop
  endfacet
  facet normal -1 0 -0
    outer loop
      vertex 107.99 16.0688 12.0172
      vertex 107.99 16.4143 11.0611
      vertex 107.99 15.9684 11.7305
    endloop
  endfacet
  facet normal -1 0 -0
    outer loop
      vertex 107.99 16.2093 12.2719
      vertex 107.99 16.4143 11.0611
      vertex 107.99 16.0688 12.0172
    endloop
  endfacet
  facet normal -1 0 0
    outer loop
      vertex 107.99 19.1512 11.0611
      vertex 107.99 19.6802 11.0611
      vertex 107.99 19.671 10.8273
    endloop
  endfacet
  facet normal -1 0 0
    outer loop
      vertex 107.99 19.6802 11.0611
      vertex 107.99 19.1512 11.0611
      vertex 107.99 19.6711 11.2955
    endloop
  endfacet
  facet normal -1 0 0
    outer loop
      vertex 107.99 19.1371 10.7762
      vertex 107.99 19.671 10.8273
      vertex 107.99 19.6435 10.6054
    endloop
  endfacet
  facet normal -1 0 0
    outer loop
      vertex 107.99 19.137 11.3342
      vertex 107.99 19.6711 11.2955
      vertex 107.99 19.1512 11.0611
    endloop
  endfacet
  facet normal -1 0 0
    outer loop
      vertex 107.99 19.1371 10.7762
      vertex 107.99 19.6435 10.6054
      vertex 107.99 19.5977 10.3954
    endloop
  endfacet
  facet normal -1 0 0
    outer loop
      vertex 107.99 19.6711 11.2955
      vertex 107.99 19.137 11.3342
      vertex 107.99 19.644 11.5172
    endloop
  endfacet
  facet normal -1 0 0
    outer loop
      vertex 107.99 19.1371 10.7762
      vertex 107.99 19.5977 10.3954
      vertex 107.99 19.5335 10.1974
    endloop
  endfacet
  facet normal -1 0 0
    outer loop
      vertex 107.99 19.0942 11.5827
      vertex 107.99 19.644 11.5172
      vertex 107.99 19.137 11.3342
    endloop
  endfacet
  facet normal -1 0 0
    outer loop
      vertex 107.99 19.1371 10.7762
      vertex 107.99 19.5335 10.1974
      vertex 107.99 19.4509 10.0114
    endloop
  endfacet
  facet normal -1 0 0
    outer loop
      vertex 107.99 19.644 11.5172
      vertex 107.99 19.0942 11.5827
      vertex 107.99 19.5986 11.7261
    endloop
  endfacet
  facet normal -1 0 0
    outer loop
      vertex 107.99 19.1371 10.7762
      vertex 107.99 19.4509 10.0114
      vertex 107.99 19.3513 9.83958
    endloop
  endfacet
  facet normal -1 -0 0
    outer loop
      vertex 107.99 19.5986 11.7261
      vertex 107.99 19.0942 11.5827
      vertex 107.99 19.5352 11.9221
    endloop
  endfacet
  facet normal -1 0 0
    outer loop
      vertex 107.99 18.9247 10.0837
      vertex 107.99 19.3513 9.83958
      vertex 107.99 19.2357 9.68454
    endloop
  endfacet
  facet normal -1 0 0
    outer loop
      vertex 107.99 19.0228 11.8068
      vertex 107.99 19.5352 11.9221
      vertex 107.99 19.0942 11.5827
    endloop
  endfacet
  facet normal -1 -0 0
    outer loop
      vertex 107.99 19.5352 11.9221
      vertex 107.99 19.0228 11.8068
      vertex 107.99 19.4537 12.1054
    endloop
  endfacet
  facet normal -1 0 0
    outer loop
      vertex 107.99 18.923 12.0063
      vertex 107.99 19.4537 12.1054
      vertex 107.99 19.0228 11.8068
    endloop
  endfacet
  facet normal -1 -0 0
    outer loop
      vertex 107.99 19.4537 12.1054
      vertex 107.99 18.923 12.0063
      vertex 107.99 19.355 12.2738
    endloop
  endfacet
  facet normal -1 -0 0
    outer loop
      vertex 107.99 19.355 12.2738
      vertex 107.99 18.923 12.0063
      vertex 107.99 19.2401 12.4255
    endloop
  endfacet
  facet normal -1 0 0
    outer loop
      vertex 107.99 18.7946 12.1813
      vertex 107.99 19.2401 12.4255
      vertex 107.99 18.923 12.0063
    endloop
  endfacet
  facet normal -1 -0 0
    outer loop
      vertex 107.99 19.2401 12.4255
      vertex 107.99 18.7946 12.1813
      vertex 107.99 19.1091 12.5603
    endloop
  endfacet
  facet normal -1 -0 0
    outer loop
      vertex 107.99 19.1091 12.5603
      vertex 107.99 18.7946 12.1813
      vertex 107.99 18.9619 12.6783
    endloop
  endfacet
  facet normal -1 0 0
    outer loop
      vertex 107.99 18.6401 12.3278
      vertex 107.99 18.9619 12.6783
      vertex 107.99 18.7946 12.1813
    endloop
  endfacet
  facet normal -1 -0 0
    outer loop
      vertex 107.99 18.9619 12.6783
      vertex 107.99 18.6401 12.3278
      vertex 107.99 18.7986 12.7794
    endloop
  endfacet
  facet normal -1 0 0
    outer loop
      vertex 107.99 18.4621 12.4417
      vertex 107.99 18.7986 12.7794
      vertex 107.99 18.6401 12.3278
    endloop
  endfacet
  facet normal -1 -0 0
    outer loop
      vertex 107.99 18.7986 12.7794
      vertex 107.99 18.4621 12.4417
      vertex 107.99 18.621 12.8629
    endloop
  endfacet
  facet normal -1 0 0
    outer loop
      vertex 107.99 18.4621 12.4417
      vertex 107.99 18.431 12.9279
      vertex 107.99 18.621 12.8629
    endloop
  endfacet
  facet normal -1 0 0
    outer loop
      vertex 107.99 18.2606 12.5231
      vertex 107.99 18.431 12.9279
      vertex 107.99 18.4621 12.4417
    endloop
  endfacet
  facet normal -1 0 0
    outer loop
      vertex 107.99 18.2606 12.5231
      vertex 107.99 18.2287 12.9743
      vertex 107.99 18.431 12.9279
    endloop
  endfacet
  facet normal -1 0 0
    outer loop
      vertex 107.99 18.0355 12.5719
      vertex 107.99 18.2287 12.9743
      vertex 107.99 18.2606 12.5231
    endloop
  endfacet
  facet normal -1 0 0
    outer loop
      vertex 107.99 18.0355 12.5719
      vertex 107.99 18.0139 13.0021
      vertex 107.99 18.2287 12.9743
    endloop
  endfacet
  facet normal -1 0 0
    outer loop
      vertex 107.99 17.7869 12.5882
      vertex 107.99 18.0139 13.0021
      vertex 107.99 18.0355 12.5719
    endloop
  endfacet
  facet normal -1 0 0
    outer loop
      vertex 107.99 17.7869 12.5882
      vertex 107.99 17.7869 13.0114
      vertex 107.99 18.0139 13.0021
    endloop
  endfacet
  facet normal -1 0 0
    outer loop
      vertex 107.99 17.5362 12.5722
      vertex 107.99 17.7869 13.0114
      vertex 107.99 17.7869 12.5882
    endloop
  endfacet
  facet normal -1 0 0
    outer loop
      vertex 107.99 17.5362 12.5722
      vertex 107.99 17.4445 12.9907
      vertex 107.99 17.7869 13.0114
    endloop
  endfacet
  facet normal -1 0 0
    outer loop
      vertex 107.99 17.3094 12.524
      vertex 107.99 17.4445 12.9907
      vertex 107.99 17.5362 12.5722
    endloop
  endfacet
  facet normal -1 0 0
    outer loop
      vertex 107.99 17.3094 12.524
      vertex 107.99 17.1337 12.9287
      vertex 107.99 17.4445 12.9907
    endloop
  endfacet
  facet normal -1 0 0
    outer loop
      vertex 107.99 17.1066 12.4437
      vertex 107.99 17.1337 12.9287
      vertex 107.99 17.3094 12.524
    endloop
  endfacet
  facet normal -1 0 0
    outer loop
      vertex 107.99 16.8543 12.8253
      vertex 107.99 17.1066 12.4437
      vertex 107.99 16.9275 12.3313
    endloop
  endfacet
  facet normal -1 0 0
    outer loop
      vertex 107.99 17.1066 12.4437
      vertex 107.99 16.8543 12.8253
      vertex 107.99 17.1337 12.9287
    endloop
  endfacet
  facet normal -1 0 0
    outer loop
      vertex 107.99 16.6064 12.6806
      vertex 107.99 16.9275 12.3313
      vertex 107.99 16.7724 12.1868
    endloop
  endfacet
  facet normal -1 0 0
    outer loop
      vertex 107.99 16.3899 12.4946
      vertex 107.99 16.7724 12.1868
      vertex 107.99 16.6434 12.0133
    endloop
  endfacet
  facet normal -1 0 0
    outer loop
      vertex 107.99 16.9275 12.3313
      vertex 107.99 16.6064 12.6806
      vertex 107.99 16.8543 12.8253
    endloop
  endfacet
  facet normal -1 0 0
    outer loop
      vertex 107.99 16.3899 12.4946
      vertex 107.99 16.6434 12.0133
      vertex 107.99 16.5432 11.814
    endloop
  endfacet
  facet normal -1 0 0
    outer loop
      vertex 107.99 16.3899 12.4946
      vertex 107.99 16.5432 11.814
      vertex 107.99 16.4716 11.5888
    endloop
  endfacet
  facet normal -1 0 0
    outer loop
      vertex 107.99 16.3899 12.4946
      vertex 107.99 16.4716 11.5888
      vertex 107.99 16.4286 11.3379
    endloop
  endfacet
  facet normal -1 0 0
    outer loop
      vertex 107.99 16.7724 12.1868
      vertex 107.99 16.3899 12.4946
      vertex 107.99 16.6064 12.6806
    endloop
  endfacet
  facet normal -1 0 0
    outer loop
      vertex 107.99 16.3899 12.4946
      vertex 107.99 16.4286 11.3379
      vertex 107.99 16.4143 11.0611
    endloop
  endfacet
  facet normal -1 0 0
    outer loop
      vertex 107.99 25.4851 10.2501
      vertex 107.99 23.901 10.6542
      vertex 107.99 25.3305 10.6542
    endloop
  endfacet
  facet normal -1 0 -0
    outer loop
      vertex 107.99 23.901 10.6542
      vertex 107.99 25.4851 10.2501
      vertex 107.99 23.7437 10.2501
    endloop
  endfacet
  facet normal -1 0 0
    outer loop
      vertex 107.99 25.4851 10.2501
      vertex 107.99 26.4508 9.13251
      vertex 107.99 25.9218 9.13251
    endloop
  endfacet
  facet normal -1 0 0
    outer loop
      vertex 107.99 25.3305 10.6542
      vertex 107.99 26.4508 9.13251
      vertex 107.99 25.4851 10.2501
    endloop
  endfacet
  facet normal -1 0 0
    outer loop
      vertex 107.99 25.3305 10.6542
      vertex 107.99 24.9155 12.9544
      vertex 107.99 26.4508 9.13251
    endloop
  endfacet
  facet normal -1 0 0
    outer loop
      vertex 107.99 24.8395 11.9155
      vertex 107.99 24.9155 12.9544
      vertex 107.99 25.3305 10.6542
    endloop
  endfacet
  facet normal -1 0 0
    outer loop
      vertex 107.99 24.8092 11.9924
      vertex 107.99 24.9155 12.9544
      vertex 107.99 24.8395 11.9155
    endloop
  endfacet
  facet normal -1 0 0
    outer loop
      vertex 107.99 24.7788 12.0731
      vertex 107.99 24.9155 12.9544
      vertex 107.99 24.8092 11.9924
    endloop
  endfacet
  facet normal -1 0 0
    outer loop
      vertex 107.99 24.7484 12.1577
      vertex 107.99 24.9155 12.9544
      vertex 107.99 24.7788 12.0731
    endloop
  endfacet
  facet normal -1 0 0
    outer loop
      vertex 107.99 24.718 12.2462
      vertex 107.99 24.9155 12.9544
      vertex 107.99 24.7484 12.1577
    endloop
  endfacet
  facet normal -1 0 0
    outer loop
      vertex 107.99 24.6877 12.3387
      vertex 107.99 24.9155 12.9544
      vertex 107.99 24.718 12.2462
    endloop
  endfacet
  facet normal -1 0 0
    outer loop
      vertex 107.99 24.6144 12.5638
      vertex 107.99 24.9155 12.9544
      vertex 107.99 24.6877 12.3387
    endloop
  endfacet
  facet normal -1 0 0
    outer loop
      vertex 107.99 24.3269 12.9544
      vertex 107.99 24.5603 12.3927
      vertex 107.99 24.5253 12.2874
    endloop
  endfacet
  facet normal -1 0 0
    outer loop
      vertex 107.99 24.5603 12.3927
      vertex 107.99 24.3269 12.9544
      vertex 107.99 24.59 12.4879
    endloop
  endfacet
  facet normal -1 0 0
    outer loop
      vertex 107.99 24.3269 12.9544
      vertex 107.99 24.5253 12.2874
      vertex 107.99 24.4852 12.1718
    endloop
  endfacet
  facet normal -1 0 0
    outer loop
      vertex 107.99 24.3269 12.9544
      vertex 107.99 24.4852 12.1718
      vertex 107.99 24.4398 12.0461
    endloop
  endfacet
  facet normal -1 0 0
    outer loop
      vertex 107.99 24.3269 12.9544
      vertex 107.99 24.4398 12.0461
      vertex 107.99 24.3893 11.9101
    endloop
  endfacet
  facet normal -1 0 0
    outer loop
      vertex 107.99 24.6144 12.5638
      vertex 107.99 24.3269 12.9544
      vertex 107.99 24.9155 12.9544
    endloop
  endfacet
  facet normal -1 0 0
    outer loop
      vertex 107.99 24.59 12.4879
      vertex 107.99 24.3269 12.9544
      vertex 107.99 24.6144 12.5638
    endloop
  endfacet
  facet normal -1 0 0
    outer loop
      vertex 107.99 23.901 10.6542
      vertex 107.99 24.3269 12.9544
      vertex 107.99 24.3893 11.9101
    endloop
  endfacet
  facet normal -1 0 0
    outer loop
      vertex 107.99 22.7672 9.13251
      vertex 107.99 23.901 10.6542
      vertex 107.99 23.7437 10.2501
    endloop
  endfacet
  facet normal -1 0 0
    outer loop
      vertex 107.99 22.7672 9.13251
      vertex 107.99 23.7437 10.2501
      vertex 107.99 23.3043 9.13251
    endloop
  endfacet
  facet normal -1 -0 0
    outer loop
      vertex 107.99 23.901 10.6542
      vertex 107.99 22.7672 9.13251
      vertex 107.99 24.3269 12.9544
    endloop
  endfacet
  facet normal -1 0 0
    outer loop
      vertex 107.99 21.798 9.13251
      vertex 107.99 21.2826 9.13251
      vertex 107.99 21.798 12.5312
    endloop
  endfacet
  facet normal -1 0 0
    outer loop
      vertex 107.99 21.798 12.5312
      vertex 107.99 23.1108 12.9544
      vertex 107.99 23.1108 12.5312
    endloop
  endfacet
  facet normal -1 0 0
    outer loop
      vertex 107.99 21.2826 12.5312
      vertex 107.99 21.798 12.5312
      vertex 107.99 21.2826 9.13251
    endloop
  endfacet
  facet normal -1 0 0
    outer loop
      vertex 107.99 21.2826 12.5312
      vertex 107.99 23.1108 12.9544
      vertex 107.99 21.798 12.5312
    endloop
  endfacet
  facet normal -1 0 0
    outer loop
      vertex 107.99 19.9697 12.9544
      vertex 107.99 21.2826 12.5312
      vertex 107.99 19.9697 12.5312
    endloop
  endfacet
  facet normal -1 0 0
    outer loop
      vertex 107.99 21.2826 12.5312
      vertex 107.99 19.9697 12.9544
      vertex 107.99 23.1108 12.9544
    endloop
  endfacet
  facet normal 1 0 0
    outer loop
      vertex 108.39 19.1512 11.0611
      vertex 108.39 19.6802 11.0611
      vertex 108.39 19.6711 11.2955
    endloop
  endfacet
  facet normal 1 -0 0
    outer loop
      vertex 108.39 19.137 11.3342
      vertex 108.39 19.6711 11.2955
      vertex 108.39 19.644 11.5172
    endloop
  endfacet
  facet normal 1 0 0
    outer loop
      vertex 108.39 19.6802 11.0611
      vertex 108.39 19.1512 11.0611
      vertex 108.39 19.671 10.8273
    endloop
  endfacet
  facet normal 1 -0 0
    outer loop
      vertex 108.39 19.0942 11.5827
      vertex 108.39 19.644 11.5172
      vertex 108.39 19.5986 11.7261
    endloop
  endfacet
  facet normal 1 0 0
    outer loop
      vertex 108.39 19.1371 10.7762
      vertex 108.39 19.671 10.8273
      vertex 108.39 19.1512 11.0611
    endloop
  endfacet
  facet normal 1 0 0
    outer loop
      vertex 108.39 19.0942 11.5827
      vertex 108.39 19.5986 11.7261
      vertex 108.39 19.5352 11.9221
    endloop
  endfacet
  facet normal 1 0 0
    outer loop
      vertex 108.39 19.671 10.8273
      vertex 108.39 19.1371 10.7762
      vertex 108.39 19.6435 10.6054
    endloop
  endfacet
  facet normal 1 0 0
    outer loop
      vertex 108.39 19.0228 11.8068
      vertex 108.39 19.5352 11.9221
      vertex 108.39 19.4537 12.1054
    endloop
  endfacet
  facet normal 1 0 0
    outer loop
      vertex 108.39 19.0946 10.5184
      vertex 108.39 19.6435 10.6054
      vertex 108.39 19.1371 10.7762
    endloop
  endfacet
  facet normal 1 0 0
    outer loop
      vertex 108.39 18.923 12.0063
      vertex 108.39 19.4537 12.1054
      vertex 108.39 19.355 12.2738
    endloop
  endfacet
  facet normal 1 0 0
    outer loop
      vertex 108.39 19.6435 10.6054
      vertex 108.39 19.0946 10.5184
      vertex 108.39 19.5977 10.3954
    endloop
  endfacet
  facet normal 1 0 0
    outer loop
      vertex 108.39 18.923 12.0063
      vertex 108.39 19.355 12.2738
      vertex 108.39 19.2401 12.4255
    endloop
  endfacet
  facet normal 1 0 0
    outer loop
      vertex 108.39 19.5977 10.3954
      vertex 108.39 19.0946 10.5184
      vertex 108.39 19.5335 10.1974
    endloop
  endfacet
  facet normal 1 -0 0
    outer loop
      vertex 108.39 19.0238 10.2875
      vertex 108.39 19.5335 10.1974
      vertex 108.39 19.0946 10.5184
    endloop
  endfacet
  facet normal 1 0 0
    outer loop
      vertex 108.39 19.6711 11.2955
      vertex 108.39 19.137 11.3342
      vertex 108.39 19.1512 11.0611
    endloop
  endfacet
  facet normal 1 0 0
    outer loop
      vertex 108.39 18.7946 12.1813
      vertex 108.39 19.2401 12.4255
      vertex 108.39 19.1091 12.5603
    endloop
  endfacet
  facet normal 1 0 0
    outer loop
      vertex 108.39 19.644 11.5172
      vertex 108.39 19.0942 11.5827
      vertex 108.39 19.137 11.3342
    endloop
  endfacet
  facet normal 1 0 0
    outer loop
      vertex 108.39 19.5352 11.9221
      vertex 108.39 19.0228 11.8068
      vertex 108.39 19.0942 11.5827
    endloop
  endfacet
  facet normal 1 0 0
    outer loop
      vertex 108.39 18.7946 12.1813
      vertex 108.39 19.1091 12.5603
      vertex 108.39 18.9619 12.6783
    endloop
  endfacet
  facet normal 1 0 0
    outer loop
      vertex 108.39 19.4537 12.1054
      vertex 108.39 18.923 12.0063
      vertex 108.39 19.0228 11.8068
    endloop
  endfacet
  facet normal 1 0 0
    outer loop
      vertex 108.39 18.6401 12.3278
      vertex 108.39 18.9619 12.6783
      vertex 108.39 18.7986 12.7794
    endloop
  endfacet
  facet normal 1 0 0
    outer loop
      vertex 108.39 19.2401 12.4255
      vertex 108.39 18.7946 12.1813
      vertex 108.39 18.923 12.0063
    endloop
  endfacet
  facet normal 1 0 0
    outer loop
      vertex 108.39 18.9619 12.6783
      vertex 108.39 18.6401 12.3278
      vertex 108.39 18.7946 12.1813
    endloop
  endfacet
  facet normal 1 0 0
    outer loop
      vertex 108.39 18.4621 12.4417
      vertex 108.39 18.7986 12.7794
      vertex 108.39 18.621 12.8629
    endloop
  endfacet
  facet normal 1 0 0
    outer loop
      vertex 108.39 18.7986 12.7794
      vertex 108.39 18.4621 12.4417
      vertex 108.39 18.6401 12.3278
    endloop
  endfacet
  facet normal 1 0 0
    outer loop
      vertex 108.39 18.431 12.9279
      vertex 108.39 18.4621 12.4417
      vertex 108.39 18.621 12.8629
    endloop
  endfacet
  facet normal 1 0 0
    outer loop
      vertex 108.39 18.431 12.9279
      vertex 108.39 18.2606 12.5231
      vertex 108.39 18.4621 12.4417
    endloop
  endfacet
  facet normal 1 0 0
    outer loop
      vertex 108.39 18.2287 12.9743
      vertex 108.39 18.2606 12.5231
      vertex 108.39 18.431 12.9279
    endloop
  endfacet
  facet normal 1 0 0
    outer loop
      vertex 108.39 18.2287 12.9743
      vertex 108.39 18.0355 12.5719
      vertex 108.39 18.2606 12.5231
    endloop
  endfacet
  facet normal 1 0 0
    outer loop
      vertex 108.39 18.0139 13.0021
      vertex 108.39 18.0355 12.5719
      vertex 108.39 18.2287 12.9743
    endloop
  endfacet
  facet normal 1 0 0
    outer loop
      vertex 108.39 17.7869 12.5882
      vertex 108.39 18.0139 13.0021
      vertex 108.39 17.7869 13.0114
    endloop
  endfacet
  facet normal 1 0 0
    outer loop
      vertex 108.39 18.0139 13.0021
      vertex 108.39 17.7869 12.5882
      vertex 108.39 18.0355 12.5719
    endloop
  endfacet
  facet normal 1 0 0
    outer loop
      vertex 108.39 17.7869 13.0114
      vertex 108.39 17.5362 12.5722
      vertex 108.39 17.7869 12.5882
    endloop
  endfacet
  facet normal 1 -0 0
    outer loop
      vertex 108.39 17.4445 12.9907
      vertex 108.39 17.5362 12.5722
      vertex 108.39 17.7869 13.0114
    endloop
  endfacet
  facet normal 1 0 0
    outer loop
      vertex 108.39 17.4445 12.9907
      vertex 108.39 17.3094 12.524
      vertex 108.39 17.5362 12.5722
    endloop
  endfacet
  facet normal 1 -0 0
    outer loop
      vertex 108.39 17.1337 12.9287
      vertex 108.39 17.3094 12.524
      vertex 108.39 17.4445 12.9907
    endloop
  endfacet
  facet normal 1 0 0
    outer loop
      vertex 108.39 17.1337 12.9287
      vertex 108.39 17.1066 12.4437
      vertex 108.39 17.3094 12.524
    endloop
  endfacet
  facet normal 1 -0 0
    outer loop
      vertex 108.39 16.8543 12.8253
      vertex 108.39 17.1066 12.4437
      vertex 108.39 17.1337 12.9287
    endloop
  endfacet
  facet normal 1 0 0
    outer loop
      vertex 108.39 17.1066 12.4437
      vertex 108.39 16.8543 12.8253
      vertex 108.39 16.9275 12.3313
    endloop
  endfacet
  facet normal 1 -0 0
    outer loop
      vertex 108.39 16.6064 12.6806
      vertex 108.39 16.9275 12.3313
      vertex 108.39 16.8543 12.8253
    endloop
  endfacet
  facet normal 1 0 0
    outer loop
      vertex 108.39 16.9275 12.3313
      vertex 108.39 16.6064 12.6806
      vertex 108.39 16.7724 12.1868
    endloop
  endfacet
  facet normal 1 -0 0
    outer loop
      vertex 108.39 16.3899 12.4946
      vertex 108.39 16.7724 12.1868
      vertex 108.39 16.6064 12.6806
    endloop
  endfacet
  facet normal 1 0 0
    outer loop
      vertex 108.39 16.7724 12.1868
      vertex 108.39 16.3899 12.4946
      vertex 108.39 16.6434 12.0133
    endloop
  endfacet
  facet normal 1 -0 0
    outer loop
      vertex 108.39 16.2093 12.2719
      vertex 108.39 16.6434 12.0133
      vertex 108.39 16.3899 12.4946
    endloop
  endfacet
  facet normal 1 0 0
    outer loop
      vertex 108.39 16.6434 12.0133
      vertex 108.39 16.2093 12.2719
      vertex 108.39 16.5432 11.814
    endloop
  endfacet
  facet normal 1 0 0
    outer loop
      vertex 108.39 15.9684 11.7305
      vertex 108.39 16.5432 11.814
      vertex 108.39 16.0688 12.0172
    endloop
  endfacet
  facet normal 1 -0 0
    outer loop
      vertex 108.39 16.0688 12.0172
      vertex 108.39 16.5432 11.814
      vertex 108.39 16.2093 12.2719
    endloop
  endfacet
  facet normal 1 0 0
    outer loop
      vertex 108.39 19.5335 10.1974
      vertex 108.39 19.0238 10.2875
      vertex 108.39 19.4509 10.0114
    endloop
  endfacet
  facet normal 1 -0 0
    outer loop
      vertex 108.39 18.9247 10.0837
      vertex 108.39 19.4509 10.0114
      vertex 108.39 19.0238 10.2875
    endloop
  endfacet
  facet normal 1 0 0
    outer loop
      vertex 108.39 19.4509 10.0114
      vertex 108.39 18.9247 10.0837
      vertex 108.39 19.3513 9.83958
    endloop
  endfacet
  facet normal 1 0 0
    outer loop
      vertex 108.39 19.3513 9.83958
      vertex 108.39 18.9247 10.0837
      vertex 108.39 19.2357 9.68454
    endloop
  endfacet
  facet normal 1 -0 0
    outer loop
      vertex 108.39 18.7972 9.90691
      vertex 108.39 19.2357 9.68454
      vertex 108.39 18.9247 10.0837
    endloop
  endfacet
  facet normal 1 0 0
    outer loop
      vertex 108.39 19.2357 9.68454
      vertex 108.39 18.7972 9.90691
      vertex 108.39 19.1041 9.5462
    endloop
  endfacet
  facet normal 1 0 0
    outer loop
      vertex 108.39 19.1041 9.5462
      vertex 108.39 18.7972 9.90691
      vertex 108.39 18.9566 9.42458
    endloop
  endfacet
  facet normal 1 -0 0
    outer loop
      vertex 108.39 18.6433 9.75995
      vertex 108.39 18.9566 9.42458
      vertex 108.39 18.7972 9.90691
    endloop
  endfacet
  facet normal 1 0 0
    outer loop
      vertex 108.39 18.9566 9.42458
      vertex 108.39 18.6433 9.75995
      vertex 108.39 18.7932 9.31967
    endloop
  endfacet
  facet normal 1 -0 0
    outer loop
      vertex 108.39 18.4648 9.64566
      vertex 108.39 18.7932 9.31967
      vertex 108.39 18.6433 9.75995
    endloop
  endfacet
  facet normal 1 0 0
    outer loop
      vertex 108.39 18.7932 9.31967
      vertex 108.39 18.4648 9.64566
      vertex 108.39 18.6156 9.23276
    endloop
  endfacet
  facet normal 1 0 0
    outer loop
      vertex 108.39 18.4648 9.64566
      vertex 108.39 18.4256 9.16518
      vertex 108.39 18.6156 9.23276
    endloop
  endfacet
  facet normal 1 -0 0
    outer loop
      vertex 108.39 18.2616 9.56403
      vertex 108.39 18.4256 9.16518
      vertex 108.39 18.4648 9.64566
    endloop
  endfacet
  facet normal 1 0 0
    outer loop
      vertex 108.39 18.2616 9.56403
      vertex 108.39 18.2233 9.1169
      vertex 108.39 18.4256 9.16518
    endloop
  endfacet
  facet normal 1 -0 0
    outer loop
      vertex 108.39 18.0338 9.51503
      vertex 108.39 18.2233 9.1169
      vertex 108.39 18.2616 9.56403
    endloop
  endfacet
  facet normal 1 0 0
    outer loop
      vertex 108.39 18.0338 9.51503
      vertex 108.39 18.0085 9.08792
      vertex 108.39 18.2233 9.1169
    endloop
  endfacet
  facet normal 1 -0 0
    outer loop
      vertex 108.39 17.7814 9.4987
      vertex 108.39 18.0085 9.08792
      vertex 108.39 18.0338 9.51503
    endloop
  endfacet
  facet normal 1 0 0
    outer loop
      vertex 108.39 17.7814 9.4987
      vertex 108.39 17.7814 9.07826
      vertex 108.39 18.0085 9.08792
    endloop
  endfacet
  facet normal 1 0 0
    outer loop
      vertex 108.39 17.7814 9.4987
      vertex 108.39 17.5524 9.08781
      vertex 108.39 17.7814 9.07826
    endloop
  endfacet
  facet normal 1 0 0
    outer loop
      vertex 108.39 17.5355 9.51558
      vertex 108.39 17.5524 9.08781
      vertex 108.39 17.7814 9.4987
    endloop
  endfacet
  facet normal 1 0 0
    outer loop
      vertex 108.39 17.5355 9.51558
      vertex 108.39 17.3364 9.11646
      vertex 108.39 17.5524 9.08781
    endloop
  endfacet
  facet normal 1 0 0
    outer loop
      vertex 108.39 17.312 9.56619
      vertex 108.39 17.3364 9.11646
      vertex 108.39 17.5355 9.51558
    endloop
  endfacet
  facet normal 1 0 0
    outer loop
      vertex 108.39 17.312 9.56619
      vertex 108.39 17.1332 9.1642
      vertex 108.39 17.3364 9.11646
    endloop
  endfacet
  facet normal 1 0 0
    outer loop
      vertex 108.39 17.111 9.65054
      vertex 108.39 17.1332 9.1642
      vertex 108.39 17.312 9.56619
    endloop
  endfacet
  facet normal 1 0 0
    outer loop
      vertex 108.39 17.111 9.65054
      vertex 108.39 16.9429 9.23102
      vertex 108.39 17.1332 9.1642
    endloop
  endfacet
  facet normal 1 0 0
    outer loop
      vertex 108.39 16.7656 9.31694
      vertex 108.39 17.111 9.65054
      vertex 108.39 16.9325 9.76863
    endloop
  endfacet
  facet normal 1 0 0
    outer loop
      vertex 108.39 16.6028 9.42094
      vertex 108.39 16.9325 9.76863
      vertex 108.39 16.7764 9.92047
    endloop
  endfacet
  facet normal 1 0 0
    outer loop
      vertex 108.39 17.111 9.65054
      vertex 108.39 16.7656 9.31694
      vertex 108.39 16.9429 9.23102
    endloop
  endfacet
  facet normal 1 0 0
    outer loop
      vertex 108.39 16.3257 9.68005
      vertex 108.39 16.7764 9.92047
      vertex 108.39 16.6461 10.1011
    endloop
  endfacet
  facet normal 1 0 0
    outer loop
      vertex 108.39 16.9325 9.76863
      vertex 108.39 16.6028 9.42094
      vertex 108.39 16.7656 9.31694
    endloop
  endfacet
  facet normal 1 0 0
    outer loop
      vertex 108.39 16.1132 10.0073
      vertex 108.39 16.6461 10.1011
      vertex 108.39 16.5447 10.3054
    endloop
  endfacet
  facet normal 1 0 0
    outer loop
      vertex 108.39 16.0322 10.1939
      vertex 108.39 16.5447 10.3054
      vertex 108.39 16.4722 10.5336
    endloop
  endfacet
  facet normal 1 0 0
    outer loop
      vertex 108.39 16.7764 9.92047
      vertex 108.39 16.4562 9.54198
      vertex 108.39 16.6028 9.42094
    endloop
  endfacet
  facet normal 1 -0 0
    outer loop
      vertex 108.39 15.9241 10.6034
      vertex 108.39 16.4722 10.5336
      vertex 108.39 16.4288 10.7854
    endloop
  endfacet
  facet normal 1 -0 0
    outer loop
      vertex 108.39 15.8971 10.8262
      vertex 108.39 16.4288 10.7854
      vertex 108.39 16.4143 11.0611
    endloop
  endfacet
  facet normal 1 0 0
    outer loop
      vertex 108.39 16.7764 9.92047
      vertex 108.39 16.3257 9.68005
      vertex 108.39 16.4562 9.54198
    endloop
  endfacet
  facet normal 1 0 0
    outer loop
      vertex 108.39 16.5432 11.814
      vertex 108.39 15.9684 11.7305
      vertex 108.39 16.4716 11.5888
    endloop
  endfacet
  facet normal 1 0 -0
    outer loop
      vertex 108.39 15.8971 10.8262
      vertex 108.39 16.4143 11.0611
      vertex 108.39 15.8881 11.0611
    endloop
  endfacet
  facet normal 1 0 0
    outer loop
      vertex 108.39 15.9082 11.4118
      vertex 108.39 16.4716 11.5888
      vertex 108.39 15.9684 11.7305
    endloop
  endfacet
  facet normal 1 0 0
    outer loop
      vertex 108.39 16.4288 10.7854
      vertex 108.39 15.8971 10.8262
      vertex 108.39 15.9241 10.6034
    endloop
  endfacet
  facet normal 1 0 0
    outer loop
      vertex 108.39 16.4716 11.5888
      vertex 108.39 15.9082 11.4118
      vertex 108.39 16.4286 11.3379
    endloop
  endfacet
  facet normal 1 0 0
    outer loop
      vertex 108.39 16.4722 10.5336
      vertex 108.39 15.9241 10.6034
      vertex 108.39 15.9691 10.3927
    endloop
  endfacet
  facet normal 1 0 0
    outer loop
      vertex 108.39 16.6461 10.1011
      vertex 108.39 16.2114 9.83514
      vertex 108.39 16.3257 9.68005
    endloop
  endfacet
  facet normal 1 0 0
    outer loop
      vertex 108.39 15.8881 11.0611
      vertex 108.39 16.4286 11.3379
      vertex 108.39 15.9082 11.4118
    endloop
  endfacet
  facet normal 1 0 0
    outer loop
      vertex 108.39 16.5447 10.3054
      vertex 108.39 16.0322 10.1939
      vertex 108.39 16.1132 10.0073
    endloop
  endfacet
  facet normal 1 0 0
    outer loop
      vertex 108.39 16.4286 11.3379
      vertex 108.39 15.8881 11.0611
      vertex 108.39 16.4143 11.0611
    endloop
  endfacet
  facet normal 1 0 0
    outer loop
      vertex 108.39 16.6461 10.1011
      vertex 108.39 16.1132 10.0073
      vertex 108.39 16.2114 9.83514
    endloop
  endfacet
  facet normal 1 0 0
    outer loop
      vertex 108.39 16.4722 10.5336
      vertex 108.39 15.9691 10.3927
      vertex 108.39 16.0322 10.1939
    endloop
  endfacet
  facet normal 1 0 0
    outer loop
      vertex 108.39 23.1108 12.9544
      vertex 108.39 21.798 12.5312
      vertex 108.39 23.1108 12.5312
    endloop
  endfacet
  facet normal 1 0 0
    outer loop
      vertex 108.39 21.798 12.5312
      vertex 108.39 21.2826 12.5312
      vertex 108.39 21.798 9.13251
    endloop
  endfacet
  facet normal 1 0 0
    outer loop
      vertex 108.39 23.1108 12.9544
      vertex 108.39 21.2826 12.5312
      vertex 108.39 21.798 12.5312
    endloop
  endfacet
  facet normal 1 -0 0
    outer loop
      vertex 108.39 19.9697 12.9544
      vertex 108.39 21.2826 12.5312
      vertex 108.39 23.1108 12.9544
    endloop
  endfacet
  facet normal 1 0 0
    outer loop
      vertex 108.39 21.2826 12.5312
      vertex 108.39 19.9697 12.9544
      vertex 108.39 19.9697 12.5312
    endloop
  endfacet
  facet normal 1 0 0
    outer loop
      vertex 108.39 21.798 9.13251
      vertex 108.39 21.2826 12.5312
      vertex 108.39 21.2826 9.13251
    endloop
  endfacet
  facet normal 1 0 0
    outer loop
      vertex 108.39 26.4508 9.13251
      vertex 108.39 25.4851 10.2501
      vertex 108.39 25.9218 9.13251
    endloop
  endfacet
  facet normal 1 0 0
    outer loop
      vertex 108.39 26.4508 9.13251
      vertex 108.39 25.3305 10.6542
      vertex 108.39 25.4851 10.2501
    endloop
  endfacet
  facet normal 1 0 0
    outer loop
      vertex 108.39 24.9155 12.9544
      vertex 108.39 25.3305 10.6542
      vertex 108.39 26.4508 9.13251
    endloop
  endfacet
  facet normal 1 0 0
    outer loop
      vertex 108.39 24.9155 12.9544
      vertex 108.39 24.8395 11.9155
      vertex 108.39 25.3305 10.6542
    endloop
  endfacet
  facet normal 1 0 0
    outer loop
      vertex 108.39 24.9155 12.9544
      vertex 108.39 24.8092 11.9924
      vertex 108.39 24.8395 11.9155
    endloop
  endfacet
  facet normal 1 0 0
    outer loop
      vertex 108.39 24.9155 12.9544
      vertex 108.39 24.7788 12.0731
      vertex 108.39 24.8092 11.9924
    endloop
  endfacet
  facet normal 1 0 0
    outer loop
      vertex 108.39 24.9155 12.9544
      vertex 108.39 24.7484 12.1577
      vertex 108.39 24.7788 12.0731
    endloop
  endfacet
  facet normal 1 0 0
    outer loop
      vertex 108.39 24.9155 12.9544
      vertex 108.39 24.718 12.2462
      vertex 108.39 24.7484 12.1577
    endloop
  endfacet
  facet normal 1 0 0
    outer loop
      vertex 108.39 24.9155 12.9544
      vertex 108.39 24.6877 12.3387
      vertex 108.39 24.718 12.2462
    endloop
  endfacet
  facet normal 1 0 0
    outer loop
      vertex 108.39 24.9155 12.9544
      vertex 108.39 24.6144 12.5638
      vertex 108.39 24.6877 12.3387
    endloop
  endfacet
  facet normal 1 0 0
    outer loop
      vertex 108.39 24.3269 12.9544
      vertex 108.39 24.5603 12.3927
      vertex 108.39 24.59 12.4879
    endloop
  endfacet
  facet normal 1 0 0
    outer loop
      vertex 108.39 24.3269 12.9544
      vertex 108.39 24.59 12.4879
      vertex 108.39 24.6144 12.5638
    endloop
  endfacet
  facet normal 1 0 0
    outer loop
      vertex 108.39 24.5603 12.3927
      vertex 108.39 24.3269 12.9544
      vertex 108.39 24.5253 12.2874
    endloop
  endfacet
  facet normal 1 0 0
    outer loop
      vertex 108.39 24.5253 12.2874
      vertex 108.39 24.3269 12.9544
      vertex 108.39 24.4852 12.1718
    endloop
  endfacet
  facet normal 1 0 0
    outer loop
      vertex 108.39 24.4852 12.1718
      vertex 108.39 24.3269 12.9544
      vertex 108.39 24.4398 12.0461
    endloop
  endfacet
  facet normal 1 -0 0
    outer loop
      vertex 108.39 24.3269 12.9544
      vertex 108.39 24.6144 12.5638
      vertex 108.39 24.9155 12.9544
    endloop
  endfacet
  facet normal 1 0 0
    outer loop
      vertex 108.39 24.4398 12.0461
      vertex 108.39 24.3269 12.9544
      vertex 108.39 24.3893 11.9101
    endloop
  endfacet
  facet normal 1 0 0
    outer loop
      vertex 108.39 24.3269 12.9544
      vertex 108.39 23.901 10.6542
      vertex 108.39 24.3893 11.9101
    endloop
  endfacet
  facet normal 1 0 0
    outer loop
      vertex 108.39 22.7672 9.13251
      vertex 108.39 23.901 10.6542
      vertex 108.39 24.3269 12.9544
    endloop
  endfacet
  facet normal 1 0 0
    outer loop
      vertex 108.39 23.901 10.6542
      vertex 108.39 22.7672 9.13251
      vertex 108.39 23.7437 10.2501
    endloop
  endfacet
  facet normal 1 0 0
    outer loop
      vertex 108.39 23.7437 10.2501
      vertex 108.39 22.7672 9.13251
      vertex 108.39 23.3043 9.13251
    endloop
  endfacet
  facet normal 1 -0 0
    outer loop
      vertex 108.39 23.901 10.6542
      vertex 108.39 25.4851 10.2501
      vertex 108.39 25.3305 10.6542
    endloop
  endfacet
  facet normal 1 0 0
    outer loop
      vertex 108.39 25.4851 10.2501
      vertex 108.39 23.901 10.6542
      vertex 108.39 23.7437 10.2501
    endloop
  endfacet
  facet normal 0 0.133705 -0.991021
    outer loop
      vertex 107.99 18.0085 9.08792
      vertex 108.39 18.2233 9.1169
      vertex 108.39 18.0085 9.08792
    endloop
  endfacet
  facet normal 0 0.133705 -0.991021
    outer loop
      vertex 108.39 18.2233 9.1169
      vertex 107.99 18.0085 9.08792
      vertex 107.99 18.2233 9.1169
    endloop
  endfacet
  facet normal 0 0.232136 -0.972683
    outer loop
      vertex 107.99 18.2233 9.1169
      vertex 108.39 18.4256 9.16518
      vertex 108.39 18.2233 9.1169
    endloop
  endfacet
  facet normal 0 0.232136 -0.972683
    outer loop
      vertex 108.39 18.4256 9.16518
      vertex 107.99 18.2233 9.1169
      vertex 107.99 18.4256 9.16518
    endloop
  endfacet
  facet normal 0 0.335117 -0.942176
    outer loop
      vertex 107.99 18.4256 9.16518
      vertex 108.39 18.6156 9.23276
      vertex 108.39 18.4256 9.16518
    endloop
  endfacet
  facet normal 0 0.335117 -0.942176
    outer loop
      vertex 108.39 18.6156 9.23276
      vertex 107.99 18.4256 9.16518
      vertex 107.99 18.6156 9.23276
    endloop
  endfacet
  facet normal 0 0.43955 -0.898218
    outer loop
      vertex 107.99 18.6156 9.23276
      vertex 108.39 18.7932 9.31967
      vertex 108.39 18.6156 9.23276
    endloop
  endfacet
  facet normal 0 0.43955 -0.898218
    outer loop
      vertex 108.39 18.7932 9.31967
      vertex 107.99 18.6156 9.23276
      vertex 107.99 18.7932 9.31967
    endloop
  endfacet
  facet normal 0 0.540273 -0.84149
    outer loop
      vertex 107.99 18.7932 9.31967
      vertex 108.39 18.9566 9.42458
      vertex 108.39 18.7932 9.31967
    endloop
  endfacet
  facet normal 0 0.540273 -0.84149
    outer loop
      vertex 108.39 18.9566 9.42458
      vertex 107.99 18.7932 9.31967
      vertex 107.99 18.9566 9.42458
    endloop
  endfacet
  facet normal 0 0.636173 -0.771547
    outer loop
      vertex 107.99 18.9566 9.42458
      vertex 108.39 19.1041 9.5462
      vertex 108.39 18.9566 9.42458
    endloop
  endfacet
  facet normal 0 0.636173 -0.771547
    outer loop
      vertex 108.39 19.1041 9.5462
      vertex 107.99 18.9566 9.42458
      vertex 107.99 19.1041 9.5462
    endloop
  endfacet
  facet normal 0 0.724536 -0.689237
    outer loop
      vertex 108.39 19.1041 9.5462
      vertex 107.99 19.2357 9.68454
      vertex 108.39 19.2357 9.68454
    endloop
  endfacet
  facet normal 0 0.724536 -0.689237
    outer loop
      vertex 107.99 19.2357 9.68454
      vertex 108.39 19.1041 9.5462
      vertex 107.99 19.1041 9.5462
    endloop
  endfacet
  facet normal 0 0.801685 -0.597747
    outer loop
      vertex 108.39 19.2357 9.68454
      vertex 107.99 19.3513 9.83958
      vertex 108.39 19.3513 9.83958
    endloop
  endfacet
  facet normal 0 0.801685 -0.597747
    outer loop
      vertex 107.99 19.3513 9.83958
      vertex 108.39 19.2357 9.68454
      vertex 107.99 19.2357 9.68454
    endloop
  endfacet
  facet normal 0 0.865153 -0.501509
    outer loop
      vertex 108.39 19.3513 9.83958
      vertex 107.99 19.4509 10.0114
      vertex 108.39 19.4509 10.0114
    endloop
  endfacet
  facet normal 0 0.865153 -0.501509
    outer loop
      vertex 107.99 19.4509 10.0114
      vertex 108.39 19.3513 9.83958
      vertex 107.99 19.3513 9.83958
    endloop
  endfacet
  facet normal 0 0.913933 -0.405865
    outer loop
      vertex 108.39 19.4509 10.0114
      vertex 107.99 19.5335 10.1974
      vertex 108.39 19.5335 10.1974
    endloop
  endfacet
  facet normal 0 0.913933 -0.405865
    outer loop
      vertex 107.99 19.5335 10.1974
      vertex 108.39 19.4509 10.0114
      vertex 107.99 19.4509 10.0114
    endloop
  endfacet
  facet normal 0 0.951246 -0.308434
    outer loop
      vertex 108.39 19.5335 10.1974
      vertex 107.99 19.5977 10.3954
      vertex 108.39 19.5977 10.3954
    endloop
  endfacet
  facet normal 0 0.951246 -0.308434
    outer loop
      vertex 107.99 19.5977 10.3954
      vertex 108.39 19.5335 10.1974
      vertex 107.99 19.5335 10.1974
    endloop
  endfacet
  facet normal 0 0.977033 -0.213086
    outer loop
      vertex 108.39 19.5977 10.3954
      vertex 107.99 19.6435 10.6054
      vertex 108.39 19.6435 10.6054
    endloop
  endfacet
  facet normal 0 0.977033 -0.213086
    outer loop
      vertex 107.99 19.6435 10.6054
      vertex 108.39 19.5977 10.3954
      vertex 107.99 19.5977 10.3954
    endloop
  endfacet
  facet normal 0 0.992408 -0.122989
    outer loop
      vertex 108.39 19.6435 10.6054
      vertex 107.99 19.671 10.8273
      vertex 108.39 19.671 10.8273
    endloop
  endfacet
  facet normal 0 0.992408 -0.122989
    outer loop
      vertex 107.99 19.671 10.8273
      vertex 108.39 19.6435 10.6054
      vertex 107.99 19.6435 10.6054
    endloop
  endfacet
  facet normal 0 0.999227 -0.0393194
    outer loop
      vertex 108.39 19.671 10.8273
      vertex 107.99 19.6802 11.0611
      vertex 108.39 19.6802 11.0611
    endloop
  endfacet
  facet normal 0 0.999227 -0.0393194
    outer loop
      vertex 107.99 19.6802 11.0611
      vertex 108.39 19.671 10.8273
      vertex 107.99 19.671 10.8273
    endloop
  endfacet
  facet normal 0 0.999247 0.0387933
    outer loop
      vertex 108.39 19.6802 11.0611
      vertex 107.99 19.6711 11.2955
      vertex 108.39 19.6711 11.2955
    endloop
  endfacet
  facet normal 0 0.999247 0.0387933
    outer loop
      vertex 107.99 19.6711 11.2955
      vertex 108.39 19.6802 11.0611
      vertex 107.99 19.6802 11.0611
    endloop
  endfacet
  facet normal 0 0.992612 0.121334
    outer loop
      vertex 108.39 19.6711 11.2955
      vertex 107.99 19.644 11.5172
      vertex 108.39 19.644 11.5172
    endloop
  endfacet
  facet normal 0 0.992612 0.121334
    outer loop
      vertex 107.99 19.644 11.5172
      vertex 108.39 19.6711 11.2955
      vertex 107.99 19.6711 11.2955
    endloop
  endfacet
  facet normal 0 0.977189 0.212371
    outer loop
      vertex 108.39 19.644 11.5172
      vertex 107.99 19.5986 11.7261
      vertex 108.39 19.5986 11.7261
    endloop
  endfacet
  facet normal 0 0.977189 0.212371
    outer loop
      vertex 107.99 19.5986 11.7261
      vertex 108.39 19.644 11.5172
      vertex 107.99 19.644 11.5172
    endloop
  endfacet
  facet normal 0 0.951461 0.307769
    outer loop
      vertex 108.39 19.5986 11.7261
      vertex 107.99 19.5352 11.9221
      vertex 108.39 19.5352 11.9221
    endloop
  endfacet
  facet normal 0 0.951461 0.307769
    outer loop
      vertex 107.99 19.5352 11.9221
      vertex 108.39 19.5986 11.7261
      vertex 107.99 19.5986 11.7261
    endloop
  endfacet
  facet normal 0 0.91375 0.406277
    outer loop
      vertex 108.39 19.5352 11.9221
      vertex 107.99 19.4537 12.1054
      vertex 108.39 19.4537 12.1054
    endloop
  endfacet
  facet normal 0 0.91375 0.406277
    outer loop
      vertex 107.99 19.4537 12.1054
      vertex 108.39 19.5352 11.9221
      vertex 107.99 19.5352 11.9221
    endloop
  endfacet
  facet normal 0 0.862737 0.505654
    outer loop
      vertex 108.39 19.4537 12.1054
      vertex 107.99 19.355 12.2738
      vertex 108.39 19.355 12.2738
    endloop
  endfacet
  facet normal 0 0.862737 0.505654
    outer loop
      vertex 107.99 19.355 12.2738
      vertex 108.39 19.4537 12.1054
      vertex 107.99 19.4537 12.1054
    endloop
  endfacet
  facet normal 0 0.797153 0.603777
    outer loop
      vertex 108.39 19.355 12.2738
      vertex 107.99 19.2401 12.4255
      vertex 108.39 19.2401 12.4255
    endloop
  endfacet
  facet normal 0 0.797153 0.603777
    outer loop
      vertex 107.99 19.2401 12.4255
      vertex 108.39 19.355 12.2738
      vertex 107.99 19.355 12.2738
    endloop
  endfacet
  facet normal 0 0.717143 0.696926
    outer loop
      vertex 108.39 19.2401 12.4255
      vertex 107.99 19.1091 12.5603
      vertex 108.39 19.1091 12.5603
    endloop
  endfacet
  facet normal 0 0.717143 0.696926
    outer loop
      vertex 107.99 19.1091 12.5603
      vertex 108.39 19.2401 12.4255
      vertex 107.99 19.2401 12.4255
    endloop
  endfacet
  facet normal -0 0.62547 0.780248
    outer loop
      vertex 107.99 19.1091 12.5603
      vertex 108.39 18.9619 12.6783
      vertex 108.39 19.1091 12.5603
    endloop
  endfacet
  facet normal 0 0.62547 0.780248
    outer loop
      vertex 108.39 18.9619 12.6783
      vertex 107.99 19.1091 12.5603
      vertex 107.99 18.9619 12.6783
    endloop
  endfacet
  facet normal -0 0.52639 0.850243
    outer loop
      vertex 107.99 18.9619 12.6783
      vertex 108.39 18.7986 12.7794
      vertex 108.39 18.9619 12.6783
    endloop
  endfacet
  facet normal 0 0.52639 0.850243
    outer loop
      vertex 108.39 18.7986 12.7794
      vertex 107.99 18.9619 12.6783
      vertex 107.99 18.7986 12.7794
    endloop
  endfacet
  facet normal -0 0.425478 0.904969
    outer loop
      vertex 107.99 18.7986 12.7794
      vertex 108.39 18.621 12.8629
      vertex 108.39 18.7986 12.7794
    endloop
  endfacet
  facet normal 0 0.425478 0.904969
    outer loop
      vertex 108.39 18.621 12.8629
      vertex 107.99 18.7986 12.7794
      vertex 107.99 18.621 12.8629
    endloop
  endfacet
  facet normal -0 0.323688 0.946164
    outer loop
      vertex 107.99 18.621 12.8629
      vertex 108.39 18.431 12.9279
      vertex 108.39 18.621 12.8629
    endloop
  endfacet
  facet normal 0 0.323688 0.946164
    outer loop
      vertex 108.39 18.431 12.9279
      vertex 107.99 18.621 12.8629
      vertex 107.99 18.431 12.9279
    endloop
  endfacet
  facet normal -0 0.223557 0.974691
    outer loop
      vertex 107.99 18.431 12.9279
      vertex 108.39 18.2287 12.9743
      vertex 108.39 18.431 12.9279
    endloop
  endfacet
  facet normal 0 0.223557 0.974691
    outer loop
      vertex 108.39 18.2287 12.9743
      vertex 107.99 18.431 12.9279
      vertex 107.99 18.2287 12.9743
    endloop
  endfacet
  facet normal -0 0.128352 0.991729
    outer loop
      vertex 107.99 18.2287 12.9743
      vertex 108.39 18.0139 13.0021
      vertex 108.39 18.2287 12.9743
    endloop
  endfacet
  facet normal 0 0.128352 0.991729
    outer loop
      vertex 108.39 18.0139 13.0021
      vertex 107.99 18.2287 12.9743
      vertex 107.99 18.0139 13.0021
    endloop
  endfacet
  facet normal -0 0.0409348 0.999162
    outer loop
      vertex 107.99 18.0139 13.0021
      vertex 108.39 17.7869 13.0114
      vertex 108.39 18.0139 13.0021
    endloop
  endfacet
  facet normal 0 0.0409348 0.999162
    outer loop
      vertex 108.39 17.7869 13.0114
      vertex 107.99 18.0139 13.0021
      vertex 107.99 17.7869 13.0114
    endloop
  endfacet
  facet normal 0 -0.0603454 0.998178
    outer loop
      vertex 107.99 17.7869 13.0114
      vertex 108.39 17.4445 12.9907
      vertex 108.39 17.7869 13.0114
    endloop
  endfacet
  facet normal 0 -0.0603454 0.998178
    outer loop
      vertex 108.39 17.4445 12.9907
      vertex 107.99 17.7869 13.0114
      vertex 107.99 17.4445 12.9907
    endloop
  endfacet
  facet normal 0 -0.195631 0.980678
    outer loop
      vertex 107.99 17.4445 12.9907
      vertex 108.39 17.1337 12.9287
      vertex 108.39 17.4445 12.9907
    endloop
  endfacet
  facet normal 0 -0.195631 0.980678
    outer loop
      vertex 108.39 17.1337 12.9287
      vertex 107.99 17.4445 12.9907
      vertex 107.99 17.1337 12.9287
    endloop
  endfacet
  facet normal 0 -0.347074 0.937838
    outer loop
      vertex 107.99 17.1337 12.9287
      vertex 108.39 16.8543 12.8253
      vertex 108.39 17.1337 12.9287
    endloop
  endfacet
  facet normal 0 -0.347074 0.937838
    outer loop
      vertex 108.39 16.8543 12.8253
      vertex 107.99 17.1337 12.9287
      vertex 107.99 16.8543 12.8253
    endloop
  endfacet
  facet normal 0 -0.504109 0.86364
    outer loop
      vertex 107.99 16.8543 12.8253
      vertex 108.39 16.6064 12.6806
      vertex 108.39 16.8543 12.8253
    endloop
  endfacet
  facet normal 0 -0.504109 0.86364
    outer loop
      vertex 108.39 16.6064 12.6806
      vertex 107.99 16.8543 12.8253
      vertex 107.99 16.6064 12.6806
    endloop
  endfacet
  facet normal 0 -0.651657 0.758514
    outer loop
      vertex 107.99 16.6064 12.6806
      vertex 108.39 16.3899 12.4946
      vertex 108.39 16.6064 12.6806
    endloop
  endfacet
  facet normal 0 -0.651657 0.758514
    outer loop
      vertex 108.39 16.3899 12.4946
      vertex 107.99 16.6064 12.6806
      vertex 107.99 16.3899 12.4946
    endloop
  endfacet
  facet normal 0 -0.7767 0.62987
    outer loop
      vertex 107.99 16.2093 12.2719
      vertex 108.39 16.3899 12.4946
      vertex 107.99 16.3899 12.4946
    endloop
  endfacet
  facet normal 0 -0.7767 0.62987
    outer loop
      vertex 108.39 16.3899 12.4946
      vertex 107.99 16.2093 12.2719
      vertex 108.39 16.2093 12.2719
    endloop
  endfacet
  facet normal 0 -0.875613 0.483014
    outer loop
      vertex 107.99 16.0688 12.0172
      vertex 108.39 16.2093 12.2719
      vertex 107.99 16.2093 12.2719
    endloop
  endfacet
  facet normal 0 -0.875613 0.483014
    outer loop
      vertex 108.39 16.2093 12.2719
      vertex 107.99 16.0688 12.0172
      vertex 108.39 16.0688 12.0172
    endloop
  endfacet
  facet normal 0 -0.943802 0.330512
    outer loop
      vertex 107.99 15.9684 11.7305
      vertex 108.39 16.0688 12.0172
      vertex 107.99 16.0688 12.0172
    endloop
  endfacet
  facet normal 0 -0.943802 0.330512
    outer loop
      vertex 108.39 16.0688 12.0172
      vertex 107.99 15.9684 11.7305
      vertex 108.39 15.9684 11.7305
    endloop
  endfacet
  facet normal 0 -0.982623 0.18561
    outer loop
      vertex 107.99 15.9082 11.4118
      vertex 108.39 15.9684 11.7305
      vertex 107.99 15.9684 11.7305
    endloop
  endfacet
  facet normal 0 -0.982623 0.18561
    outer loop
      vertex 108.39 15.9684 11.7305
      vertex 107.99 15.9082 11.4118
      vertex 108.39 15.9082 11.4118
    endloop
  endfacet
  facet normal 0 -0.998362 0.05722
    outer loop
      vertex 107.99 15.8881 11.0611
      vertex 108.39 15.9082 11.4118
      vertex 107.99 15.9082 11.4118
    endloop
  endfacet
  facet normal 0 -0.998362 0.05722
    outer loop
      vertex 108.39 15.9082 11.4118
      vertex 107.99 15.8881 11.0611
      vertex 108.39 15.8881 11.0611
    endloop
  endfacet
  facet normal 0 -0.999267 -0.0382861
    outer loop
      vertex 107.99 15.8971 10.8262
      vertex 108.39 15.8881 11.0611
      vertex 107.99 15.8881 11.0611
    endloop
  endfacet
  facet normal 0 -0.999267 -0.0382861
    outer loop
      vertex 108.39 15.8881 11.0611
      vertex 107.99 15.8971 10.8262
      vertex 108.39 15.8971 10.8262
    endloop
  endfacet
  facet normal 0 -0.992737 -0.120305
    outer loop
      vertex 107.99 15.9241 10.6034
      vertex 108.39 15.8971 10.8262
      vertex 107.99 15.8971 10.8262
    endloop
  endfacet
  facet normal 0 -0.992737 -0.120305
    outer loop
      vertex 108.39 15.8971 10.8262
      vertex 107.99 15.9241 10.6034
      vertex 108.39 15.9241 10.6034
    endloop
  endfacet
  facet normal 0 -0.977945 -0.208863
    outer loop
      vertex 107.99 15.9691 10.3927
      vertex 108.39 15.9241 10.6034
      vertex 107.99 15.9241 10.6034
    endloop
  endfacet
  facet normal 0 -0.977945 -0.208863
    outer loop
      vertex 108.39 15.9241 10.6034
      vertex 107.99 15.9691 10.3927
      vertex 108.39 15.9691 10.3927
    endloop
  endfacet
  facet normal 0 -0.95314 -0.302531
    outer loop
      vertex 107.99 16.0322 10.1939
      vertex 108.39 15.9691 10.3927
      vertex 107.99 15.9691 10.3927
    endloop
  endfacet
  facet normal 0 -0.95314 -0.302531
    outer loop
      vertex 108.39 15.9691 10.3927
      vertex 107.99 16.0322 10.1939
      vertex 108.39 16.0322 10.1939
    endloop
  endfacet
  facet normal 0 -0.917304 -0.398187
    outer loop
      vertex 107.99 16.1132 10.0073
      vertex 108.39 16.0322 10.1939
      vertex 107.99 16.0322 10.1939
    endloop
  endfacet
  facet normal 0 -0.917304 -0.398187
    outer loop
      vertex 108.39 16.0322 10.1939
      vertex 107.99 16.1132 10.0073
      vertex 108.39 16.1132 10.0073
    endloop
  endfacet
  facet normal 0 -0.868628 -0.495465
    outer loop
      vertex 107.99 16.2114 9.83514
      vertex 108.39 16.1132 10.0073
      vertex 107.99 16.1132 10.0073
    endloop
  endfacet
  facet normal 0 -0.868628 -0.495465
    outer loop
      vertex 108.39 16.1132 10.0073
      vertex 107.99 16.2114 9.83514
      vertex 108.39 16.2114 9.83514
    endloop
  endfacet
  facet normal 0 -0.804998 -0.593277
    outer loop
      vertex 107.99 16.3257 9.68005
      vertex 108.39 16.2114 9.83514
      vertex 107.99 16.2114 9.83514
    endloop
  endfacet
  facet normal 0 -0.804998 -0.593277
    outer loop
      vertex 108.39 16.2114 9.83514
      vertex 107.99 16.3257 9.68005
      vertex 108.39 16.3257 9.68005
    endloop
  endfacet
  facet normal 0 -0.726749 -0.686903
    outer loop
      vertex 107.99 16.4562 9.54198
      vertex 108.39 16.3257 9.68005
      vertex 107.99 16.3257 9.68005
    endloop
  endfacet
  facet normal 0 -0.726749 -0.686903
    outer loop
      vertex 108.39 16.3257 9.68005
      vertex 107.99 16.4562 9.54198
      vertex 108.39 16.4562 9.54198
    endloop
  endfacet
  facet normal 0 -0.63668 -0.771128
    outer loop
      vertex 107.99 16.4562 9.54198
      vertex 108.39 16.6028 9.42094
      vertex 108.39 16.4562 9.54198
    endloop
  endfacet
  facet normal -0 -0.63668 -0.771128
    outer loop
      vertex 108.39 16.6028 9.42094
      vertex 107.99 16.4562 9.54198
      vertex 107.99 16.6028 9.42094
    endloop
  endfacet
  facet normal 0 -0.538348 -0.842722
    outer loop
      vertex 107.99 16.6028 9.42094
      vertex 108.39 16.7656 9.31694
      vertex 108.39 16.6028 9.42094
    endloop
  endfacet
  facet normal -0 -0.538348 -0.842722
    outer loop
      vertex 108.39 16.7656 9.31694
      vertex 107.99 16.6028 9.42094
      vertex 107.99 16.7656 9.31694
    endloop
  endfacet
  facet normal 0 -0.436094 -0.899901
    outer loop
      vertex 107.99 16.7656 9.31694
      vertex 108.39 16.9429 9.23102
      vertex 108.39 16.7656 9.31694
    endloop
  endfacet
  facet normal -0 -0.436094 -0.899901
    outer loop
      vertex 108.39 16.9429 9.23102
      vertex 107.99 16.7656 9.31694
      vertex 107.99 16.9429 9.23102
    endloop
  endfacet
  facet normal 0 -0.3313 -0.943525
    outer loop
      vertex 107.99 16.9429 9.23102
      vertex 108.39 17.1332 9.1642
      vertex 108.39 16.9429 9.23102
    endloop
  endfacet
  facet normal -0 -0.3313 -0.943525
    outer loop
      vertex 108.39 17.1332 9.1642
      vertex 107.99 16.9429 9.23102
      vertex 107.99 17.1332 9.1642
    endloop
  endfacet
  facet normal 0 -0.228714 -0.973494
    outer loop
      vertex 107.99 17.1332 9.1642
      vertex 108.39 17.3364 9.11646
      vertex 108.39 17.1332 9.1642
    endloop
  endfacet
  facet normal -0 -0.228714 -0.973494
    outer loop
      vertex 108.39 17.3364 9.11646
      vertex 107.99 17.1332 9.1642
      vertex 107.99 17.3364 9.11646
    endloop
  endfacet
  facet normal 0 -0.131487 -0.991318
    outer loop
      vertex 107.99 17.3364 9.11646
      vertex 108.39 17.5524 9.08781
      vertex 108.39 17.3364 9.11646
    endloop
  endfacet
  facet normal -0 -0.131487 -0.991318
    outer loop
      vertex 108.39 17.5524 9.08781
      vertex 107.99 17.3364 9.11646
      vertex 107.99 17.5524 9.08781
    endloop
  endfacet
  facet normal 0 -0.0416668 -0.999132
    outer loop
      vertex 107.99 17.5524 9.08781
      vertex 108.39 17.7814 9.07826
      vertex 108.39 17.5524 9.08781
    endloop
  endfacet
  facet normal -0 -0.0416668 -0.999132
    outer loop
      vertex 108.39 17.7814 9.07826
      vertex 107.99 17.5524 9.08781
      vertex 107.99 17.7814 9.07826
    endloop
  endfacet
  facet normal 0 0.0424979 -0.999097
    outer loop
      vertex 107.99 17.7814 9.07826
      vertex 108.39 18.0085 9.08792
      vertex 108.39 17.7814 9.07826
    endloop
  endfacet
  facet normal 0 0.0424979 -0.999097
    outer loop
      vertex 108.39 18.0085 9.08792
      vertex 107.99 17.7814 9.07826
      vertex 107.99 18.0085 9.08792
    endloop
  endfacet
  facet normal -0 0.220851 0.975307
    outer loop
      vertex 107.99 17.5355 9.51558
      vertex 108.39 17.312 9.56619
      vertex 108.39 17.5355 9.51558
    endloop
  endfacet
  facet normal 0 0.220851 0.975307
    outer loop
      vertex 108.39 17.312 9.56619
      vertex 107.99 17.5355 9.51558
      vertex 107.99 17.312 9.56619
    endloop
  endfacet
  facet normal -0 0.386959 0.922097
    outer loop
      vertex 107.99 17.312 9.56619
      vertex 108.39 17.111 9.65054
      vertex 108.39 17.312 9.56619
    endloop
  endfacet
  facet normal 0 0.386959 0.922097
    outer loop
      vertex 108.39 17.111 9.65054
      vertex 107.99 17.312 9.56619
      vertex 107.99 17.111 9.65054
    endloop
  endfacet
  facet normal -0 0.551753 0.834007
    outer loop
      vertex 107.99 17.111 9.65054
      vertex 108.39 16.9325 9.76863
      vertex 108.39 17.111 9.65054
    endloop
  endfacet
  facet normal 0 0.551753 0.834007
    outer loop
      vertex 108.39 16.9325 9.76863
      vertex 107.99 17.111 9.65054
      vertex 107.99 16.9325 9.76863
    endloop
  endfacet
  facet normal -0 0.697258 0.71682
    outer loop
      vertex 107.99 16.9325 9.76863
      vertex 108.39 16.7764 9.92047
      vertex 108.39 16.9325 9.76863
    endloop
  endfacet
  facet normal 0 0.697258 0.71682
    outer loop
      vertex 108.39 16.7764 9.92047
      vertex 107.99 16.9325 9.76863
      vertex 107.99 16.7764 9.92047
    endloop
  endfacet
  facet normal 0 0.811009 0.585033
    outer loop
      vertex 108.39 16.7764 9.92047
      vertex 107.99 16.6461 10.1011
      vertex 108.39 16.6461 10.1011
    endloop
  endfacet
  facet normal 0 0.811009 0.585033
    outer loop
      vertex 107.99 16.6461 10.1011
      vertex 108.39 16.7764 9.92047
      vertex 107.99 16.7764 9.92047
    endloop
  endfacet
  facet normal 0 0.895739 0.444581
    outer loop
      vertex 108.39 16.6461 10.1011
      vertex 107.99 16.5447 10.3054
      vertex 108.39 16.5447 10.3054
    endloop
  endfacet
  facet normal 0 0.895739 0.444581
    outer loop
      vertex 107.99 16.5447 10.3054
      vertex 108.39 16.6461 10.1011
      vertex 107.99 16.6461 10.1011
    endloop
  endfacet
  facet normal 0 0.953057 0.30279
    outer loop
      vertex 108.39 16.5447 10.3054
      vertex 107.99 16.4722 10.5336
      vertex 108.39 16.4722 10.5336
    endloop
  endfacet
  facet normal 0 0.953057 0.30279
    outer loop
      vertex 107.99 16.4722 10.5336
      vertex 108.39 16.5447 10.3054
      vertex 107.99 16.5447 10.3054
    endloop
  endfacet
  facet normal 0 0.985469 0.169854
    outer loop
      vertex 108.39 16.4722 10.5336
      vertex 107.99 16.4288 10.7854
      vertex 108.39 16.4288 10.7854
    endloop
  endfacet
  facet normal 0 0.985469 0.169854
    outer loop
      vertex 107.99 16.4288 10.7854
      vertex 108.39 16.4722 10.5336
      vertex 107.99 16.4722 10.5336
    endloop
  endfacet
  facet normal 0 0.99862 0.0525208
    outer loop
      vertex 108.39 16.4288 10.7854
      vertex 107.99 16.4143 11.0611
      vertex 108.39 16.4143 11.0611
    endloop
  endfacet
  facet normal 0 0.99862 0.0525208
    outer loop
      vertex 107.99 16.4143 11.0611
      vertex 108.39 16.4288 10.7854
      vertex 107.99 16.4288 10.7854
    endloop
  endfacet
  facet normal 0 0.998668 -0.051593
    outer loop
      vertex 108.39 16.4143 11.0611
      vertex 107.99 16.4286 11.3379
      vertex 108.39 16.4286 11.3379
    endloop
  endfacet
  facet normal 0 0.998668 -0.051593
    outer loop
      vertex 107.99 16.4286 11.3379
      vertex 108.39 16.4143 11.0611
      vertex 107.99 16.4143 11.0611
    endloop
  endfacet
  facet normal 0 0.98563 -0.16892
    outer loop
      vertex 108.39 16.4286 11.3379
      vertex 107.99 16.4716 11.5888
      vertex 108.39 16.4716 11.5888
    endloop
  endfacet
  facet normal 0 0.98563 -0.16892
    outer loop
      vertex 107.99 16.4716 11.5888
      vertex 108.39 16.4286 11.3379
      vertex 107.99 16.4286 11.3379
    endloop
  endfacet
  facet normal 0 0.952992 -0.302994
    outer loop
      vertex 108.39 16.4716 11.5888
      vertex 107.99 16.5432 11.814
      vertex 108.39 16.5432 11.814
    endloop
  endfacet
  facet normal 0 0.952992 -0.302994
    outer loop
      vertex 107.99 16.5432 11.814
      vertex 108.39 16.4716 11.5888
      vertex 107.99 16.4716 11.5888
    endloop
  endfacet
  facet normal 0 0.893439 -0.449185
    outer loop
      vertex 108.39 16.5432 11.814
      vertex 107.99 16.6434 12.0133
      vertex 108.39 16.6434 12.0133
    endloop
  endfacet
  facet normal 0 0.893439 -0.449185
    outer loop
      vertex 107.99 16.6434 12.0133
      vertex 108.39 16.5432 11.814
      vertex 107.99 16.5432 11.814
    endloop
  endfacet
  facet normal 0 0.802491 -0.596665
    outer loop
      vertex 108.39 16.6434 12.0133
      vertex 107.99 16.7724 12.1868
      vertex 108.39 16.7724 12.1868
    endloop
  endfacet
  facet normal 0 0.802491 -0.596665
    outer loop
      vertex 107.99 16.7724 12.1868
      vertex 108.39 16.6434 12.0133
      vertex 107.99 16.6434 12.0133
    endloop
  endfacet
  facet normal 0 0.681662 -0.731667
    outer loop
      vertex 107.99 16.7724 12.1868
      vertex 108.39 16.9275 12.3313
      vertex 108.39 16.7724 12.1868
    endloop
  endfacet
  facet normal 0 0.681662 -0.731667
    outer loop
      vertex 108.39 16.9275 12.3313
      vertex 107.99 16.7724 12.1868
      vertex 107.99 16.9275 12.3313
    endloop
  endfacet
  facet normal 0 0.531571 -0.847014
    outer loop
      vertex 107.99 16.9275 12.3313
      vertex 108.39 17.1066 12.4437
      vertex 108.39 16.9275 12.3313
    endloop
  endfacet
  facet normal 0 0.531571 -0.847014
    outer loop
      vertex 108.39 17.1066 12.4437
      vertex 107.99 16.9275 12.3313
      vertex 107.99 17.1066 12.4437
    endloop
  endfacet
  facet normal 0 0.368148 -0.929767
    outer loop
      vertex 107.99 17.1066 12.4437
      vertex 108.39 17.3094 12.524
      vertex 108.39 17.1066 12.4437
    endloop
  endfacet
  facet normal 0 0.368148 -0.929767
    outer loop
      vertex 108.39 17.3094 12.524
      vertex 107.99 17.1066 12.4437
      vertex 107.99 17.3094 12.524
    endloop
  endfacet
  facet normal 0 0.207879 -0.978154
    outer loop
      vertex 107.99 17.3094 12.524
      vertex 108.39 17.5362 12.5722
      vertex 108.39 17.3094 12.524
    endloop
  endfacet
  facet normal 0 0.207879 -0.978154
    outer loop
      vertex 108.39 17.5362 12.5722
      vertex 107.99 17.3094 12.524
      vertex 107.99 17.5362 12.5722
    endloop
  endfacet
  facet normal 0 0.0636917 -0.99797
    outer loop
      vertex 107.99 17.5362 12.5722
      vertex 108.39 17.7869 12.5882
      vertex 108.39 17.5362 12.5722
    endloop
  endfacet
  facet normal 0 0.0636917 -0.99797
    outer loop
      vertex 108.39 17.7869 12.5882
      vertex 107.99 17.5362 12.5722
      vertex 107.99 17.7869 12.5882
    endloop
  endfacet
  facet normal 0 -0.0654267 -0.997857
    outer loop
      vertex 107.99 17.7869 12.5882
      vertex 108.39 18.0355 12.5719
      vertex 108.39 17.7869 12.5882
    endloop
  endfacet
  facet normal -0 -0.0654267 -0.997857
    outer loop
      vertex 108.39 18.0355 12.5719
      vertex 107.99 17.7869 12.5882
      vertex 107.99 18.0355 12.5719
    endloop
  endfacet
  facet normal 0 -0.211871 -0.977298
    outer loop
      vertex 107.99 18.0355 12.5719
      vertex 108.39 18.2606 12.5231
      vertex 108.39 18.0355 12.5719
    endloop
  endfacet
  facet normal -0 -0.211871 -0.977298
    outer loop
      vertex 108.39 18.2606 12.5231
      vertex 107.99 18.0355 12.5719
      vertex 107.99 18.2606 12.5231
    endloop
  endfacet
  facet normal 0 -0.374562 -0.927202
    outer loop
      vertex 107.99 18.2606 12.5231
      vertex 108.39 18.4621 12.4417
      vertex 108.39 18.2606 12.5231
    endloop
  endfacet
  facet normal -0 -0.374562 -0.927202
    outer loop
      vertex 108.39 18.4621 12.4417
      vertex 107.99 18.2606 12.5231
      vertex 107.99 18.4621 12.4417
    endloop
  endfacet
  facet normal 0 -0.538987 -0.842314
    outer loop
      vertex 107.99 18.4621 12.4417
      vertex 108.39 18.6401 12.3278
      vertex 108.39 18.4621 12.4417
    endloop
  endfacet
  facet normal -0 -0.538987 -0.842314
    outer loop
      vertex 108.39 18.6401 12.3278
      vertex 107.99 18.4621 12.4417
      vertex 107.99 18.6401 12.3278
    endloop
  endfacet
  facet normal 0 -0.68807 -0.725644
    outer loop
      vertex 107.99 18.6401 12.3278
      vertex 108.39 18.7946 12.1813
      vertex 108.39 18.6401 12.3278
    endloop
  endfacet
  facet normal -0 -0.68807 -0.725644
    outer loop
      vertex 108.39 18.7946 12.1813
      vertex 107.99 18.6401 12.3278
      vertex 107.99 18.7946 12.1813
    endloop
  endfacet
  facet normal 0 -0.806258 -0.591563
    outer loop
      vertex 107.99 18.923 12.0063
      vertex 108.39 18.7946 12.1813
      vertex 107.99 18.7946 12.1813
    endloop
  endfacet
  facet normal 0 -0.806258 -0.591563
    outer loop
      vertex 108.39 18.7946 12.1813
      vertex 107.99 18.923 12.0063
      vertex 108.39 18.923 12.0063
    endloop
  endfacet
  facet normal 0 -0.894338 -0.447393
    outer loop
      vertex 107.99 19.0228 11.8068
      vertex 108.39 18.923 12.0063
      vertex 107.99 18.923 12.0063
    endloop
  endfacet
  facet normal 0 -0.894338 -0.447393
    outer loop
      vertex 108.39 18.923 12.0063
      vertex 107.99 19.0228 11.8068
      vertex 108.39 19.0228 11.8068
    endloop
  endfacet
  facet normal 0 -0.952808 -0.303572
    outer loop
      vertex 107.99 19.0942 11.5827
      vertex 108.39 19.0228 11.8068
      vertex 107.99 19.0228 11.8068
    endloop
  endfacet
  facet normal 0 -0.952808 -0.303572
    outer loop
      vertex 108.39 19.0228 11.8068
      vertex 107.99 19.0942 11.5827
      vertex 108.39 19.0942 11.5827
    endloop
  endfacet
  facet normal 0 -0.98549 -0.169734
    outer loop
      vertex 107.99 19.137 11.3342
      vertex 108.39 19.0942 11.5827
      vertex 107.99 19.0942 11.5827
    endloop
  endfacet
  facet normal 0 -0.98549 -0.169734
    outer loop
      vertex 108.39 19.0942 11.5827
      vertex 107.99 19.137 11.3342
      vertex 108.39 19.137 11.3342
    endloop
  endfacet
  facet normal 0 -0.998651 -0.0519255
    outer loop
      vertex 107.99 19.1512 11.0611
      vertex 108.39 19.137 11.3342
      vertex 107.99 19.137 11.3342
    endloop
  endfacet
  facet normal 0 -0.998651 -0.0519255
    outer loop
      vertex 108.39 19.137 11.3342
      vertex 107.99 19.1512 11.0611
      vertex 108.39 19.1512 11.0611
    endloop
  endfacet
  facet normal 0 -0.998778 0.0494305
    outer loop
      vertex 107.99 19.1371 10.7762
      vertex 108.39 19.1512 11.0611
      vertex 107.99 19.1512 11.0611
    endloop
  endfacet
  facet normal 0 -0.998778 0.0494305
    outer loop
      vertex 108.39 19.1512 11.0611
      vertex 107.99 19.1371 10.7762
      vertex 108.39 19.1371 10.7762
    endloop
  endfacet
  facet normal 0 -0.986682 0.162661
    outer loop
      vertex 107.99 19.0946 10.5184
      vertex 108.39 19.1371 10.7762
      vertex 107.99 19.1371 10.7762
    endloop
  endfacet
  facet normal 0 -0.986682 0.162661
    outer loop
      vertex 108.39 19.1371 10.7762
      vertex 107.99 19.0946 10.5184
      vertex 108.39 19.0946 10.5184
    endloop
  endfacet
  facet normal 0 -0.956065 0.293155
    outer loop
      vertex 107.99 19.0238 10.2875
      vertex 108.39 19.0946 10.5184
      vertex 107.99 19.0946 10.5184
    endloop
  endfacet
  facet normal 0 -0.956065 0.293155
    outer loop
      vertex 108.39 19.0946 10.5184
      vertex 107.99 19.0238 10.2875
      vertex 108.39 19.0238 10.2875
    endloop
  endfacet
  facet normal 0 -0.899315 0.437302
    outer loop
      vertex 107.99 18.9247 10.0837
      vertex 108.39 19.0238 10.2875
      vertex 107.99 19.0238 10.2875
    endloop
  endfacet
  facet normal 0 -0.899315 0.437302
    outer loop
      vertex 108.39 19.0238 10.2875
      vertex 107.99 18.9247 10.0837
      vertex 108.39 18.9247 10.0837
    endloop
  endfacet
  facet normal 0 -0.811075 0.584943
    outer loop
      vertex 107.99 18.7972 9.90691
      vertex 108.39 18.9247 10.0837
      vertex 107.99 18.9247 10.0837
    endloop
  endfacet
  facet normal 0 -0.811075 0.584943
    outer loop
      vertex 108.39 18.9247 10.0837
      vertex 107.99 18.7972 9.90691
      vertex 108.39 18.7972 9.90691
    endloop
  endfacet
  facet normal 0 -0.690612 0.723225
    outer loop
      vertex 107.99 18.7972 9.90691
      vertex 108.39 18.6433 9.75995
      vertex 108.39 18.7972 9.90691
    endloop
  endfacet
  facet normal 0 -0.690612 0.723225
    outer loop
      vertex 108.39 18.6433 9.75995
      vertex 107.99 18.7972 9.90691
      vertex 107.99 18.6433 9.75995
    endloop
  endfacet
  facet normal 0 -0.539221 0.842164
    outer loop
      vertex 107.99 18.6433 9.75995
      vertex 108.39 18.4648 9.64566
      vertex 108.39 18.6433 9.75995
    endloop
  endfacet
  facet normal 0 -0.539221 0.842164
    outer loop
      vertex 108.39 18.4648 9.64566
      vertex 107.99 18.6433 9.75995
      vertex 107.99 18.4648 9.64566
    endloop
  endfacet
  facet normal 0 -0.372768 0.927925
    outer loop
      vertex 107.99 18.4648 9.64566
      vertex 108.39 18.2616 9.56403
      vertex 108.39 18.4648 9.64566
    endloop
  endfacet
  facet normal 0 -0.372768 0.927925
    outer loop
      vertex 108.39 18.2616 9.56403
      vertex 107.99 18.4648 9.64566
      vertex 107.99 18.2616 9.56403
    endloop
  endfacet
  facet normal 0 -0.210291 0.977639
    outer loop
      vertex 107.99 18.2616 9.56403
      vertex 108.39 18.0338 9.51503
      vertex 108.39 18.2616 9.56403
    endloop
  endfacet
  facet normal 0 -0.210291 0.977639
    outer loop
      vertex 108.39 18.0338 9.51503
      vertex 107.99 18.2616 9.56403
      vertex 107.99 18.0338 9.51503
    endloop
  endfacet
  facet normal 0 -0.0645639 0.997914
    outer loop
      vertex 107.99 18.0338 9.51503
      vertex 108.39 17.7814 9.4987
      vertex 108.39 18.0338 9.51503
    endloop
  endfacet
  facet normal 0 -0.0645639 0.997914
    outer loop
      vertex 108.39 17.7814 9.4987
      vertex 107.99 18.0338 9.51503
      vertex 107.99 17.7814 9.4987
    endloop
  endfacet
  facet normal -0 0.0684846 0.997652
    outer loop
      vertex 107.99 17.7814 9.4987
      vertex 108.39 17.5355 9.51558
      vertex 108.39 17.7814 9.4987
    endloop
  endfacet
  facet normal 0 0.0684846 0.997652
    outer loop
      vertex 108.39 17.5355 9.51558
      vertex 107.99 17.7814 9.4987
      vertex 107.99 17.5355 9.51558
    endloop
  endfacet
  facet normal 0 0 -1
    outer loop
      vertex 107.99 21.798 12.5312
      vertex 108.39 23.1108 12.5312
      vertex 108.39 21.798 12.5312
    endloop
  endfacet
  facet normal -0 0 -1
    outer loop
      vertex 108.39 23.1108 12.5312
      vertex 107.99 21.798 12.5312
      vertex 107.99 23.1108 12.5312
    endloop
  endfacet
  facet normal 0 1 -0
    outer loop
      vertex 108.39 23.1108 12.5312
      vertex 107.99 23.1108 12.9544
      vertex 108.39 23.1108 12.9544
    endloop
  endfacet
  facet normal 0 1 0
    outer loop
      vertex 107.99 23.1108 12.9544
      vertex 108.39 23.1108 12.5312
      vertex 107.99 23.1108 12.5312
    endloop
  endfacet
  facet normal -0 0 1
    outer loop
      vertex 107.99 23.1108 12.9544
      vertex 108.39 19.9697 12.9544
      vertex 108.39 23.1108 12.9544
    endloop
  endfacet
  facet normal 0 0 1
    outer loop
      vertex 108.39 19.9697 12.9544
      vertex 107.99 23.1108 12.9544
      vertex 107.99 19.9697 12.9544
    endloop
  endfacet
  facet normal 0 -1 0
    outer loop
      vertex 107.99 19.9697 12.5312
      vertex 108.39 19.9697 12.9544
      vertex 107.99 19.9697 12.9544
    endloop
  endfacet
  facet normal 0 -1 -0
    outer loop
      vertex 108.39 19.9697 12.9544
      vertex 107.99 19.9697 12.5312
      vertex 108.39 19.9697 12.5312
    endloop
  endfacet
  facet normal 0 0 -1
    outer loop
      vertex 107.99 19.9697 12.5312
      vertex 108.39 21.2826 12.5312
      vertex 108.39 19.9697 12.5312
    endloop
  endfacet
  facet normal -0 0 -1
    outer loop
      vertex 108.39 21.2826 12.5312
      vertex 107.99 19.9697 12.5312
      vertex 107.99 21.2826 12.5312
    endloop
  endfacet
  facet normal 0 -1 0
    outer loop
      vertex 107.99 21.2826 9.13251
      vertex 108.39 21.2826 12.5312
      vertex 107.99 21.2826 12.5312
    endloop
  endfacet
  facet normal 0 -1 -0
    outer loop
      vertex 108.39 21.2826 12.5312
      vertex 107.99 21.2826 9.13251
      vertex 108.39 21.2826 9.13251
    endloop
  endfacet
  facet normal 0 0 -1
    outer loop
      vertex 107.99 21.2826 9.13251
      vertex 108.39 21.798 9.13251
      vertex 108.39 21.2826 9.13251
    endloop
  endfacet
  facet normal -0 0 -1
    outer loop
      vertex 108.39 21.798 9.13251
      vertex 107.99 21.2826 9.13251
      vertex 107.99 21.798 9.13251
    endloop
  endfacet
  facet normal 0 1 -0
    outer loop
      vertex 108.39 21.798 9.13251
      vertex 107.99 21.798 12.5312
      vertex 108.39 21.798 12.5312
    endloop
  endfacet
  facet normal 0 1 0
    outer loop
      vertex 107.99 21.798 12.5312
      vertex 108.39 21.798 9.13251
      vertex 107.99 21.798 9.13251
    endloop
  endfacet
  facet normal 0 0 -1
    outer loop
      vertex 107.99 23.7437 10.2501
      vertex 108.39 25.4851 10.2501
      vertex 108.39 23.7437 10.2501
    endloop
  endfacet
  facet normal -0 0 -1
    outer loop
      vertex 108.39 25.4851 10.2501
      vertex 107.99 23.7437 10.2501
      vertex 107.99 25.4851 10.2501
    endloop
  endfacet
  facet normal 0 -0.931417 -0.363953
    outer loop
      vertex 107.99 25.9218 9.13251
      vertex 108.39 25.4851 10.2501
      vertex 107.99 25.4851 10.2501
    endloop
  endfacet
  facet normal 0 -0.931417 -0.363953
    outer loop
      vertex 108.39 25.4851 10.2501
      vertex 107.99 25.9218 9.13251
      vertex 108.39 25.9218 9.13251
    endloop
  endfacet
  facet normal 0 0 -1
    outer loop
      vertex 107.99 25.9218 9.13251
      vertex 108.39 26.4508 9.13251
      vertex 108.39 25.9218 9.13251
    endloop
  endfacet
  facet normal -0 0 -1
    outer loop
      vertex 108.39 26.4508 9.13251
      vertex 107.99 25.9218 9.13251
      vertex 107.99 26.4508 9.13251
    endloop
  endfacet
  facet normal 0 0.927928 0.37276
    outer loop
      vertex 108.39 26.4508 9.13251
      vertex 107.99 24.9155 12.9544
      vertex 108.39 24.9155 12.9544
    endloop
  endfacet
  facet normal 0 0.927928 0.37276
    outer loop
      vertex 107.99 24.9155 12.9544
      vertex 108.39 26.4508 9.13251
      vertex 107.99 26.4508 9.13251
    endloop
  endfacet
  facet normal -0 0 1
    outer loop
      vertex 107.99 24.9155 12.9544
      vertex 108.39 24.3269 12.9544
      vertex 108.39 24.9155 12.9544
    endloop
  endfacet
  facet normal 0 0 1
    outer loop
      vertex 108.39 24.3269 12.9544
      vertex 107.99 24.9155 12.9544
      vertex 107.99 24.3269 12.9544
    endloop
  endfacet
  facet normal 0 -0.925869 0.377844
    outer loop
      vertex 107.99 22.7672 9.13251
      vertex 108.39 24.3269 12.9544
      vertex 107.99 24.3269 12.9544
    endloop
  endfacet
  facet normal 0 -0.925869 0.377844
    outer loop
      vertex 108.39 24.3269 12.9544
      vertex 107.99 22.7672 9.13251
      vertex 108.39 22.7672 9.13251
    endloop
  endfacet
  facet normal 0 0 -1
    outer loop
      vertex 107.99 22.7672 9.13251
      vertex 108.39 23.3043 9.13251
      vertex 108.39 22.7672 9.13251
    endloop
  endfacet
  facet normal -0 0 -1
    outer loop
      vertex 108.39 23.3043 9.13251
      vertex 107.99 22.7672 9.13251
      vertex 107.99 23.3043 9.13251
    endloop
  endfacet
  facet normal 0 0.930653 -0.365903
    outer loop
      vertex 108.39 23.3043 9.13251
      vertex 107.99 23.7437 10.2501
      vertex 108.39 23.7437 10.2501
    endloop
  endfacet
  facet normal 0 0.930653 -0.365903
    outer loop
      vertex 107.99 23.7437 10.2501
      vertex 108.39 23.3043 9.13251
      vertex 107.99 23.3043 9.13251
    endloop
  endfacet
  facet normal 0 0.932031 -0.362378
    outer loop
      vertex 108.39 23.901 10.6542
      vertex 107.99 24.3893 11.9101
      vertex 108.39 24.3893 11.9101
    endloop
  endfacet
  facet normal 0 0.932031 -0.362378
    outer loop
      vertex 107.99 24.3893 11.9101
      vertex 108.39 23.901 10.6542
      vertex 107.99 23.901 10.6542
    endloop
  endfacet
  facet normal 0 0.937457 -0.3481
    outer loop
      vertex 108.39 24.3893 11.9101
      vertex 107.99 24.4398 12.0461
      vertex 108.39 24.4398 12.0461
    endloop
  endfacet
  facet normal 0 0.937457 -0.3481
    outer loop
      vertex 107.99 24.4398 12.0461
      vertex 108.39 24.3893 11.9101
      vertex 107.99 24.3893 11.9101
    endloop
  endfacet
  facet normal 0 0.940534 -0.3397
    outer loop
      vertex 108.39 24.4398 12.0461
      vertex 107.99 24.4852 12.1718
      vertex 108.39 24.4852 12.1718
    endloop
  endfacet
  facet normal 0 0.940534 -0.3397
    outer loop
      vertex 107.99 24.4852 12.1718
      vertex 108.39 24.4398 12.0461
      vertex 107.99 24.4398 12.0461
    endloop
  endfacet
  facet normal 0 0.944772 -0.327728
    outer loop
      vertex 108.39 24.4852 12.1718
      vertex 107.99 24.5253 12.2874
      vertex 108.39 24.5253 12.2874
    endloop
  endfacet
  facet normal 0 0.944772 -0.327728
    outer loop
      vertex 107.99 24.5253 12.2874
      vertex 108.39 24.4852 12.1718
      vertex 107.99 24.4852 12.1718
    endloop
  endfacet
  facet normal 0 0.948953 -0.315417
    outer loop
      vertex 108.39 24.5253 12.2874
      vertex 107.99 24.5603 12.3927
      vertex 108.39 24.5603 12.3927
    endloop
  endfacet
  facet normal 0 0.948953 -0.315417
    outer loop
      vertex 107.99 24.5603 12.3927
      vertex 108.39 24.5253 12.2874
      vertex 107.99 24.5253 12.2874
    endloop
  endfacet
  facet normal 0 0.954623 -0.297818
    outer loop
      vertex 108.39 24.5603 12.3927
      vertex 107.99 24.59 12.4879
      vertex 108.39 24.59 12.4879
    endloop
  endfacet
  facet normal 0 0.954623 -0.297818
    outer loop
      vertex 107.99 24.59 12.4879
      vertex 108.39 24.5603 12.3927
      vertex 107.99 24.5603 12.3927
    endloop
  endfacet
  facet normal 0 0.952016 -0.30605
    outer loop
      vertex 108.39 24.59 12.4879
      vertex 107.99 24.6144 12.5638
      vertex 108.39 24.6144 12.5638
    endloop
  endfacet
  facet normal 0 0.952016 -0.30605
    outer loop
      vertex 107.99 24.6144 12.5638
      vertex 108.39 24.59 12.4879
      vertex 107.99 24.59 12.4879
    endloop
  endfacet
  facet normal 0 -0.950857 -0.30963
    outer loop
      vertex 107.99 24.6877 12.3387
      vertex 108.39 24.6144 12.5638
      vertex 107.99 24.6144 12.5638
    endloop
  endfacet
  facet normal 0 -0.950857 -0.30963
    outer loop
      vertex 108.39 24.6144 12.5638
      vertex 107.99 24.6877 12.3387
      vertex 108.39 24.6877 12.3387
    endloop
  endfacet
  facet normal 0 -0.950314 -0.311292
    outer loop
      vertex 107.99 24.718 12.2462
      vertex 108.39 24.6877 12.3387
      vertex 107.99 24.6877 12.3387
    endloop
  endfacet
  facet normal 0 -0.950314 -0.311292
    outer loop
      vertex 108.39 24.6877 12.3387
      vertex 107.99 24.718 12.2462
      vertex 108.39 24.718 12.2462
    endloop
  endfacet
  facet normal 0 -0.945758 -0.324871
    outer loop
      vertex 107.99 24.7484 12.1577
      vertex 108.39 24.718 12.2462
      vertex 107.99 24.718 12.2462
    endloop
  endfacet
  facet normal 0 -0.945758 -0.324871
    outer loop
      vertex 108.39 24.718 12.2462
      vertex 107.99 24.7484 12.1577
      vertex 108.39 24.7484 12.1577
    endloop
  endfacet
  facet normal 0 -0.941086 -0.338168
    outer loop
      vertex 107.99 24.7788 12.0731
      vertex 108.39 24.7484 12.1577
      vertex 107.99 24.7484 12.1577
    endloop
  endfacet
  facet normal 0 -0.941086 -0.338168
    outer loop
      vertex 108.39 24.7484 12.1577
      vertex 107.99 24.7788 12.0731
      vertex 108.39 24.7788 12.0731
    endloop
  endfacet
  facet normal 0 -0.935804 -0.352521
    outer loop
      vertex 107.99 24.8092 11.9924
      vertex 108.39 24.7788 12.0731
      vertex 107.99 24.7788 12.0731
    endloop
  endfacet
  facet normal 0 -0.935804 -0.352521
    outer loop
      vertex 108.39 24.7788 12.0731
      vertex 107.99 24.8092 11.9924
      vertex 108.39 24.8092 11.9924
    endloop
  endfacet
  facet normal 0 -0.930383 -0.366588
    outer loop
      vertex 107.99 24.8395 11.9155
      vertex 108.39 24.8092 11.9924
      vertex 107.99 24.8092 11.9924
    endloop
  endfacet
  facet normal 0 -0.930383 -0.366588
    outer loop
      vertex 108.39 24.8092 11.9924
      vertex 107.99 24.8395 11.9155
      vertex 108.39 24.8395 11.9155
    endloop
  endfacet
  facet normal 0 -0.931881 -0.362764
    outer loop
      vertex 107.99 25.3305 10.6542
      vertex 108.39 24.8395 11.9155
      vertex 107.99 24.8395 11.9155
    endloop
  endfacet
  facet normal 0 -0.931881 -0.362764
    outer loop
      vertex 108.39 24.8395 11.9155
      vertex 107.99 25.3305 10.6542
      vertex 108.39 25.3305 10.6542
    endloop
  endfacet
  facet normal -0 0 1
    outer loop
      vertex 107.99 25.3305 10.6542
      vertex 108.39 23.901 10.6542
      vertex 108.39 25.3305 10.6542
    endloop
  endfacet
  facet normal 0 0 1
    outer loop
      vertex 108.39 23.901 10.6542
      vertex 107.99 25.3305 10.6542
      vertex 107.99 23.901 10.6542
    endloop
  endfacet
  facet normal 0 1 -0
    outer loop
      vertex 66.4648 0.0100002 20.1325
      vertex 64 0.0100002 20.5
      vertex 66.4648 0.0100002 20.5
    endloop
  endfacet
  facet normal 0 1 0
    outer loop
      vertex 64 0.0100002 20.5
      vertex 66.4648 0.0100002 20.1325
      vertex 64 0.0100002 20.1325
    endloop
  endfacet
  facet normal 0 1 0
    outer loop
      vertex 68.924 0.0100002 20.1703
      vertex 69 0.0100002 20.5
      vertex 69 0.0100002 20.1886
    endloop
  endfacet
  facet normal 0 1 0
    outer loop
      vertex 69 0.0100002 20.5
      vertex 68.924 0.0100002 20.1703
      vertex 68.7183 0.0100002 20.142
    endloop
  endfacet
  facet normal 0 1 0
    outer loop
      vertex 69 0.0100002 20.5
      vertex 68.7183 0.0100002 20.142
      vertex 68.5022 0.0100002 20.1325
    endloop
  endfacet
  facet normal 0 1 0
    outer loop
      vertex 69 0.0100002 20.5
      vertex 68.5022 0.0100002 20.1325
      vertex 67.0727 0.0100002 20.5
    endloop
  endfacet
  facet normal 0 1 0
    outer loop
      vertex 67.0727 0.0100002 20.5
      vertex 68.5022 0.0100002 20.1325
      vertex 67.0727 0.0100002 20.1325
    endloop
  endfacet
  facet normal 0 1 0
    outer loop
      vertex 82.1324 0.0100002 20.1325
      vertex 82.4869 0.0100002 20.5
      vertex 82.7291 0.0100002 20.1325
    endloop
  endfacet
  facet normal 0 1 0
    outer loop
      vertex 82.4869 0.0100002 20.5
      vertex 82.1324 0.0100002 20.1325
      vertex 81.9024 0.0100002 20.5
    endloop
  endfacet
  facet normal 0 1 -0
    outer loop
      vertex 83.9238 0.0100002 20.1325
      vertex 83.4057 0.0100002 20.5
      vertex 83.9238 0.0100002 20.5
    endloop
  endfacet
  facet normal 0 1 0
    outer loop
      vertex 83.4057 0.0100002 20.5
      vertex 83.9238 0.0100002 20.1325
      vertex 83.4057 0.0100002 20.1325
    endloop
  endfacet
  facet normal 0 1 -0
    outer loop
      vertex 85.3741 0.0100002 20.1325
      vertex 84.8561 0.0100002 20.5
      vertex 85.3741 0.0100002 20.5
    endloop
  endfacet
  facet normal 0 1 0
    outer loop
      vertex 84.8561 0.0100002 20.5
      vertex 85.3741 0.0100002 20.1325
      vertex 84.8561 0.0100002 20.1325
    endloop
  endfacet
  facet normal 0 -1 0
    outer loop
      vertex 72.6604 -0.389999 20.4279
      vertex 73.6494 -0.389999 20.5
      vertex 72.5994 -0.389999 20.5
    endloop
  endfacet
  facet normal 0 -1 0
    outer loop
      vertex 73.4021 -0.389999 20.1171
      vertex 73.6494 -0.389999 20.5
      vertex 72.9843 -0.389999 20.2336
    endloop
  endfacet
  facet normal 0 -1 0
    outer loop
      vertex 73.6494 -0.389999 20.5
      vertex 72.6604 -0.389999 20.4279
      vertex 72.9843 -0.389999 20.2336
    endloop
  endfacet
  facet normal 0 -1 0
    outer loop
      vertex 75.0789 -0.389999 20.3685
      vertex 75.2325 -0.389999 20.5
      vertex 74.214 -0.389999 20.5
    endloop
  endfacet
  facet normal 0 -1 0
    outer loop
      vertex 74.201 -0.389999 20.0899
      vertex 74.214 -0.389999 20.5
      vertex 74.1245 -0.389999 20.4893
    endloop
  endfacet
  facet normal 0 -1 0
    outer loop
      vertex 73.914 -0.389999 20.0783
      vertex 74.1245 -0.389999 20.4893
      vertex 73.9329 -0.389999 20.4824
    endloop
  endfacet
  facet normal 0 -1 -0
    outer loop
      vertex 73.6494 -0.389999 20.5
      vertex 73.4021 -0.389999 20.1171
      vertex 73.7468 -0.389999 20.4889
    endloop
  endfacet
  facet normal 0 -1 -0
    outer loop
      vertex 74.1245 -0.389999 20.4893
      vertex 73.914 -0.389999 20.0783
      vertex 74.201 -0.389999 20.0899
    endloop
  endfacet
  facet normal 0 -1 -0
    outer loop
      vertex 74.214 -0.389999 20.5
      vertex 74.201 -0.389999 20.0899
      vertex 74.461 -0.389999 20.1247
    endloop
  endfacet
  facet normal 0 -1 0
    outer loop
      vertex 73.914 -0.389999 20.0783
      vertex 73.7468 -0.389999 20.4889
      vertex 73.4021 -0.389999 20.1171
    endloop
  endfacet
  facet normal 0 -1 0
    outer loop
      vertex 74.214 -0.389999 20.5
      vertex 74.461 -0.389999 20.1247
      vertex 74.694 -0.389999 20.1828
    endloop
  endfacet
  facet normal 0 -1 0
    outer loop
      vertex 74.214 -0.389999 20.5
      vertex 74.9 -0.389999 20.264
      vertex 75.0789 -0.389999 20.3685
    endloop
  endfacet
  facet normal 0 -1 0
    outer loop
      vertex 73.7468 -0.389999 20.4889
      vertex 73.914 -0.389999 20.0783
      vertex 73.9329 -0.389999 20.4824
    endloop
  endfacet
  facet normal 0 -1 0
    outer loop
      vertex 75.2325 -0.389999 20.5
      vertex 75.0789 -0.389999 20.3685
      vertex 75.2279 -0.389999 20.4942
    endloop
  endfacet
  facet normal 0 -1 0
    outer loop
      vertex 74.214 -0.389999 20.5
      vertex 74.694 -0.389999 20.1828
      vertex 74.9 -0.389999 20.264
    endloop
  endfacet
  facet normal 0 -1 0
    outer loop
      vertex 60.4367 -0.389999 20.1325
      vertex 62.8861 -0.389999 20.5
      vertex 60.4367 -0.389999 20.5
    endloop
  endfacet
  facet normal 0 -1 -0
    outer loop
      vertex 62.8861 -0.389999 20.5
      vertex 60.4367 -0.389999 20.1325
      vertex 62.8861 -0.389999 20.1325
    endloop
  endfacet
  facet normal 0 -1 0
    outer loop
      vertex 63.454 -0.389999 20.1325
      vertex 66.4648 -0.389999 20.5
      vertex 63.454 -0.389999 20.5
    endloop
  endfacet
  facet normal 0 -1 -0
    outer loop
      vertex 66.4648 -0.389999 20.5
      vertex 63.454 -0.389999 20.1325
      vertex 66.4648 -0.389999 20.1325
    endloop
  endfacet
  facet normal 0 -1 0
    outer loop
      vertex 68.5022 -0.389999 20.1325
      vertex 69.6755 -0.389999 20.5
      vertex 67.0727 -0.389999 20.5
    endloop
  endfacet
  facet normal -0 -1 0
    outer loop
      vertex 68.7183 -0.389999 20.142
      vertex 69.6755 -0.389999 20.5
      vertex 68.5022 -0.389999 20.1325
    endloop
  endfacet
  facet normal 0 -1 0
    outer loop
      vertex 69.6755 -0.389999 20.5
      vertex 69.4786 -0.389999 20.3685
      vertex 69.6402 -0.389999 20.4712
    endloop
  endfacet
  facet normal 0 -1 0
    outer loop
      vertex 69.6755 -0.389999 20.5
      vertex 69.3042 -0.389999 20.2835
      vertex 69.4786 -0.389999 20.3685
    endloop
  endfacet
  facet normal 0 -1 0
    outer loop
      vertex 69.6755 -0.389999 20.5
      vertex 69.1193 -0.389999 20.2175
      vertex 69.3042 -0.389999 20.2835
    endloop
  endfacet
  facet normal 0 -1 0
    outer loop
      vertex 69.6755 -0.389999 20.5
      vertex 68.924 -0.389999 20.1703
      vertex 69.1193 -0.389999 20.2175
    endloop
  endfacet
  facet normal 0 -1 0
    outer loop
      vertex 68.5022 -0.389999 20.1325
      vertex 67.0727 -0.389999 20.5
      vertex 67.0727 -0.389999 20.1325
    endloop
  endfacet
  facet normal 0 -1 0
    outer loop
      vertex 69.6755 -0.389999 20.5
      vertex 68.7183 -0.389999 20.142
      vertex 68.924 -0.389999 20.1703
    endloop
  endfacet
  facet normal 0 -1 0
    outer loop
      vertex 77.0986 -0.389999 20.1325
      vertex 77.614 -0.389999 20.5
      vertex 77.0986 -0.389999 20.5
    endloop
  endfacet
  facet normal 0 -1 -0
    outer loop
      vertex 77.614 -0.389999 20.5
      vertex 77.0986 -0.389999 20.1325
      vertex 77.614 -0.389999 20.1325
    endloop
  endfacet
  facet normal 0 -1 0
    outer loop
      vertex 82.1324 -0.389999 20.1325
      vertex 82.4869 -0.389999 20.5
      vertex 81.9024 -0.389999 20.5
    endloop
  endfacet
  facet normal 0 -1 -0
    outer loop
      vertex 82.4869 -0.389999 20.5
      vertex 82.1324 -0.389999 20.1325
      vertex 82.7291 -0.389999 20.1325
    endloop
  endfacet
  facet normal 0 -1 0
    outer loop
      vertex 79.4307 -0.389999 20.1325
      vertex 79.9488 -0.389999 20.5
      vertex 79.4307 -0.389999 20.5
    endloop
  endfacet
  facet normal 0 -1 -0
    outer loop
      vertex 79.9488 -0.389999 20.5
      vertex 79.4307 -0.389999 20.1325
      vertex 79.9488 -0.389999 20.1325
    endloop
  endfacet
  facet normal 0 -1 0
    outer loop
      vertex 83.4057 -0.389999 20.1325
      vertex 83.9238 -0.389999 20.5
      vertex 83.4057 -0.389999 20.5
    endloop
  endfacet
  facet normal 0 -1 -0
    outer loop
      vertex 83.9238 -0.389999 20.5
      vertex 83.4057 -0.389999 20.1325
      vertex 83.9238 -0.389999 20.1325
    endloop
  endfacet
  facet normal 0 -1 0
    outer loop
      vertex 84.8561 -0.389999 20.1325
      vertex 85.3741 -0.389999 20.5
      vertex 84.8561 -0.389999 20.5
    endloop
  endfacet
  facet normal 0 -1 -0
    outer loop
      vertex 85.3741 -0.389999 20.5
      vertex 84.8561 -0.389999 20.1325
      vertex 85.3741 -0.389999 20.1325
    endloop
  endfacet
  facet normal 0.132663 0 -0.991161
    outer loop
      vertex 74.201 -0.389999 20.0899
      vertex 74.461 -0.0199995 20.1247
      vertex 74.461 -0.389999 20.1247
    endloop
  endfacet
  facet normal 0.132663 0 -0.991161
    outer loop
      vertex 74.461 -0.0199995 20.1247
      vertex 74.201 -0.389999 20.0899
      vertex 74.201 -0.0199995 20.0899
    endloop
  endfacet
  facet normal 0.241948 0 -0.970289
    outer loop
      vertex 74.461 -0.389999 20.1247
      vertex 74.694 -0.0199995 20.1828
      vertex 74.694 -0.389999 20.1828
    endloop
  endfacet
  facet normal 0.241948 0 -0.970289
    outer loop
      vertex 74.694 -0.0199995 20.1828
      vertex 74.461 -0.389999 20.1247
      vertex 74.461 -0.0199995 20.1247
    endloop
  endfacet
  facet normal 0.366714 0 -0.930334
    outer loop
      vertex 74.694 -0.389999 20.1828
      vertex 74.9 -0.0199995 20.264
      vertex 74.9 -0.389999 20.264
    endloop
  endfacet
  facet normal 0.366714 0 -0.930334
    outer loop
      vertex 74.9 -0.0199995 20.264
      vertex 74.694 -0.389999 20.1828
      vertex 74.694 -0.0199995 20.1828
    endloop
  endfacet
  facet normal 0.504381 0 -0.863481
    outer loop
      vertex 74.9 -0.389999 20.264
      vertex 75.0789 -0.0199995 20.3685
      vertex 75.0789 -0.389999 20.3685
    endloop
  endfacet
  facet normal 0.504381 0 -0.863481
    outer loop
      vertex 75.0789 -0.0199995 20.3685
      vertex 74.9 -0.389999 20.264
      vertex 74.9 -0.0199995 20.264
    endloop
  endfacet
  facet normal 0.644815 0 -0.764339
    outer loop
      vertex 75.0789 -0.389999 20.3685
      vertex 75.2279 -0.0199995 20.4942
      vertex 75.2279 -0.389999 20.4942
    endloop
  endfacet
  facet normal 0.644815 0 -0.764339
    outer loop
      vertex 75.2279 -0.0199995 20.4942
      vertex 75.0789 -0.389999 20.3685
      vertex 75.0789 -0.0199995 20.3685
    endloop
  endfacet
  facet normal 0.783498 0 -0.621395
    outer loop
      vertex 75.2325 -0.389999 20.5
      vertex 75.2279 -0.0199995 20.4942
      vertex 75.2325 -0.0199995 20.5
    endloop
  endfacet
  facet normal 0.783498 0 -0.621395
    outer loop
      vertex 75.2279 -0.0199995 20.4942
      vertex 75.2325 -0.389999 20.5
      vertex 75.2279 -0.389999 20.4942
    endloop
  endfacet
  facet normal -0.118708 0 0.992929
    outer loop
      vertex 74.1245 -0.0199995 20.4893
      vertex 74.214 -0.389999 20.5
      vertex 74.214 -0.0199995 20.5
    endloop
  endfacet
  facet normal -0.118708 0 0.992929
    outer loop
      vertex 74.214 -0.389999 20.5
      vertex 74.1245 -0.0199995 20.4893
      vertex 74.1245 -0.389999 20.4893
    endloop
  endfacet
  facet normal -0.0359892 0 0.999352
    outer loop
      vertex 73.9329 -0.0199995 20.4824
      vertex 74.1245 -0.389999 20.4893
      vertex 74.1245 -0.0199995 20.4893
    endloop
  endfacet
  facet normal -0.0359892 0 0.999352
    outer loop
      vertex 74.1245 -0.389999 20.4893
      vertex 73.9329 -0.0199995 20.4824
      vertex 73.9329 -0.389999 20.4824
    endloop
  endfacet
  facet normal 0.0349062 0 0.999391
    outer loop
      vertex 73.7468 -0.0199995 20.4889
      vertex 73.9329 -0.389999 20.4824
      vertex 73.9329 -0.0199995 20.4824
    endloop
  endfacet
  facet normal 0.0349062 0 0.999391
    outer loop
      vertex 73.9329 -0.389999 20.4824
      vertex 73.7468 -0.0199995 20.4889
      vertex 73.7468 -0.389999 20.4889
    endloop
  endfacet
  facet normal 0.11323 0 0.993569
    outer loop
      vertex 73.6494 -0.0199995 20.5
      vertex 73.7468 -0.389999 20.4889
      vertex 73.7468 -0.0199995 20.4889
    endloop
  endfacet
  facet normal 0.11323 0 0.993569
    outer loop
      vertex 73.7468 -0.389999 20.4889
      vertex 73.6494 -0.0199995 20.5
      vertex 73.6494 -0.389999 20.5
    endloop
  endfacet
  facet normal -0.763426 0 -0.645895
    outer loop
      vertex 72.6604 -0.389999 20.4279
      vertex 72.5994 -0.0199995 20.5
      vertex 72.6604 -0.0199995 20.4279
    endloop
  endfacet
  facet normal -0.763426 -0 -0.645895
    outer loop
      vertex 72.5994 -0.0199995 20.5
      vertex 72.6604 -0.389999 20.4279
      vertex 72.5994 -0.389999 20.5
    endloop
  endfacet
  facet normal -0.514418 0 -0.85754
    outer loop
      vertex 72.6604 -0.389999 20.4279
      vertex 72.9843 -0.0199995 20.2336
      vertex 72.9843 -0.389999 20.2336
    endloop
  endfacet
  facet normal -0.514418 0 -0.85754
    outer loop
      vertex 72.9843 -0.0199995 20.2336
      vertex 72.6604 -0.389999 20.4279
      vertex 72.6604 -0.0199995 20.4279
    endloop
  endfacet
  facet normal -0.268595 0 -0.963253
    outer loop
      vertex 72.9843 -0.389999 20.2336
      vertex 73.4021 -0.0199995 20.1171
      vertex 73.4021 -0.389999 20.1171
    endloop
  endfacet
  facet normal -0.268595 0 -0.963253
    outer loop
      vertex 73.4021 -0.0199995 20.1171
      vertex 72.9843 -0.389999 20.2336
      vertex 72.9843 -0.0199995 20.2336
    endloop
  endfacet
  facet normal -0.0755793 0 -0.99714
    outer loop
      vertex 73.4021 -0.389999 20.1171
      vertex 73.914 -0.0199995 20.0783
      vertex 73.914 -0.389999 20.0783
    endloop
  endfacet
  facet normal -0.0755793 0 -0.99714
    outer loop
      vertex 73.914 -0.0199995 20.0783
      vertex 73.4021 -0.389999 20.1171
      vertex 73.4021 -0.0199995 20.1171
    endloop
  endfacet
  facet normal 0.0403851 0 -0.999184
    outer loop
      vertex 73.914 -0.389999 20.0783
      vertex 74.201 -0.0199995 20.0899
      vertex 74.201 -0.389999 20.0899
    endloop
  endfacet
  facet normal 0.0403851 0 -0.999184
    outer loop
      vertex 74.201 -0.0199995 20.0899
      vertex 73.914 -0.389999 20.0783
      vertex 73.914 -0.0199995 20.0783
    endloop
  endfacet
  facet normal -1 0 0
    outer loop
      vertex 60.4367 -0.389999 20.1325
      vertex 60.4367 -0.0199995 20.5
      vertex 60.4367 -0.0199995 20.1325
    endloop
  endfacet
  facet normal -1 -0 0
    outer loop
      vertex 60.4367 -0.0199995 20.5
      vertex 60.4367 -0.389999 20.1325
      vertex 60.4367 -0.389999 20.5
    endloop
  endfacet
  facet normal 0 0 -1
    outer loop
      vertex 60.4367 -0.389999 20.1325
      vertex 62.8861 -0.0199995 20.1325
      vertex 62.8861 -0.389999 20.1325
    endloop
  endfacet
  facet normal -0 0 -1
    outer loop
      vertex 62.8861 -0.0199995 20.1325
      vertex 60.4367 -0.389999 20.1325
      vertex 60.4367 -0.0199995 20.1325
    endloop
  endfacet
  facet normal 1 -0 0
    outer loop
      vertex 62.8861 -0.389999 20.5
      vertex 62.8861 -0.0199995 20.1325
      vertex 62.8861 -0.0199995 20.5
    endloop
  endfacet
  facet normal 1 0 0
    outer loop
      vertex 62.8861 -0.0199995 20.1325
      vertex 62.8861 -0.389999 20.5
      vertex 62.8861 -0.389999 20.1325
    endloop
  endfacet
  facet normal -1 0 0
    outer loop
      vertex 63.454 -0.389999 20.1325
      vertex 63.454 -0.0199995 20.5
      vertex 63.454 -0.0199995 20.1325
    endloop
  endfacet
  facet normal -1 -0 0
    outer loop
      vertex 63.454 -0.0199995 20.5
      vertex 63.454 -0.389999 20.1325
      vertex 63.454 -0.389999 20.5
    endloop
  endfacet
  facet normal 0 0 -1
    outer loop
      vertex 66.4648 -0.389999 20.1325
      vertex 64 -0.0199995 20.1325
      vertex 66.4648 0.0100002 20.1325
    endloop
  endfacet
  facet normal 0 0 -1
    outer loop
      vertex 63.454 -0.389999 20.1325
      vertex 64 -0.0199995 20.1325
      vertex 66.4648 -0.389999 20.1325
    endloop
  endfacet
  facet normal -0 0 -1
    outer loop
      vertex 64 -0.0199995 20.1325
      vertex 63.454 -0.389999 20.1325
      vertex 63.454 -0.0199995 20.1325
    endloop
  endfacet
  facet normal -0 0 -1
    outer loop
      vertex 66.4648 0.0100002 20.1325
      vertex 64 -0.0199995 20.1325
      vertex 64 0.0100002 20.1325
    endloop
  endfacet
  facet normal 1 -0 0
    outer loop
      vertex 66.4648 -0.389999 20.5
      vertex 66.4648 0.0100002 20.1325
      vertex 66.4648 0.0100002 20.5
    endloop
  endfacet
  facet normal 1 0 0
    outer loop
      vertex 66.4648 0.0100002 20.1325
      vertex 66.4648 -0.389999 20.5
      vertex 66.4648 -0.389999 20.1325
    endloop
  endfacet
  facet normal 0.136295 0 -0.990668
    outer loop
      vertex 68.7183 -0.389999 20.142
      vertex 68.924 0.0100002 20.1703
      vertex 68.924 -0.389999 20.1703
    endloop
  endfacet
  facet normal 0.136295 0 -0.990668
    outer loop
      vertex 68.924 0.0100002 20.1703
      vertex 68.7183 -0.389999 20.142
      vertex 68.7183 0.0100002 20.142
    endloop
  endfacet
  facet normal 0.235437 0 -0.97189
    outer loop
      vertex 69.1193 -0.389999 20.2175
      vertex 69 -0.0199995 20.1886
      vertex 69.1193 -0.0199995 20.2175
    endloop
  endfacet
  facet normal 0.234916 -0.000177694 -0.972016
    outer loop
      vertex 68.924 -0.389999 20.1703
      vertex 69 -0.0199995 20.1886
      vertex 69.1193 -0.389999 20.2175
    endloop
  endfacet
  facet normal 0.234099 0 -0.972213
    outer loop
      vertex 68.924 0.0100002 20.1703
      vertex 69 -0.0199995 20.1886
      vertex 68.924 -0.389999 20.1703
    endloop
  endfacet
  facet normal 0.234099 0 -0.972213
    outer loop
      vertex 69 -0.0199995 20.1886
      vertex 68.924 0.0100002 20.1703
      vertex 69 0.0100002 20.1886
    endloop
  endfacet
  facet normal 0.336175 0 -0.9418
    outer loop
      vertex 69.1193 -0.389999 20.2175
      vertex 69.3042 -0.0199995 20.2835
      vertex 69.3042 -0.389999 20.2835
    endloop
  endfacet
  facet normal 0.336175 0 -0.9418
    outer loop
      vertex 69.3042 -0.0199995 20.2835
      vertex 69.1193 -0.389999 20.2175
      vertex 69.1193 -0.0199995 20.2175
    endloop
  endfacet
  facet normal 0.438119 0 -0.898917
    outer loop
      vertex 69.3042 -0.389999 20.2835
      vertex 69.4786 -0.0199995 20.3685
      vertex 69.4786 -0.389999 20.3685
    endloop
  endfacet
  facet normal 0.438119 0 -0.898917
    outer loop
      vertex 69.4786 -0.0199995 20.3685
      vertex 69.3042 -0.389999 20.2835
      vertex 69.3042 -0.0199995 20.2835
    endloop
  endfacet
  facet normal 0.536368 0 -0.843984
    outer loop
      vertex 69.4786 -0.389999 20.3685
      vertex 69.6402 -0.0199995 20.4712
      vertex 69.6402 -0.389999 20.4712
    endloop
  endfacet
  facet normal 0.536368 0 -0.843984
    outer loop
      vertex 69.6402 -0.0199995 20.4712
      vertex 69.4786 -0.389999 20.3685
      vertex 69.4786 -0.0199995 20.3685
    endloop
  endfacet
  facet normal 0.632161 0 -0.774837
    outer loop
      vertex 69.6402 -0.389999 20.4712
      vertex 69.6755 -0.0199995 20.5
      vertex 69.6755 -0.389999 20.5
    endloop
  endfacet
  facet normal 0.632161 0 -0.774837
    outer loop
      vertex 69.6755 -0.0199995 20.5
      vertex 69.6402 -0.389999 20.4712
      vertex 69.6402 -0.0199995 20.4712
    endloop
  endfacet
  facet normal -1 0 0
    outer loop
      vertex 67.0727 -0.389999 20.1325
      vertex 67.0727 0.0100002 20.5
      vertex 67.0727 0.0100002 20.1325
    endloop
  endfacet
  facet normal -1 -0 0
    outer loop
      vertex 67.0727 0.0100002 20.5
      vertex 67.0727 -0.389999 20.1325
      vertex 67.0727 -0.389999 20.5
    endloop
  endfacet
  facet normal 0 0 -1
    outer loop
      vertex 67.0727 -0.389999 20.1325
      vertex 68.5022 0.0100002 20.1325
      vertex 68.5022 -0.389999 20.1325
    endloop
  endfacet
  facet normal -0 0 -1
    outer loop
      vertex 68.5022 0.0100002 20.1325
      vertex 67.0727 -0.389999 20.1325
      vertex 67.0727 0.0100002 20.1325
    endloop
  endfacet
  facet normal 0.0439187 0 -0.999035
    outer loop
      vertex 68.5022 -0.389999 20.1325
      vertex 68.7183 0.0100002 20.142
      vertex 68.7183 -0.389999 20.142
    endloop
  endfacet
  facet normal 0.0439187 0 -0.999035
    outer loop
      vertex 68.7183 0.0100002 20.142
      vertex 68.5022 -0.389999 20.1325
      vertex 68.5022 0.0100002 20.1325
    endloop
  endfacet
  facet normal -1 0 0
    outer loop
      vertex 77.0986 -0.389999 20.1325
      vertex 77.0986 -0.0199995 20.5
      vertex 77.0986 -0.0199995 20.1325
    endloop
  endfacet
  facet normal -1 -0 0
    outer loop
      vertex 77.0986 -0.0199995 20.5
      vertex 77.0986 -0.389999 20.1325
      vertex 77.0986 -0.389999 20.5
    endloop
  endfacet
  facet normal 0 0 -1
    outer loop
      vertex 77.0986 -0.389999 20.1325
      vertex 77.614 -0.0199995 20.1325
      vertex 77.614 -0.389999 20.1325
    endloop
  endfacet
  facet normal -0 0 -1
    outer loop
      vertex 77.614 -0.0199995 20.1325
      vertex 77.0986 -0.389999 20.1325
      vertex 77.0986 -0.0199995 20.1325
    endloop
  endfacet
  facet normal 1 -0 0
    outer loop
      vertex 77.614 -0.389999 20.5
      vertex 77.614 -0.0199995 20.1325
      vertex 77.614 -0.0199995 20.5
    endloop
  endfacet
  facet normal 1 0 0
    outer loop
      vertex 77.614 -0.0199995 20.1325
      vertex 77.614 -0.389999 20.5
      vertex 77.614 -0.389999 20.1325
    endloop
  endfacet
  facet normal -0.847674 0 -0.530517
    outer loop
      vertex 82.1324 -0.389999 20.1325
      vertex 81.9024 0.0100002 20.5
      vertex 82.1324 0.0100002 20.1325
    endloop
  endfacet
  facet normal -0.847674 -0 -0.530517
    outer loop
      vertex 81.9024 0.0100002 20.5
      vertex 82.1324 -0.389999 20.1325
      vertex 81.9024 -0.389999 20.5
    endloop
  endfacet
  facet normal 0 0 -1
    outer loop
      vertex 82.1324 -0.389999 20.1325
      vertex 82.7291 0.0100002 20.1325
      vertex 82.7291 -0.389999 20.1325
    endloop
  endfacet
  facet normal -0 0 -1
    outer loop
      vertex 82.7291 0.0100002 20.1325
      vertex 82.1324 -0.389999 20.1325
      vertex 82.1324 0.0100002 20.1325
    endloop
  endfacet
  facet normal 0.834975 -0 0.550288
    outer loop
      vertex 82.4869 -0.389999 20.5
      vertex 82.7291 0.0100002 20.1325
      vertex 82.4869 0.0100002 20.5
    endloop
  endfacet
  facet normal 0.834975 0 0.550288
    outer loop
      vertex 82.7291 0.0100002 20.1325
      vertex 82.4869 -0.389999 20.5
      vertex 82.7291 -0.389999 20.1325
    endloop
  endfacet
  facet normal -1 0 0
    outer loop
      vertex 79.4307 -0.389999 20.1325
      vertex 79.4307 -0.0199995 20.5
      vertex 79.4307 -0.0199995 20.1325
    endloop
  endfacet
  facet normal -1 -0 0
    outer loop
      vertex 79.4307 -0.0199995 20.5
      vertex 79.4307 -0.389999 20.1325
      vertex 79.4307 -0.389999 20.5
    endloop
  endfacet
  facet normal 0 0 -1
    outer loop
      vertex 79.4307 -0.389999 20.1325
      vertex 79.9488 -0.0199995 20.1325
      vertex 79.9488 -0.389999 20.1325
    endloop
  endfacet
  facet normal -0 0 -1
    outer loop
      vertex 79.9488 -0.0199995 20.1325
      vertex 79.4307 -0.389999 20.1325
      vertex 79.4307 -0.0199995 20.1325
    endloop
  endfacet
  facet normal 1 -0 0
    outer loop
      vertex 79.9488 -0.389999 20.5
      vertex 79.9488 -0.0199995 20.1325
      vertex 79.9488 -0.0199995 20.5
    endloop
  endfacet
  facet normal 1 0 0
    outer loop
      vertex 79.9488 -0.0199995 20.1325
      vertex 79.9488 -0.389999 20.5
      vertex 79.9488 -0.389999 20.1325
    endloop
  endfacet
  facet normal -1 0 0
    outer loop
      vertex 83.4057 -0.389999 20.1325
      vertex 83.4057 0.0100002 20.5
      vertex 83.4057 0.0100002 20.1325
    endloop
  endfacet
  facet normal -1 -0 0
    outer loop
      vertex 83.4057 0.0100002 20.5
      vertex 83.4057 -0.389999 20.1325
      vertex 83.4057 -0.389999 20.5
    endloop
  endfacet
  facet normal 0 0 -1
    outer loop
      vertex 83.4057 -0.389999 20.1325
      vertex 83.9238 0.0100002 20.1325
      vertex 83.9238 -0.389999 20.1325
    endloop
  endfacet
  facet normal -0 0 -1
    outer loop
      vertex 83.9238 0.0100002 20.1325
      vertex 83.4057 -0.389999 20.1325
      vertex 83.4057 0.0100002 20.1325
    endloop
  endfacet
  facet normal 1 -0 0
    outer loop
      vertex 83.9238 -0.389999 20.5
      vertex 83.9238 0.0100002 20.1325
      vertex 83.9238 0.0100002 20.5
    endloop
  endfacet
  facet normal 1 0 0
    outer loop
      vertex 83.9238 0.0100002 20.1325
      vertex 83.9238 -0.389999 20.5
      vertex 83.9238 -0.389999 20.1325
    endloop
  endfacet
  facet normal -1 0 0
    outer loop
      vertex 84.8561 -0.389999 20.1325
      vertex 84.8561 0.0100002 20.5
      vertex 84.8561 0.0100002 20.1325
    endloop
  endfacet
  facet normal -1 -0 0
    outer loop
      vertex 84.8561 0.0100002 20.5
      vertex 84.8561 -0.389999 20.1325
      vertex 84.8561 -0.389999 20.5
    endloop
  endfacet
  facet normal 0 0 -1
    outer loop
      vertex 84.8561 -0.389999 20.1325
      vertex 85.3741 0.0100002 20.1325
      vertex 85.3741 -0.389999 20.1325
    endloop
  endfacet
  facet normal -0 0 -1
    outer loop
      vertex 85.3741 0.0100002 20.1325
      vertex 84.8561 -0.389999 20.1325
      vertex 84.8561 0.0100002 20.1325
    endloop
  endfacet
  facet normal 1 -0 0
    outer loop
      vertex 85.3741 -0.389999 20.5
      vertex 85.3741 0.0100002 20.1325
      vertex 85.3741 0.0100002 20.5
    endloop
  endfacet
  facet normal 1 0 0
    outer loop
      vertex 85.3741 0.0100002 20.1325
      vertex 85.3741 -0.389999 20.5
      vertex 85.3741 -0.389999 20.1325
    endloop
  endfacet
  facet normal -0 0 1
    outer loop
      vertex -0.389999 21.3807 20.5
      vertex 0.0100002 18.6616 20.5
      vertex 0.0100002 21.3807 20.5
    endloop
  endfacet
  facet normal 0 0 1
    outer loop
      vertex 0.0100002 18.6616 20.5
      vertex -0.389999 21.3807 20.5
      vertex -0.389999 18.6616 20.5
    endloop
  endfacet
  facet normal -0 0 1
    outer loop
      vertex -0.389999 33.8305 20.5
      vertex 0.0100002 33.0234 20.5
      vertex 0.0100002 33.8305 20.5
    endloop
  endfacet
  facet normal 0 0 1
    outer loop
      vertex 0.0100002 33.0234 20.5
      vertex -0.389999 33.8305 20.5
      vertex -0.389999 33.0234 20.5
    endloop
  endfacet
  facet normal -0 0 1
    outer loop
      vertex -0.389999 28.2756 20.5
      vertex 0.0100002 27.4895 20.5
      vertex 0.0100002 28.2756 20.5
    endloop
  endfacet
  facet normal 0 0 1
    outer loop
      vertex 0.0100002 27.4895 20.5
      vertex -0.389999 28.2756 20.5
      vertex -0.389999 27.4895 20.5
    endloop
  endfacet
  facet normal -0 0 1
    outer loop
      vertex -0.389999 26.9317 20.5
      vertex 0.0100002 26.1315 20.5
      vertex 0.0100002 26.9317 20.5
    endloop
  endfacet
  facet normal 0 0 1
    outer loop
      vertex 0.0100002 26.1315 20.5
      vertex -0.389999 26.9317 20.5
      vertex -0.389999 26.1315 20.5
    endloop
  endfacet
  facet normal -0 0 1
    outer loop
      vertex -0.389999 35.3691 20.5
      vertex 0.0100002 34.6584 20.5
      vertex 0.0100002 35.3691 20.5
    endloop
  endfacet
  facet normal 0 0 1
    outer loop
      vertex 0.0100002 34.6584 20.5
      vertex -0.389999 35.3691 20.5
      vertex -0.389999 34.6584 20.5
    endloop
  endfacet
  facet normal -0 0 1
    outer loop
      vertex -0.389999 23.305 20.5
      vertex 0.0100002 22.1585 20.5
      vertex 0.0100002 23.305 20.5
    endloop
  endfacet
  facet normal 0 0 1
    outer loop
      vertex 0.0100002 22.1585 20.5
      vertex -0.389999 23.305 20.5
      vertex -0.389999 22.1585 20.5
    endloop
  endfacet
  facet normal -0 0 1
    outer loop
      vertex -0.389999 25.4244 20.5
      vertex 0.0100002 24.7137 20.5
      vertex 0.0100002 25.4244 20.5
    endloop
  endfacet
  facet normal 0 0 1
    outer loop
      vertex 0.0100002 24.7137 20.5
      vertex -0.389999 25.4244 20.5
      vertex -0.389999 24.7137 20.5
    endloop
  endfacet
  facet normal -0 0 1
    outer loop
      vertex -0.389999 32.1954 20.5
      vertex 0.0100002 31.4848 20.5
      vertex 0.0100002 32.1954 20.5
    endloop
  endfacet
  facet normal 0 0 1
    outer loop
      vertex 0.0100002 31.4848 20.5
      vertex -0.389999 32.1954 20.5
      vertex -0.389999 31.4848 20.5
    endloop
  endfacet
  facet normal -0 0 1
    outer loop
      vertex -0.389999 30.9489 20.5
      vertex 0.0100002 30.1552 20.5
      vertex 0.0100002 30.9489 20.5
    endloop
  endfacet
  facet normal 0 0 1
    outer loop
      vertex 0.0100002 30.1552 20.5
      vertex -0.389999 30.9489 20.5
      vertex -0.389999 30.1552 20.5
    endloop
  endfacet
  facet normal 0 0 1
    outer loop
      vertex 52 47.9856 20.5
      vertex 3.575 46.35 20.5
      vertex 52 46.35 20.5
    endloop
  endfacet
  facet normal -0 0 1
    outer loop
      vertex 3 47.9856 20.5
      vertex 3.575 46.35 20.5
      vertex 52 47.9856 20.5
    endloop
  endfacet
  facet normal 0 0 1
    outer loop
      vertex 3 47.9856 20.5
      vertex 3.19945 46.313 20.5
      vertex 3.575 46.35 20.5
    endloop
  endfacet
  facet normal -0 0 1
    outer loop
      vertex 2.41755 47.9282 20.5
      vertex 3.19945 46.313 20.5
      vertex 3 47.9856 20.5
    endloop
  endfacet
  facet normal 0 0 1
    outer loop
      vertex 3.19945 46.313 20.5
      vertex 2.41755 47.9282 20.5
      vertex 2.83834 46.2035 20.5
    endloop
  endfacet
  facet normal -0 0 1
    outer loop
      vertex 1.85748 47.7583 20.5
      vertex 2.83834 46.2035 20.5
      vertex 2.41755 47.9282 20.5
    endloop
  endfacet
  facet normal 0 0 1
    outer loop
      vertex 2.83834 46.2035 20.5
      vertex 1.85748 47.7583 20.5
      vertex 2.50553 46.0256 20.5
    endloop
  endfacet
  facet normal -0 0 1
    outer loop
      vertex 1.34132 47.4824 20.5
      vertex 2.50553 46.0256 20.5
      vertex 1.85748 47.7583 20.5
    endloop
  endfacet
  facet normal 0 0 1
    outer loop
      vertex 2.50553 46.0256 20.5
      vertex 1.34132 47.4824 20.5
      vertex 2.21382 45.7862 20.5
    endloop
  endfacet
  facet normal -0 0 1
    outer loop
      vertex 0.888895 47.1111 20.5
      vertex 2.21382 45.7862 20.5
      vertex 1.34132 47.4824 20.5
    endloop
  endfacet
  facet normal -0 0 1
    outer loop
      vertex 0.517603 46.6587 20.5
      vertex 2.21382 45.7862 20.5
      vertex 0.888895 47.1111 20.5
    endloop
  endfacet
  facet normal 0 0 1
    outer loop
      vertex 2.21382 45.7862 20.5
      vertex 0.517603 46.6587 20.5
      vertex 1.97442 45.4945 20.5
    endloop
  endfacet
  facet normal 0 0 1
    outer loop
      vertex 1.97442 45.4945 20.5
      vertex 0.241708 46.1425 20.5
      vertex 1.79653 45.1617 20.5
    endloop
  endfacet
  facet normal -0 0 1
    outer loop
      vertex 0.241708 46.1425 20.5
      vertex 1.97442 45.4945 20.5
      vertex 0.517603 46.6587 20.5
    endloop
  endfacet
  facet normal -0 0 1
    outer loop
      vertex 3.575 1.65 20.5
      vertex 52 0.0144463 20.5
      vertex 52 1.65 20.5
    endloop
  endfacet
  facet normal 0 0 1
    outer loop
      vertex 3.575 1.65 20.5
      vertex 3 0.0144463 20.5
      vertex 52 0.0144463 20.5
    endloop
  endfacet
  facet normal 0 0 1
    outer loop
      vertex 3.19945 1.68699 20.5
      vertex 3 0.0144463 20.5
      vertex 3.575 1.65 20.5
    endloop
  endfacet
  facet normal 0 0 1
    outer loop
      vertex 2.41755 0.0718126 20.5
      vertex 3.19945 1.68699 20.5
      vertex 2.83834 1.79653 20.5
    endloop
  endfacet
  facet normal 0 0 1
    outer loop
      vertex 1.85748 0.241708 20.5
      vertex 2.83834 1.79653 20.5
      vertex 2.50553 1.97442 20.5
    endloop
  endfacet
  facet normal 0 0 1
    outer loop
      vertex 3.19945 1.68699 20.5
      vertex 2.41755 0.0718126 20.5
      vertex 3 0.0144463 20.5
    endloop
  endfacet
  facet normal 0 0 1
    outer loop
      vertex 1.34132 0.517603 20.5
      vertex 2.50553 1.97442 20.5
      vertex 2.21382 2.21382 20.5
    endloop
  endfacet
  facet normal 0 0 1
    outer loop
      vertex 0.517603 1.34132 20.5
      vertex 2.21382 2.21382 20.5
      vertex 1.97442 2.50553 20.5
    endloop
  endfacet
  facet normal 0 0 1
    outer loop
      vertex 2.83834 1.79653 20.5
      vertex 1.85748 0.241708 20.5
      vertex 2.41755 0.0718126 20.5
    endloop
  endfacet
  facet normal 0 0 1
    outer loop
      vertex 0.241708 1.85748 20.5
      vertex 1.97442 2.50553 20.5
      vertex 1.79653 2.83834 20.5
    endloop
  endfacet
  facet normal 0 0 1
    outer loop
      vertex 0.0718126 2.41755 20.5
      vertex 1.79653 2.83834 20.5
      vertex 1.68699 3.19945 20.5
    endloop
  endfacet
  facet normal 0 0 1
    outer loop
      vertex 0.0144463 3 20.5
      vertex 1.68699 3.19945 20.5
      vertex 1.65 3.575 20.5
    endloop
  endfacet
  facet normal 0 0 1
    outer loop
      vertex 2.50553 1.97442 20.5
      vertex 1.34132 0.517603 20.5
      vertex 1.85748 0.241708 20.5
    endloop
  endfacet
  facet normal 0 0 1
    outer loop
      vertex 1.65 44.425 20.5
      vertex 0.0144463 45 20.5
      vertex 1.65 3.575 20.5
    endloop
  endfacet
  facet normal -0 0 1
    outer loop
      vertex 0.0718126 45.5825 20.5
      vertex 1.79653 45.1617 20.5
      vertex 0.241708 46.1425 20.5
    endloop
  endfacet
  facet normal 0 0 1
    outer loop
      vertex 0.0144463 3 20.5
      vertex 1.65 3.575 20.5
      vertex 0.0144463 45 20.5
    endloop
  endfacet
  facet normal 0 0 1
    outer loop
      vertex 1.79653 45.1617 20.5
      vertex 0.0718126 45.5825 20.5
      vertex 1.68699 44.8005 20.5
    endloop
  endfacet
  facet normal 0 0 1
    outer loop
      vertex 1.68699 3.19945 20.5
      vertex 0.0144463 3 20.5
      vertex 0.0718126 2.41755 20.5
    endloop
  endfacet
  facet normal -0 0 1
    outer loop
      vertex 0.0144463 45 20.5
      vertex 1.68699 44.8005 20.5
      vertex 0.0718126 45.5825 20.5
    endloop
  endfacet
  facet normal 0 0 1
    outer loop
      vertex 2.21382 2.21382 20.5
      vertex 0.888895 0.888895 20.5
      vertex 1.34132 0.517603 20.5
    endloop
  endfacet
  facet normal 0 0 1
    outer loop
      vertex 1.68699 44.8005 20.5
      vertex 0.0144463 45 20.5
      vertex 1.65 44.425 20.5
    endloop
  endfacet
  facet normal 0 0 1
    outer loop
      vertex 2.21382 2.21382 20.5
      vertex 0.517603 1.34132 20.5
      vertex 0.888895 0.888895 20.5
    endloop
  endfacet
  facet normal 0 0 1
    outer loop
      vertex 1.97442 2.50553 20.5
      vertex 0.241708 1.85748 20.5
      vertex 0.517603 1.34132 20.5
    endloop
  endfacet
  facet normal 0 0 1
    outer loop
      vertex 1.79653 2.83834 20.5
      vertex 0.0718126 2.41755 20.5
      vertex 0.241708 1.85748 20.5
    endloop
  endfacet
  facet normal 0 0 1
    outer loop
      vertex 106.313 44.8005 20.5
      vertex 107.986 45 20.5
      vertex 107.928 45.5825 20.5
    endloop
  endfacet
  facet normal 0 0 1
    outer loop
      vertex 107.986 45 20.5
      vertex 106.35 44.425 20.5
      vertex 107.986 3 20.5
    endloop
  endfacet
  facet normal 0 0 1
    outer loop
      vertex 106.203 45.1617 20.5
      vertex 107.928 45.5825 20.5
      vertex 107.758 46.1425 20.5
    endloop
  endfacet
  facet normal -0 0 1
    outer loop
      vertex 106.35 3.575 20.5
      vertex 107.986 3 20.5
      vertex 106.35 44.425 20.5
    endloop
  endfacet
  facet normal 0 0 1
    outer loop
      vertex 106.026 45.4945 20.5
      vertex 107.758 46.1425 20.5
      vertex 107.482 46.6587 20.5
    endloop
  endfacet
  facet normal -0 0 1
    outer loop
      vertex 106.313 3.19945 20.5
      vertex 107.986 3 20.5
      vertex 106.35 3.575 20.5
    endloop
  endfacet
  facet normal 0 0 1
    outer loop
      vertex 105.786 45.7862 20.5
      vertex 107.482 46.6587 20.5
      vertex 107.111 47.1111 20.5
    endloop
  endfacet
  facet normal 0 0 1
    outer loop
      vertex 107.986 3 20.5
      vertex 106.313 3.19945 20.5
      vertex 107.928 2.41755 20.5
    endloop
  endfacet
  facet normal 0 0 1
    outer loop
      vertex 105.786 45.7862 20.5
      vertex 107.111 47.1111 20.5
      vertex 106.659 47.4824 20.5
    endloop
  endfacet
  facet normal -0 0 1
    outer loop
      vertex 106.203 2.83834 20.5
      vertex 107.928 2.41755 20.5
      vertex 106.313 3.19945 20.5
    endloop
  endfacet
  facet normal 0 0 1
    outer loop
      vertex 107.928 2.41755 20.5
      vertex 106.203 2.83834 20.5
      vertex 107.758 1.85748 20.5
    endloop
  endfacet
  facet normal 0 0 1
    outer loop
      vertex 107.986 45 20.5
      vertex 106.313 44.8005 20.5
      vertex 106.35 44.425 20.5
    endloop
  endfacet
  facet normal 0 0 1
    outer loop
      vertex 107.928 45.5825 20.5
      vertex 106.203 45.1617 20.5
      vertex 106.313 44.8005 20.5
    endloop
  endfacet
  facet normal 0 0 1
    outer loop
      vertex 105.494 46.0256 20.5
      vertex 106.659 47.4824 20.5
      vertex 106.143 47.7583 20.5
    endloop
  endfacet
  facet normal 0 0 1
    outer loop
      vertex 107.758 46.1425 20.5
      vertex 106.026 45.4945 20.5
      vertex 106.203 45.1617 20.5
    endloop
  endfacet
  facet normal 0 0 1
    outer loop
      vertex 107.482 46.6587 20.5
      vertex 105.786 45.7862 20.5
      vertex 106.026 45.4945 20.5
    endloop
  endfacet
  facet normal 0 0 1
    outer loop
      vertex 105.162 46.2035 20.5
      vertex 106.143 47.7583 20.5
      vertex 105.582 47.9282 20.5
    endloop
  endfacet
  facet normal 0 0 1
    outer loop
      vertex 106.659 47.4824 20.5
      vertex 105.494 46.0256 20.5
      vertex 105.786 45.7862 20.5
    endloop
  endfacet
  facet normal 0 0 1
    outer loop
      vertex 106.143 47.7583 20.5
      vertex 105.162 46.2035 20.5
      vertex 105.494 46.0256 20.5
    endloop
  endfacet
  facet normal 0 0 1
    outer loop
      vertex 104.801 46.313 20.5
      vertex 105.582 47.9282 20.5
      vertex 105 47.9856 20.5
    endloop
  endfacet
  facet normal 0 0 1
    outer loop
      vertex 105.582 47.9282 20.5
      vertex 104.801 46.313 20.5
      vertex 105.162 46.2035 20.5
    endloop
  endfacet
  facet normal 0 0 1
    outer loop
      vertex 105 47.9856 20.5
      vertex 104.425 46.35 20.5
      vertex 104.801 46.313 20.5
    endloop
  endfacet
  facet normal -0 0 1
    outer loop
      vertex 98 47.9856 20.5
      vertex 104.425 46.35 20.5
      vertex 105 47.9856 20.5
    endloop
  endfacet
  facet normal 0 0 1
    outer loop
      vertex 104.425 46.35 20.5
      vertex 98 47.9856 20.5
      vertex 98 46.35 20.5
    endloop
  endfacet
  facet normal -0 0 1
    outer loop
      vertex 106.026 2.50553 20.5
      vertex 107.758 1.85748 20.5
      vertex 106.203 2.83834 20.5
    endloop
  endfacet
  facet normal 0 0 1
    outer loop
      vertex 107.758 1.85748 20.5
      vertex 106.026 2.50553 20.5
      vertex 107.482 1.34132 20.5
    endloop
  endfacet
  facet normal -0 0 1
    outer loop
      vertex 105.786 2.21382 20.5
      vertex 107.482 1.34132 20.5
      vertex 106.026 2.50553 20.5
    endloop
  endfacet
  facet normal 0 0 1
    outer loop
      vertex 107.482 1.34132 20.5
      vertex 105.786 2.21382 20.5
      vertex 107.111 0.888895 20.5
    endloop
  endfacet
  facet normal 0 0 1
    outer loop
      vertex 107.111 0.888895 20.5
      vertex 105.786 2.21382 20.5
      vertex 106.659 0.517603 20.5
    endloop
  endfacet
  facet normal -0 0 1
    outer loop
      vertex 105.494 1.97442 20.5
      vertex 106.659 0.517603 20.5
      vertex 105.786 2.21382 20.5
    endloop
  endfacet
  facet normal 0 0 1
    outer loop
      vertex 106.659 0.517603 20.5
      vertex 105.494 1.97442 20.5
      vertex 106.143 0.241708 20.5
    endloop
  endfacet
  facet normal -0 0 1
    outer loop
      vertex 105.162 1.79653 20.5
      vertex 106.143 0.241708 20.5
      vertex 105.494 1.97442 20.5
    endloop
  endfacet
  facet normal 0 0 1
    outer loop
      vertex 106.143 0.241708 20.5
      vertex 105.162 1.79653 20.5
      vertex 105.582 0.0718126 20.5
    endloop
  endfacet
  facet normal -0 0 1
    outer loop
      vertex 104.801 1.68699 20.5
      vertex 105.582 0.0718126 20.5
      vertex 105.162 1.79653 20.5
    endloop
  endfacet
  facet normal 0 0 1
    outer loop
      vertex 105.582 0.0718126 20.5
      vertex 104.801 1.68699 20.5
      vertex 105 0.0144463 20.5
    endloop
  endfacet
  facet normal -0 0 1
    outer loop
      vertex 104.425 1.65 20.5
      vertex 105 0.0144463 20.5
      vertex 104.801 1.68699 20.5
    endloop
  endfacet
  facet normal 0 0 1
    outer loop
      vertex 98 0.0144463 20.5
      vertex 104.425 1.65 20.5
      vertex 98 1.65 20.5
    endloop
  endfacet
  facet normal 0 0 1
    outer loop
      vertex 104.425 1.65 20.5
      vertex 98 0.0144463 20.5
      vertex 105 0.0144463 20.5
    endloop
  endfacet
  facet normal -0 0 1
    outer loop
      vertex 64 1.65 20.5
      vertex 69 0.0144463 20.5
      vertex 69 1.65 20.5
    endloop
  endfacet
  facet normal 0 0 1
    outer loop
      vertex 69 0.0144463 20.5
      vertex 64 1.65 20.5
      vertex 64 0.0144463 20.5
    endloop
  endfacet
  facet normal -0 0 1
    outer loop
      vertex 81 1.65 20.5
      vertex 86 0.0144463 20.5
      vertex 86 1.65 20.5
    endloop
  endfacet
  facet normal 0 0 1
    outer loop
      vertex 86 0.0144463 20.5
      vertex 81 1.65 20.5
      vertex 81 0.0144463 20.5
    endloop
  endfacet
  facet normal -0 0 1
    outer loop
      vertex 64 47.9856 20.5
      vertex 69 46.35 20.5
      vertex 69 47.9856 20.5
    endloop
  endfacet
  facet normal 0 0 1
    outer loop
      vertex 69 46.35 20.5
      vertex 64 47.9856 20.5
      vertex 64 46.35 20.5
    endloop
  endfacet
  facet normal -0 0 1
    outer loop
      vertex 81 47.9856 20.5
      vertex 86 46.35 20.5
      vertex 86 47.9856 20.5
    endloop
  endfacet
  facet normal 0 0 1
    outer loop
      vertex 86 46.35 20.5
      vertex 81 47.9856 20.5
      vertex 81 46.35 20.5
    endloop
  endfacet
  facet normal -0 0 1
    outer loop
      vertex 60.4367 -0.0199995 20.5
      vertex 62.8861 -0.389999 20.5
      vertex 62.8861 -0.0199995 20.5
    endloop
  endfacet
  facet normal 0 0 1
    outer loop
      vertex 62.8861 -0.389999 20.5
      vertex 60.4367 -0.0199995 20.5
      vertex 60.4367 -0.389999 20.5
    endloop
  endfacet
  facet normal 0 0 1
    outer loop
      vertex 64 -0.0199995 20.5
      vertex 66.4648 0.0100002 20.5
      vertex 64 0.0100002 20.5
    endloop
  endfacet
  facet normal 0 0 1
    outer loop
      vertex 66.4648 0.0100002 20.5
      vertex 64 -0.0199995 20.5
      vertex 66.4648 -0.389999 20.5
    endloop
  endfacet
  facet normal 0 0 1
    outer loop
      vertex 63.454 -0.389999 20.5
      vertex 64 -0.0199995 20.5
      vertex 63.454 -0.0199995 20.5
    endloop
  endfacet
  facet normal 0 0 1
    outer loop
      vertex 64 -0.0199995 20.5
      vertex 63.454 -0.389999 20.5
      vertex 66.4648 -0.389999 20.5
    endloop
  endfacet
  facet normal 0 0 1
    outer loop
      vertex 69 0.0100002 20.5
      vertex 67.0727 0.0100002 20.5
      vertex 69 -0.0199995 20.5
    endloop
  endfacet
  facet normal -0 0 1
    outer loop
      vertex 69 -0.0199995 20.5
      vertex 69.6755 -0.389999 20.5
      vertex 69.6755 -0.0199995 20.5
    endloop
  endfacet
  facet normal 0 0 1
    outer loop
      vertex 67.0727 -0.389999 20.5
      vertex 69 -0.0199995 20.5
      vertex 67.0727 0.0100002 20.5
    endloop
  endfacet
  facet normal 0 0 1
    outer loop
      vertex 69 -0.0199995 20.5
      vertex 67.0727 -0.389999 20.5
      vertex 69.6755 -0.389999 20.5
    endloop
  endfacet
  facet normal -0 0 1
    outer loop
      vertex 72.5994 -0.0199995 20.5
      vertex 73.6494 -0.389999 20.5
      vertex 73.6494 -0.0199995 20.5
    endloop
  endfacet
  facet normal 0 0 1
    outer loop
      vertex 73.6494 -0.389999 20.5
      vertex 72.5994 -0.0199995 20.5
      vertex 72.5994 -0.389999 20.5
    endloop
  endfacet
  facet normal -0 0 1
    outer loop
      vertex 74.214 -0.0199995 20.5
      vertex 75.2325 -0.389999 20.5
      vertex 75.2325 -0.0199995 20.5
    endloop
  endfacet
  facet normal 0 0 1
    outer loop
      vertex 75.2325 -0.389999 20.5
      vertex 74.214 -0.0199995 20.5
      vertex 74.214 -0.389999 20.5
    endloop
  endfacet
  facet normal -0 0 1
    outer loop
      vertex 77.0986 -0.0199995 20.5
      vertex 77.614 -0.389999 20.5
      vertex 77.614 -0.0199995 20.5
    endloop
  endfacet
  facet normal 0 0 1
    outer loop
      vertex 77.614 -0.389999 20.5
      vertex 77.0986 -0.0199995 20.5
      vertex 77.0986 -0.389999 20.5
    endloop
  endfacet
  facet normal -0 0 1
    outer loop
      vertex 79.4307 -0.0199995 20.5
      vertex 79.9488 -0.389999 20.5
      vertex 79.9488 -0.0199995 20.5
    endloop
  endfacet
  facet normal 0 0 1
    outer loop
      vertex 79.9488 -0.389999 20.5
      vertex 79.4307 -0.0199995 20.5
      vertex 79.4307 -0.389999 20.5
    endloop
  endfacet
  facet normal -0 0 1
    outer loop
      vertex 81.9024 0.0100002 20.5
      vertex 82.4869 -0.389999 20.5
      vertex 82.4869 0.0100002 20.5
    endloop
  endfacet
  facet normal 0 0 1
    outer loop
      vertex 82.4869 -0.389999 20.5
      vertex 81.9024 0.0100002 20.5
      vertex 81.9024 -0.389999 20.5
    endloop
  endfacet
  facet normal -0 0 1
    outer loop
      vertex 83.4057 0.0100002 20.5
      vertex 83.9238 -0.389999 20.5
      vertex 83.9238 0.0100002 20.5
    endloop
  endfacet
  facet normal 0 0 1
    outer loop
      vertex 83.9238 -0.389999 20.5
      vertex 83.4057 0.0100002 20.5
      vertex 83.4057 -0.389999 20.5
    endloop
  endfacet
  facet normal -0 0 1
    outer loop
      vertex 84.8561 0.0100002 20.5
      vertex 85.3741 -0.389999 20.5
      vertex 85.3741 0.0100002 20.5
    endloop
  endfacet
  facet normal 0 0 1
    outer loop
      vertex 85.3741 -0.389999 20.5
      vertex 84.8561 0.0100002 20.5
      vertex 84.8561 -0.389999 20.5
    endloop
  endfacet
  facet normal -0.956941 -0.290281 0
    outer loop
      vertex 1.79653 2.83834 20.5
      vertex 1.68699 3.19945 26.5
      vertex 1.68699 3.19945 20.5
    endloop
  endfacet
  facet normal -0.956941 -0.290281 0
    outer loop
      vertex 1.68699 3.19945 26.5
      vertex 1.79653 2.83834 20.5
      vertex 1.79653 2.83834 26.5
    endloop
  endfacet
  facet normal -1 0 0
    outer loop
      vertex 1.65 3.575 20.5
      vertex 1.65 44.425 26.5
      vertex 1.65 44.425 20.5
    endloop
  endfacet
  facet normal -1 -0 0
    outer loop
      vertex 1.65 44.425 26.5
      vertex 1.65 3.575 20.5
      vertex 1.65 3.575 26.5
    endloop
  endfacet
  facet normal 0.99518 0.0980604 0
    outer loop
      vertex 106.35 44.425 26.5
      vertex 106.313 44.8005 20.5
      vertex 106.313 44.8005 26.5
    endloop
  endfacet
  facet normal 0.99518 0.0980604 0
    outer loop
      vertex 106.313 44.8005 20.5
      vertex 106.35 44.425 26.5
      vertex 106.35 44.425 20.5
    endloop
  endfacet
  facet normal -0.995184 -0.0980212 0
    outer loop
      vertex 1.68699 3.19945 20.5
      vertex 1.65 3.575 26.5
      vertex 1.65 3.575 20.5
    endloop
  endfacet
  facet normal -0.995184 -0.0980212 0
    outer loop
      vertex 1.65 3.575 26.5
      vertex 1.68699 3.19945 20.5
      vertex 1.68699 3.19945 26.5
    endloop
  endfacet
  facet normal 0 1 -0
    outer loop
      vertex 69 46.35 20.5
      vertex 64 46.35 23
      vertex 69 46.35 23
    endloop
  endfacet
  facet normal 0 1 0
    outer loop
      vertex 64 46.35 23
      vertex 69 46.35 20.5
      vertex 64 46.35 20.5
    endloop
  endfacet
  facet normal 0 1 0
    outer loop
      vertex 81 46.35 20.5
      vertex 84 46.35 23.5148
      vertex 86 46.35 20.5
    endloop
  endfacet
  facet normal 0 1 0
    outer loop
      vertex 84 46.35 23.5148
      vertex 81 46.35 20.5
      vertex 81 46.35 23
    endloop
  endfacet
  facet normal 0 1 0
    outer loop
      vertex 69 46.35 23
      vertex 72 46.35 26.4852
      vertex 72 46.35 23.5148
    endloop
  endfacet
  facet normal 0 1 0
    outer loop
      vertex 52 46.35 23
      vertex 72 46.35 26.4852
      vertex 64 46.35 23
    endloop
  endfacet
  facet normal 0 1 0
    outer loop
      vertex 104.425 46.35 26.5
      vertex 84 46.35 26.4852
      vertex 3.575 46.35 26.5
    endloop
  endfacet
  facet normal 0 1 -0
    outer loop
      vertex 98 46.35 23
      vertex 84 46.35 26.4852
      vertex 104.425 46.35 26.5
    endloop
  endfacet
  facet normal 0 1 -0
    outer loop
      vertex 81 46.35 23
      vertex 72 46.35 23.5148
      vertex 84 46.35 23.5148
    endloop
  endfacet
  facet normal 0 1 0
    outer loop
      vertex 72 46.35 26.4852
      vertex 52 46.35 23
      vertex 36 46.35 26.4852
    endloop
  endfacet
  facet normal 0 1 0
    outer loop
      vertex 84 46.35 26.4852
      vertex 86 46.35 23
      vertex 84 46.35 23.5148
    endloop
  endfacet
  facet normal 0 1 0
    outer loop
      vertex 84 46.35 26.4852
      vertex 98 46.35 23
      vertex 86 46.35 23
    endloop
  endfacet
  facet normal 0 1 -0
    outer loop
      vertex 104.425 46.35 20.5
      vertex 98 46.35 23
      vertex 104.425 46.35 26.5
    endloop
  endfacet
  facet normal 0 1 0
    outer loop
      vertex 98 46.35 23
      vertex 104.425 46.35 20.5
      vertex 98 46.35 20.5
    endloop
  endfacet
  facet normal 0 1 -0
    outer loop
      vertex 72 46.35 26.4852
      vertex 3.575 46.35 26.5
      vertex 84 46.35 26.4852
    endloop
  endfacet
  facet normal 0 1 -0
    outer loop
      vertex 36 46.35 26.4852
      vertex 3.575 46.35 26.5
      vertex 72 46.35 26.4852
    endloop
  endfacet
  facet normal 0 1 -0
    outer loop
      vertex 24 46.35 26.4852
      vertex 3.575 46.35 26.5
      vertex 36 46.35 26.4852
    endloop
  endfacet
  facet normal 0 1 -0
    outer loop
      vertex 24 46.35 23.5148
      vertex 3.575 46.35 26.5
      vertex 24 46.35 26.4852
    endloop
  endfacet
  facet normal 0 1 -0
    outer loop
      vertex 86 46.35 20.5
      vertex 84 46.35 23.5148
      vertex 86 46.35 23
    endloop
  endfacet
  facet normal 0 1 0
    outer loop
      vertex 72 46.35 23.5148
      vertex 81 46.35 23
      vertex 69 46.35 23
    endloop
  endfacet
  facet normal 0 1 0
    outer loop
      vertex 72 46.35 26.4852
      vertex 69 46.35 23
      vertex 64 46.35 23
    endloop
  endfacet
  facet normal 0 1 0
    outer loop
      vertex 36 46.35 26.4852
      vertex 52 46.35 23
      vertex 36 46.35 23.5148
    endloop
  endfacet
  facet normal 0 1 -0
    outer loop
      vertex 52 46.35 20.5
      vertex 36 46.35 23.5148
      vertex 52 46.35 23
    endloop
  endfacet
  facet normal 0 1 0
    outer loop
      vertex 36 46.35 23.5148
      vertex 52 46.35 20.5
      vertex 24 46.35 23.5148
    endloop
  endfacet
  facet normal 0 1 0
    outer loop
      vertex 24 46.35 23.5148
      vertex 3.575 46.35 20.5
      vertex 3.575 46.35 26.5
    endloop
  endfacet
  facet normal 0 1 0
    outer loop
      vertex 3.575 46.35 20.5
      vertex 24 46.35 23.5148
      vertex 52 46.35 20.5
    endloop
  endfacet
  facet normal 0.472289 -0.881444 0
    outer loop
      vertex 105.162 1.79653 20.5
      vertex 105.494 1.97442 26.5
      vertex 105.162 1.79653 26.5
    endloop
  endfacet
  facet normal 0.472289 -0.881444 0
    outer loop
      vertex 105.494 1.97442 26.5
      vertex 105.162 1.79653 20.5
      vertex 105.494 1.97442 20.5
    endloop
  endfacet
  facet normal 1 -0 0
    outer loop
      vertex 106.35 3.575 26.5
      vertex 106.35 44.425 20.5
      vertex 106.35 44.425 26.5
    endloop
  endfacet
  facet normal 1 0 0
    outer loop
      vertex 106.35 44.425 20.5
      vertex 106.35 3.575 26.5
      vertex 106.35 3.575 20.5
    endloop
  endfacet
  facet normal 0 -1 0
    outer loop
      vertex 86 1.65 20.5
      vertex 84 1.65 23.5148
      vertex 81 1.65 20.5
    endloop
  endfacet
  facet normal 0 -1 0
    outer loop
      vertex 84 1.65 23.5148
      vertex 86 1.65 20.5
      vertex 86 1.65 23
    endloop
  endfacet
  facet normal 0 -1 0
    outer loop
      vertex 64 1.65 20.5
      vertex 69 1.65 23
      vertex 64 1.65 23
    endloop
  endfacet
  facet normal 0 -1 -0
    outer loop
      vertex 69 1.65 23
      vertex 64 1.65 20.5
      vertex 69 1.65 20.5
    endloop
  endfacet
  facet normal 0 -1 0
    outer loop
      vertex 52 1.65 23
      vertex 36 1.65 26.4852
      vertex 36 1.65 23.5148
    endloop
  endfacet
  facet normal 0 -1 0
    outer loop
      vertex 36 1.65 26.4852
      vertex 52 1.65 23
      vertex 72 1.65 26.4852
    endloop
  endfacet
  facet normal 0 -1 0
    outer loop
      vertex 3.575 1.65 26.5
      vertex 24 1.65 26.4852
      vertex 104.425 1.65 26.5
    endloop
  endfacet
  facet normal 0 -1 0
    outer loop
      vertex 3.575 1.65 26.5
      vertex 24 1.65 23.5148
      vertex 24 1.65 26.4852
    endloop
  endfacet
  facet normal 0 -1 0
    outer loop
      vertex 52 1.65 20.5
      vertex 36 1.65 23.5148
      vertex 24 1.65 23.5148
    endloop
  endfacet
  facet normal 0 -1 0
    outer loop
      vertex 64 1.65 23
      vertex 72 1.65 26.4852
      vertex 52 1.65 23
    endloop
  endfacet
  facet normal 0 -1 0
    outer loop
      vertex 69 1.65 23
      vertex 72 1.65 26.4852
      vertex 64 1.65 23
    endloop
  endfacet
  facet normal 0 -1 0
    outer loop
      vertex 3.575 1.65 20.5
      vertex 24 1.65 23.5148
      vertex 3.575 1.65 26.5
    endloop
  endfacet
  facet normal 0 -1 0
    outer loop
      vertex 52 1.65 20.5
      vertex 24 1.65 23.5148
      vertex 3.575 1.65 20.5
    endloop
  endfacet
  facet normal 0 -1 0
    outer loop
      vertex 36 1.65 23.5148
      vertex 52 1.65 20.5
      vertex 52 1.65 23
    endloop
  endfacet
  facet normal 0 -1 0
    outer loop
      vertex 36 1.65 26.4852
      vertex 104.425 1.65 26.5
      vertex 24 1.65 26.4852
    endloop
  endfacet
  facet normal 0 -1 0
    outer loop
      vertex 72 1.65 26.4852
      vertex 104.425 1.65 26.5
      vertex 36 1.65 26.4852
    endloop
  endfacet
  facet normal 0 -1 0
    outer loop
      vertex 84 1.65 26.4852
      vertex 104.425 1.65 26.5
      vertex 72 1.65 26.4852
    endloop
  endfacet
  facet normal 0 -1 0
    outer loop
      vertex 86 1.65 23
      vertex 84 1.65 26.4852
      vertex 84 1.65 23.5148
    endloop
  endfacet
  facet normal 0 -1 -0
    outer loop
      vertex 72 1.65 26.4852
      vertex 69 1.65 23
      vertex 72 1.65 23.5148
    endloop
  endfacet
  facet normal 0 -1 0
    outer loop
      vertex 81 1.65 23
      vertex 72 1.65 23.5148
      vertex 69 1.65 23
    endloop
  endfacet
  facet normal 0 -1 0
    outer loop
      vertex 72 1.65 23.5148
      vertex 81 1.65 23
      vertex 84 1.65 23.5148
    endloop
  endfacet
  facet normal 0 -1 0
    outer loop
      vertex 81 1.65 20.5
      vertex 84 1.65 23.5148
      vertex 81 1.65 23
    endloop
  endfacet
  facet normal 0 -1 0
    outer loop
      vertex 98 1.65 23
      vertex 84 1.65 26.4852
      vertex 86 1.65 23
    endloop
  endfacet
  facet normal 0 -1 0
    outer loop
      vertex 84 1.65 26.4852
      vertex 98 1.65 23
      vertex 104.425 1.65 26.5
    endloop
  endfacet
  facet normal 0 -1 0
    outer loop
      vertex 104.425 1.65 20.5
      vertex 98 1.65 23
      vertex 98 1.65 20.5
    endloop
  endfacet
  facet normal 0 -1 0
    outer loop
      vertex 98 1.65 23
      vertex 104.425 1.65 20.5
      vertex 104.425 1.65 26.5
    endloop
  endfacet
  facet normal 0.47231 0.881433 -0
    outer loop
      vertex 105.494 46.0256 20.5
      vertex 105.162 46.2035 26.5
      vertex 105.494 46.0256 26.5
    endloop
  endfacet
  facet normal 0.47231 0.881433 0
    outer loop
      vertex 105.162 46.2035 26.5
      vertex 105.494 46.0256 20.5
      vertex 105.162 46.2035 20.5
    endloop
  endfacet
  facet normal -0.290184 0.956971 0
    outer loop
      vertex 3.19945 46.313 20.5
      vertex 2.83834 46.2035 26.5
      vertex 3.19945 46.313 26.5
    endloop
  endfacet
  facet normal -0.290184 0.956971 0
    outer loop
      vertex 2.83834 46.2035 26.5
      vertex 3.19945 46.313 20.5
      vertex 2.83834 46.2035 20.5
    endloop
  endfacet
  facet normal -0.0980475 0.995182 0
    outer loop
      vertex 3.575 46.35 20.5
      vertex 3.19945 46.313 26.5
      vertex 3.575 46.35 26.5
    endloop
  endfacet
  facet normal -0.0980475 0.995182 0
    outer loop
      vertex 3.19945 46.313 26.5
      vertex 3.575 46.35 20.5
      vertex 3.19945 46.313 20.5
    endloop
  endfacet
  facet normal -0.995183 0.0980341 0
    outer loop
      vertex 1.65 44.425 20.5
      vertex 1.68699 44.8005 26.5
      vertex 1.68699 44.8005 20.5
    endloop
  endfacet
  facet normal -0.995183 0.0980341 0
    outer loop
      vertex 1.68699 44.8005 26.5
      vertex 1.65 44.425 20.5
      vertex 1.65 44.425 26.5
    endloop
  endfacet
  facet normal -0.773 0.634406 0
    outer loop
      vertex 1.97442 45.4945 20.5
      vertex 2.21382 45.7862 26.5
      vertex 2.21382 45.7862 20.5
    endloop
  endfacet
  facet normal -0.773 0.634406 0
    outer loop
      vertex 2.21382 45.7862 26.5
      vertex 1.97442 45.4945 20.5
      vertex 1.97442 45.4945 26.5
    endloop
  endfacet
  facet normal -0.773011 -0.634393 0
    outer loop
      vertex 2.21382 2.21382 20.5
      vertex 1.97442 2.50553 26.5
      vertex 1.97442 2.50553 20.5
    endloop
  endfacet
  facet normal -0.773011 -0.634393 0
    outer loop
      vertex 1.97442 2.50553 26.5
      vertex 2.21382 2.21382 20.5
      vertex 2.21382 2.21382 26.5
    endloop
  endfacet
  facet normal 0.097905 -0.995196 0
    outer loop
      vertex 104.425 1.65 20.5
      vertex 104.801 1.68699 26.5
      vertex 104.425 1.65 26.5
    endloop
  endfacet
  facet normal 0.097905 -0.995196 0
    outer loop
      vertex 104.801 1.68699 26.5
      vertex 104.425 1.65 20.5
      vertex 104.801 1.68699 20.5
    endloop
  endfacet
  facet normal 0.772221 0.635355 0
    outer loop
      vertex 106.026 45.4945 26.5
      vertex 105.786 45.7862 20.5
      vertex 105.786 45.7862 26.5
    endloop
  endfacet
  facet normal 0.772221 0.635355 0
    outer loop
      vertex 105.786 45.7862 20.5
      vertex 106.026 45.4945 26.5
      vertex 106.026 45.4945 20.5
    endloop
  endfacet
  facet normal -0.881916 0.471406 0
    outer loop
      vertex 1.79653 45.1617 20.5
      vertex 1.97442 45.4945 26.5
      vertex 1.97442 45.4945 20.5
    endloop
  endfacet
  facet normal -0.881916 0.471406 0
    outer loop
      vertex 1.97442 45.4945 26.5
      vertex 1.79653 45.1617 20.5
      vertex 1.79653 45.1617 26.5
    endloop
  endfacet
  facet normal -0.956962 0.290215 0
    outer loop
      vertex 1.68699 44.8005 20.5
      vertex 1.79653 45.1617 26.5
      vertex 1.79653 45.1617 20.5
    endloop
  endfacet
  facet normal -0.956962 0.290215 0
    outer loop
      vertex 1.79653 45.1617 26.5
      vertex 1.68699 44.8005 20.5
      vertex 1.68699 44.8005 26.5
    endloop
  endfacet
  facet normal -0.634393 0.773011 0
    outer loop
      vertex 2.50553 46.0256 20.5
      vertex 2.21382 45.7862 26.5
      vertex 2.50553 46.0256 26.5
    endloop
  endfacet
  facet normal -0.634393 0.773011 0
    outer loop
      vertex 2.21382 45.7862 26.5
      vertex 2.50553 46.0256 20.5
      vertex 2.21382 45.7862 20.5
    endloop
  endfacet
  facet normal 0.772231 -0.635342 0
    outer loop
      vertex 105.786 2.21382 26.5
      vertex 106.026 2.50553 20.5
      vertex 106.026 2.50553 26.5
    endloop
  endfacet
  facet normal 0.772231 -0.635342 0
    outer loop
      vertex 106.026 2.50553 20.5
      vertex 105.786 2.21382 26.5
      vertex 105.786 2.21382 20.5
    endloop
  endfacet
  facet normal 0.995182 -0.0980475 0
    outer loop
      vertex 106.313 3.19945 26.5
      vertex 106.35 3.575 20.5
      vertex 106.35 3.575 26.5
    endloop
  endfacet
  facet normal 0.995182 -0.0980475 0
    outer loop
      vertex 106.35 3.575 20.5
      vertex 106.313 3.19945 26.5
      vertex 106.313 3.19945 20.5
    endloop
  endfacet
  facet normal 0.882902 -0.469558 0
    outer loop
      vertex 106.026 2.50553 26.5
      vertex 106.203 2.83834 20.5
      vertex 106.203 2.83834 26.5
    endloop
  endfacet
  facet normal 0.882902 -0.469558 0
    outer loop
      vertex 106.203 2.83834 20.5
      vertex 106.026 2.50553 26.5
      vertex 106.026 2.50553 20.5
    endloop
  endfacet
  facet normal -0.471395 -0.881922 0
    outer loop
      vertex 2.50553 1.97442 20.5
      vertex 2.83834 1.79653 26.5
      vertex 2.50553 1.97442 26.5
    endloop
  endfacet
  facet normal -0.471395 -0.881922 -0
    outer loop
      vertex 2.83834 1.79653 26.5
      vertex 2.50553 1.97442 20.5
      vertex 2.83834 1.79653 20.5
    endloop
  endfacet
  facet normal -0.0980212 -0.995184 0
    outer loop
      vertex 3.19945 1.68699 20.5
      vertex 3.575 1.65 26.5
      vertex 3.19945 1.68699 26.5
    endloop
  endfacet
  facet normal -0.0980212 -0.995184 -0
    outer loop
      vertex 3.575 1.65 26.5
      vertex 3.19945 1.68699 20.5
      vertex 3.575 1.65 20.5
    endloop
  endfacet
  facet normal -0.634393 -0.773011 0
    outer loop
      vertex 2.21382 2.21382 20.5
      vertex 2.50553 1.97442 26.5
      vertex 2.21382 2.21382 26.5
    endloop
  endfacet
  facet normal -0.634393 -0.773011 -0
    outer loop
      vertex 2.50553 1.97442 26.5
      vertex 2.21382 2.21382 20.5
      vertex 2.50553 1.97442 20.5
    endloop
  endfacet
  facet normal -0.881922 -0.471395 0
    outer loop
      vertex 1.97442 2.50553 20.5
      vertex 1.79653 2.83834 26.5
      vertex 1.79653 2.83834 20.5
    endloop
  endfacet
  facet normal -0.881922 -0.471395 0
    outer loop
      vertex 1.79653 2.83834 26.5
      vertex 1.97442 2.50553 20.5
      vertex 1.97442 2.50553 26.5
    endloop
  endfacet
  facet normal 0.290362 -0.956917 0
    outer loop
      vertex 104.801 1.68699 20.5
      vertex 105.162 1.79653 26.5
      vertex 104.801 1.68699 26.5
    endloop
  endfacet
  facet normal 0.290362 -0.956917 0
    outer loop
      vertex 105.162 1.79653 26.5
      vertex 104.801 1.68699 20.5
      vertex 105.162 1.79653 20.5
    endloop
  endfacet
  facet normal 0.634016 0.77332 -0
    outer loop
      vertex 105.786 45.7862 20.5
      vertex 105.494 46.0256 26.5
      vertex 105.786 45.7862 26.5
    endloop
  endfacet
  facet normal 0.634016 0.77332 0
    outer loop
      vertex 105.494 46.0256 26.5
      vertex 105.786 45.7862 20.5
      vertex 105.494 46.0256 20.5
    endloop
  endfacet
  facet normal 0.0979312 0.995193 -0
    outer loop
      vertex 104.801 46.313 20.5
      vertex 104.425 46.35 26.5
      vertex 104.801 46.313 26.5
    endloop
  endfacet
  facet normal 0.0979312 0.995193 0
    outer loop
      vertex 104.425 46.35 26.5
      vertex 104.801 46.313 20.5
      vertex 104.425 46.35 20.5
    endloop
  endfacet
  facet normal 0.290265 0.956946 -0
    outer loop
      vertex 105.162 46.2035 20.5
      vertex 104.801 46.313 26.5
      vertex 105.162 46.2035 26.5
    endloop
  endfacet
  facet normal 0.290265 0.956946 0
    outer loop
      vertex 104.801 46.313 26.5
      vertex 105.162 46.2035 20.5
      vertex 104.801 46.313 20.5
    endloop
  endfacet
  facet normal 0.882896 0.469569 0
    outer loop
      vertex 106.203 45.1617 26.5
      vertex 106.026 45.4945 20.5
      vertex 106.026 45.4945 26.5
    endloop
  endfacet
  facet normal 0.882896 0.469569 0
    outer loop
      vertex 106.026 45.4945 20.5
      vertex 106.203 45.1617 26.5
      vertex 106.203 45.1617 20.5
    endloop
  endfacet
  facet normal -0.471416 0.881911 0
    outer loop
      vertex 2.83834 46.2035 20.5
      vertex 2.50553 46.0256 26.5
      vertex 2.83834 46.2035 26.5
    endloop
  endfacet
  facet normal -0.471416 0.881911 0
    outer loop
      vertex 2.50553 46.0256 26.5
      vertex 2.83834 46.2035 20.5
      vertex 2.50553 46.0256 20.5
    endloop
  endfacet
  facet normal 0.634016 -0.77332 0
    outer loop
      vertex 105.494 1.97442 20.5
      vertex 105.786 2.21382 26.5
      vertex 105.494 1.97442 26.5
    endloop
  endfacet
  facet normal 0.634016 -0.77332 0
    outer loop
      vertex 105.786 2.21382 26.5
      vertex 105.494 1.97442 20.5
      vertex 105.786 2.21382 20.5
    endloop
  endfacet
  facet normal 0.956602 -0.291397 0
    outer loop
      vertex 106.203 2.83834 26.5
      vertex 106.313 3.19945 20.5
      vertex 106.313 3.19945 26.5
    endloop
  endfacet
  facet normal 0.956602 -0.291397 0
    outer loop
      vertex 106.313 3.19945 20.5
      vertex 106.203 2.83834 26.5
      vertex 106.203 2.83834 20.5
    endloop
  endfacet
  facet normal -0.290281 -0.956941 0
    outer loop
      vertex 2.83834 1.79653 20.5
      vertex 3.19945 1.68699 26.5
      vertex 2.83834 1.79653 26.5
    endloop
  endfacet
  facet normal -0.290281 -0.956941 -0
    outer loop
      vertex 3.19945 1.68699 26.5
      vertex 2.83834 1.79653 20.5
      vertex 3.19945 1.68699 20.5
    endloop
  endfacet
  facet normal 0.956623 0.29133 0
    outer loop
      vertex 106.313 44.8005 26.5
      vertex 106.203 45.1617 20.5
      vertex 106.203 45.1617 26.5
    endloop
  endfacet
  facet normal 0.956623 0.29133 0
    outer loop
      vertex 106.203 45.1617 20.5
      vertex 106.313 44.8005 26.5
      vertex 106.313 44.8005 20.5
    endloop
  endfacet
  facet normal 0 0 1
    outer loop
      vertex 104.919 44.3808 26.5
      vertex 106.35 44.425 26.5
      vertex 106.313 44.8005 26.5
    endloop
  endfacet
  facet normal 0 0 1
    outer loop
      vertex 106.35 44.425 26.5
      vertex 104.995 44 26.5
      vertex 106.35 3.575 26.5
    endloop
  endfacet
  facet normal 0 0 1
    outer loop
      vertex 104.919 44.3808 26.5
      vertex 106.313 44.8005 26.5
      vertex 106.203 45.1617 26.5
    endloop
  endfacet
  facet normal -0 0 1
    outer loop
      vertex 104.995 4 26.5
      vertex 106.35 3.575 26.5
      vertex 104.995 44 26.5
    endloop
  endfacet
  facet normal 0 0 1
    outer loop
      vertex 104.827 44.5529 26.5
      vertex 106.203 45.1617 26.5
      vertex 106.026 45.4945 26.5
    endloop
  endfacet
  facet normal -0 0 1
    outer loop
      vertex 104.976 3.80585 26.5
      vertex 106.35 3.575 26.5
      vertex 104.995 4 26.5
    endloop
  endfacet
  facet normal 0 0 1
    outer loop
      vertex 104.704 44.7037 26.5
      vertex 106.026 45.4945 26.5
      vertex 105.786 45.7862 26.5
    endloop
  endfacet
  facet normal -0 0 1
    outer loop
      vertex 104.919 3.61916 26.5
      vertex 106.35 3.575 26.5
      vertex 104.976 3.80585 26.5
    endloop
  endfacet
  facet normal 0 0 1
    outer loop
      vertex 104.704 44.7037 26.5
      vertex 105.786 45.7862 26.5
      vertex 105.494 46.0256 26.5
    endloop
  endfacet
  facet normal 0 0 1
    outer loop
      vertex 106.35 3.575 26.5
      vertex 104.919 3.61916 26.5
      vertex 106.313 3.19945 26.5
    endloop
  endfacet
  facet normal 0 0 1
    outer loop
      vertex 104.553 44.8275 26.5
      vertex 105.494 46.0256 26.5
      vertex 105.162 46.2035 26.5
    endloop
  endfacet
  facet normal 0 0 1
    outer loop
      vertex 106.313 3.19945 26.5
      vertex 104.919 3.61916 26.5
      vertex 106.203 2.83834 26.5
    endloop
  endfacet
  facet normal -0 0 1
    outer loop
      vertex 104.827 3.44711 26.5
      vertex 106.203 2.83834 26.5
      vertex 104.919 3.61916 26.5
    endloop
  endfacet
  facet normal 0 0 1
    outer loop
      vertex 106.35 44.425 26.5
      vertex 104.976 44.1941 26.5
      vertex 104.995 44 26.5
    endloop
  endfacet
  facet normal 0 0 1
    outer loop
      vertex 106.35 44.425 26.5
      vertex 104.919 44.3808 26.5
      vertex 104.976 44.1941 26.5
    endloop
  endfacet
  facet normal 0 0 1
    outer loop
      vertex 106.203 45.1617 26.5
      vertex 104.827 44.5529 26.5
      vertex 104.919 44.3808 26.5
    endloop
  endfacet
  facet normal 0 0 1
    outer loop
      vertex 104.381 44.9194 26.5
      vertex 105.162 46.2035 26.5
      vertex 104.801 46.313 26.5
    endloop
  endfacet
  facet normal 0 0 1
    outer loop
      vertex 106.026 45.4945 26.5
      vertex 104.704 44.7037 26.5
      vertex 104.827 44.5529 26.5
    endloop
  endfacet
  facet normal 0 0 1
    outer loop
      vertex 105.494 46.0256 26.5
      vertex 104.553 44.8275 26.5
      vertex 104.704 44.7037 26.5
    endloop
  endfacet
  facet normal 0 0 1
    outer loop
      vertex 104.381 44.9194 26.5
      vertex 104.801 46.313 26.5
      vertex 104.425 46.35 26.5
    endloop
  endfacet
  facet normal 0 0 1
    outer loop
      vertex 105.162 46.2035 26.5
      vertex 104.381 44.9194 26.5
      vertex 104.553 44.8275 26.5
    endloop
  endfacet
  facet normal 0 0 1
    outer loop
      vertex 104.425 46.35 26.5
      vertex 104.194 44.9761 26.5
      vertex 104.381 44.9194 26.5
    endloop
  endfacet
  facet normal 0 0 1
    outer loop
      vertex 104.425 46.35 26.5
      vertex 104 44.9952 26.5
      vertex 104.194 44.9761 26.5
    endloop
  endfacet
  facet normal 0 0 1
    outer loop
      vertex 104.425 46.35 26.5
      vertex 4 44.9952 26.5
      vertex 104 44.9952 26.5
    endloop
  endfacet
  facet normal -0 0 1
    outer loop
      vertex 3.575 46.35 26.5
      vertex 4 44.9952 26.5
      vertex 104.425 46.35 26.5
    endloop
  endfacet
  facet normal 0 0 1
    outer loop
      vertex 3.575 46.35 26.5
      vertex 3.80585 44.9761 26.5
      vertex 4 44.9952 26.5
    endloop
  endfacet
  facet normal 0 0 1
    outer loop
      vertex 3.575 46.35 26.5
      vertex 3.61916 44.9194 26.5
      vertex 3.80585 44.9761 26.5
    endloop
  endfacet
  facet normal -0 0 1
    outer loop
      vertex 3.19945 46.313 26.5
      vertex 3.61916 44.9194 26.5
      vertex 3.575 46.35 26.5
    endloop
  endfacet
  facet normal -0 0 1
    outer loop
      vertex 2.83834 46.2035 26.5
      vertex 3.61916 44.9194 26.5
      vertex 3.19945 46.313 26.5
    endloop
  endfacet
  facet normal 0 0 1
    outer loop
      vertex 3.61916 44.9194 26.5
      vertex 2.83834 46.2035 26.5
      vertex 3.44711 44.8275 26.5
    endloop
  endfacet
  facet normal -0 0 1
    outer loop
      vertex 2.50553 46.0256 26.5
      vertex 3.44711 44.8275 26.5
      vertex 2.83834 46.2035 26.5
    endloop
  endfacet
  facet normal 0 0 1
    outer loop
      vertex 3.44711 44.8275 26.5
      vertex 2.50553 46.0256 26.5
      vertex 3.2963 44.7037 26.5
    endloop
  endfacet
  facet normal -0 0 1
    outer loop
      vertex 2.21382 45.7862 26.5
      vertex 3.2963 44.7037 26.5
      vertex 2.50553 46.0256 26.5
    endloop
  endfacet
  facet normal -0 0 1
    outer loop
      vertex 1.97442 45.4945 26.5
      vertex 3.2963 44.7037 26.5
      vertex 2.21382 45.7862 26.5
    endloop
  endfacet
  facet normal -0 0 1
    outer loop
      vertex 1.79653 45.1617 26.5
      vertex 3.17253 44.5529 26.5
      vertex 1.97442 45.4945 26.5
    endloop
  endfacet
  facet normal 0 0 1
    outer loop
      vertex 3.2963 44.7037 26.5
      vertex 1.97442 45.4945 26.5
      vertex 3.17253 44.5529 26.5
    endloop
  endfacet
  facet normal 0 0 1
    outer loop
      vertex 106.203 2.83834 26.5
      vertex 104.827 3.44711 26.5
      vertex 106.026 2.50553 26.5
    endloop
  endfacet
  facet normal -0 0 1
    outer loop
      vertex 104.704 3.2963 26.5
      vertex 106.026 2.50553 26.5
      vertex 104.827 3.44711 26.5
    endloop
  endfacet
  facet normal 0 0 1
    outer loop
      vertex 106.026 2.50553 26.5
      vertex 104.704 3.2963 26.5
      vertex 105.786 2.21382 26.5
    endloop
  endfacet
  facet normal 0 0 1
    outer loop
      vertex 105.786 2.21382 26.5
      vertex 104.704 3.2963 26.5
      vertex 105.494 1.97442 26.5
    endloop
  endfacet
  facet normal -0 0 1
    outer loop
      vertex 104.553 3.17253 26.5
      vertex 105.494 1.97442 26.5
      vertex 104.704 3.2963 26.5
    endloop
  endfacet
  facet normal 0 0 1
    outer loop
      vertex 105.494 1.97442 26.5
      vertex 104.553 3.17253 26.5
      vertex 105.162 1.79653 26.5
    endloop
  endfacet
  facet normal -0 0 1
    outer loop
      vertex 104.381 3.08057 26.5
      vertex 105.162 1.79653 26.5
      vertex 104.553 3.17253 26.5
    endloop
  endfacet
  facet normal 0 0 1
    outer loop
      vertex 105.162 1.79653 26.5
      vertex 104.381 3.08057 26.5
      vertex 104.801 1.68699 26.5
    endloop
  endfacet
  facet normal 0 0 1
    outer loop
      vertex 104.801 1.68699 26.5
      vertex 104.381 3.08057 26.5
      vertex 104.425 1.65 26.5
    endloop
  endfacet
  facet normal -0 0 1
    outer loop
      vertex 104.194 3.02394 26.5
      vertex 104.425 1.65 26.5
      vertex 104.381 3.08057 26.5
    endloop
  endfacet
  facet normal -0 0 1
    outer loop
      vertex 104 3.00482 26.5
      vertex 104.425 1.65 26.5
      vertex 104.194 3.02394 26.5
    endloop
  endfacet
  facet normal -0 0 1
    outer loop
      vertex 4 3.00482 26.5
      vertex 104.425 1.65 26.5
      vertex 104 3.00482 26.5
    endloop
  endfacet
  facet normal 0 0 1
    outer loop
      vertex 4 3.00482 26.5
      vertex 3.575 1.65 26.5
      vertex 104.425 1.65 26.5
    endloop
  endfacet
  facet normal 0 0 1
    outer loop
      vertex 3.80585 3.02394 26.5
      vertex 3.575 1.65 26.5
      vertex 4 3.00482 26.5
    endloop
  endfacet
  facet normal 0 0 1
    outer loop
      vertex 3.61916 3.08057 26.5
      vertex 3.575 1.65 26.5
      vertex 3.80585 3.02394 26.5
    endloop
  endfacet
  facet normal 0 0 1
    outer loop
      vertex 2.83834 1.79653 26.5
      vertex 3.61916 3.08057 26.5
      vertex 3.44711 3.17253 26.5
    endloop
  endfacet
  facet normal 0 0 1
    outer loop
      vertex 2.50553 1.97442 26.5
      vertex 3.44711 3.17253 26.5
      vertex 3.2963 3.2963 26.5
    endloop
  endfacet
  facet normal 0 0 1
    outer loop
      vertex 3.61916 3.08057 26.5
      vertex 3.19945 1.68699 26.5
      vertex 3.575 1.65 26.5
    endloop
  endfacet
  facet normal 0 0 1
    outer loop
      vertex 1.97442 2.50553 26.5
      vertex 3.2963 3.2963 26.5
      vertex 3.17253 3.44711 26.5
    endloop
  endfacet
  facet normal 0 0 1
    outer loop
      vertex 1.79653 2.83834 26.5
      vertex 3.17253 3.44711 26.5
      vertex 3.08057 3.61916 26.5
    endloop
  endfacet
  facet normal 0 0 1
    outer loop
      vertex 1.65 3.575 26.5
      vertex 3.08057 3.61916 26.5
      vertex 3.02394 3.80585 26.5
    endloop
  endfacet
  facet normal 0 0 1
    outer loop
      vertex 1.65 3.575 26.5
      vertex 3.02394 3.80585 26.5
      vertex 3.00482 4 26.5
    endloop
  endfacet
  facet normal 0 0 1
    outer loop
      vertex 3.61916 3.08057 26.5
      vertex 2.83834 1.79653 26.5
      vertex 3.19945 1.68699 26.5
    endloop
  endfacet
  facet normal 0 0 1
    outer loop
      vertex 3.00482 44 26.5
      vertex 1.65 44.425 26.5
      vertex 3.00482 4 26.5
    endloop
  endfacet
  facet normal 0 0 1
    outer loop
      vertex 3.17253 44.5529 26.5
      vertex 1.79653 45.1617 26.5
      vertex 3.08057 44.3808 26.5
    endloop
  endfacet
  facet normal 0 0 1
    outer loop
      vertex 1.65 3.575 26.5
      vertex 3.00482 4 26.5
      vertex 1.65 44.425 26.5
    endloop
  endfacet
  facet normal -0 0 1
    outer loop
      vertex 1.68699 44.8005 26.5
      vertex 3.08057 44.3808 26.5
      vertex 1.79653 45.1617 26.5
    endloop
  endfacet
  facet normal 0 0 1
    outer loop
      vertex 3.08057 3.61916 26.5
      vertex 1.65 3.575 26.5
      vertex 1.68699 3.19945 26.5
    endloop
  endfacet
  facet normal -0 0 1
    outer loop
      vertex 1.65 44.425 26.5
      vertex 3.08057 44.3808 26.5
      vertex 1.68699 44.8005 26.5
    endloop
  endfacet
  facet normal 0 0 1
    outer loop
      vertex 3.44711 3.17253 26.5
      vertex 2.50553 1.97442 26.5
      vertex 2.83834 1.79653 26.5
    endloop
  endfacet
  facet normal 0 0 1
    outer loop
      vertex 3.08057 44.3808 26.5
      vertex 1.65 44.425 26.5
      vertex 3.02394 44.1941 26.5
    endloop
  endfacet
  facet normal 0 0 1
    outer loop
      vertex 3.2963 3.2963 26.5
      vertex 2.21382 2.21382 26.5
      vertex 2.50553 1.97442 26.5
    endloop
  endfacet
  facet normal 0 0 1
    outer loop
      vertex 3.02394 44.1941 26.5
      vertex 1.65 44.425 26.5
      vertex 3.00482 44 26.5
    endloop
  endfacet
  facet normal 0 0 1
    outer loop
      vertex 3.2963 3.2963 26.5
      vertex 1.97442 2.50553 26.5
      vertex 2.21382 2.21382 26.5
    endloop
  endfacet
  facet normal 0 0 1
    outer loop
      vertex 3.17253 3.44711 26.5
      vertex 1.79653 2.83834 26.5
      vertex 1.97442 2.50553 26.5
    endloop
  endfacet
  facet normal 0 0 1
    outer loop
      vertex 3.08057 3.61916 26.5
      vertex 1.68699 3.19945 26.5
      vertex 1.79653 2.83834 26.5
    endloop
  endfacet
  facet normal 0 0.0981899 -0.995168
    outer loop
      vertex 24 1.5 23.5
      vertex 36 1.65 23.5148
      vertex 36 1.5 23.5
    endloop
  endfacet
  facet normal 0 0.0981899 -0.995168
    outer loop
      vertex 36 1.65 23.5148
      vertex 24 1.5 23.5
      vertex 24 1.65 23.5148
    endloop
  endfacet
  facet normal -0 0.0981899 0.995168
    outer loop
      vertex 24 1.65 26.4852
      vertex 36 1.5 26.5
      vertex 36 1.65 26.4852
    endloop
  endfacet
  facet normal 0 0.0981899 0.995168
    outer loop
      vertex 36 1.5 26.5
      vertex 24 1.65 26.4852
      vertex 24 1.5 26.5
    endloop
  endfacet
  facet normal -1 0 0
    outer loop
      vertex 24 1.20736 23.5288
      vertex 24 1.65 23.5148
      vertex 24 1.5 23.5
    endloop
  endfacet
  facet normal -1 0 0
    outer loop
      vertex 24 0.925975 23.6142
      vertex 24 1.65 23.5148
      vertex 24 1.20736 23.5288
    endloop
  endfacet
  facet normal -1 0 0
    outer loop
      vertex 24 1.65 23.5148
      vertex 24 0.925975 23.6142
      vertex 24 1.65 26.4852
    endloop
  endfacet
  facet normal -1 -0 0
    outer loop
      vertex 24 1.65 26.4852
      vertex 24 1.20736 26.4712
      vertex 24 1.5 26.5
    endloop
  endfacet
  facet normal -1 0 0
    outer loop
      vertex 24 0.925975 26.3858
      vertex 24 1.65 26.4852
      vertex 24 0.925975 23.6142
    endloop
  endfacet
  facet normal -1 0 0
    outer loop
      vertex 24 1.65 26.4852
      vertex 24 0.925975 26.3858
      vertex 24 1.20736 26.4712
    endloop
  endfacet
  facet normal -1 0 0
    outer loop
      vertex 24 0.666644 23.7528
      vertex 24 0.925975 26.3858
      vertex 24 0.925975 23.6142
    endloop
  endfacet
  facet normal -1 0 0
    outer loop
      vertex 24 0.666644 23.7528
      vertex 24 0.666644 26.2472
      vertex 24 0.925975 26.3858
    endloop
  endfacet
  facet normal -1 0 0
    outer loop
      vertex 24 0.43934 23.9393
      vertex 24 0.666644 26.2472
      vertex 24 0.666644 23.7528
    endloop
  endfacet
  facet normal -1 0 0
    outer loop
      vertex 24 0.43934 23.9393
      vertex 24 0.43934 26.0607
      vertex 24 0.666644 26.2472
    endloop
  endfacet
  facet normal -1 0 0
    outer loop
      vertex 24 0.252795 24.1666
      vertex 24 0.43934 26.0607
      vertex 24 0.43934 23.9393
    endloop
  endfacet
  facet normal -1 0 0
    outer loop
      vertex 24 0.252795 24.1666
      vertex 24 0.252795 25.8334
      vertex 24 0.43934 26.0607
    endloop
  endfacet
  facet normal -1 0 0
    outer loop
      vertex 24 0.114181 24.426
      vertex 24 0.252795 25.8334
      vertex 24 0.252795 24.1666
    endloop
  endfacet
  facet normal -1 0 0
    outer loop
      vertex 24 0.114181 24.426
      vertex 24 0.114181 25.574
      vertex 24 0.252795 25.8334
    endloop
  endfacet
  facet normal -1 0 0
    outer loop
      vertex 24 0.0288219 24.7074
      vertex 24 0.114181 25.574
      vertex 24 0.114181 24.426
    endloop
  endfacet
  facet normal -1 0 0
    outer loop
      vertex 24 0.0288219 24.7074
      vertex 24 0.0288219 25.2926
      vertex 24 0.114181 25.574
    endloop
  endfacet
  facet normal -1 0 -0
    outer loop
      vertex 24 0.0288219 25.2926
      vertex 24 0.0288219 24.7074
      vertex 24 0 25
    endloop
  endfacet
  facet normal 0 -0.471356 -0.881943
    outer loop
      vertex 24 0.666644 23.7528
      vertex 36 0.925975 23.6142
      vertex 36 0.666644 23.7528
    endloop
  endfacet
  facet normal -0 -0.471356 -0.881943
    outer loop
      vertex 36 0.925975 23.6142
      vertex 24 0.666644 23.7528
      vertex 24 0.925975 23.6142
    endloop
  endfacet
  facet normal 0 -0.0979413 -0.995192
    outer loop
      vertex 24 1.20736 23.5288
      vertex 36 1.5 23.5
      vertex 36 1.20736 23.5288
    endloop
  endfacet
  facet normal -0 -0.0979413 -0.995192
    outer loop
      vertex 36 1.5 23.5
      vertex 24 1.20736 23.5288
      vertex 24 1.5 23.5
    endloop
  endfacet
  facet normal 0 -0.290418 0.9569
    outer loop
      vertex 24 1.20736 26.4712
      vertex 36 0.925975 26.3858
      vertex 36 1.20736 26.4712
    endloop
  endfacet
  facet normal 0 -0.290418 0.9569
    outer loop
      vertex 36 0.925975 26.3858
      vertex 24 1.20736 26.4712
      vertex 24 0.925975 26.3858
    endloop
  endfacet
  facet normal 0 -0.773003 -0.634403
    outer loop
      vertex 24 0.43934 23.9393
      vertex 36 0.252795 24.1666
      vertex 24 0.252795 24.1666
    endloop
  endfacet
  facet normal 0 -0.773003 -0.634403
    outer loop
      vertex 36 0.252795 24.1666
      vertex 24 0.43934 23.9393
      vertex 36 0.43934 23.9393
    endloop
  endfacet
  facet normal 0 -0.290418 -0.9569
    outer loop
      vertex 24 0.925975 23.6142
      vertex 36 1.20736 23.5288
      vertex 36 0.925975 23.6142
    endloop
  endfacet
  facet normal -0 -0.290418 -0.9569
    outer loop
      vertex 36 1.20736 23.5288
      vertex 24 0.925975 23.6142
      vertex 24 1.20736 23.5288
    endloop
  endfacet
  facet normal 0 -0.956943 0.290276
    outer loop
      vertex 24 0.0288219 25.2926
      vertex 36 0.114181 25.574
      vertex 24 0.114181 25.574
    endloop
  endfacet
  facet normal 0 -0.956943 0.290276
    outer loop
      vertex 36 0.114181 25.574
      vertex 24 0.0288219 25.2926
      vertex 36 0.0288219 25.2926
    endloop
  endfacet
  facet normal 0 -0.471356 0.881943
    outer loop
      vertex 24 0.925975 26.3858
      vertex 36 0.666644 26.2472
      vertex 36 0.925975 26.3858
    endloop
  endfacet
  facet normal 0 -0.471356 0.881943
    outer loop
      vertex 36 0.666644 26.2472
      vertex 24 0.925975 26.3858
      vertex 24 0.666644 26.2472
    endloop
  endfacet
  facet normal 0 -0.956943 -0.290276
    outer loop
      vertex 24 0.114181 24.426
      vertex 36 0.0288219 24.7074
      vertex 24 0.0288219 24.7074
    endloop
  endfacet
  facet normal 0 -0.956943 -0.290276
    outer loop
      vertex 36 0.0288219 24.7074
      vertex 24 0.114181 24.426
      vertex 36 0.114181 24.426
    endloop
  endfacet
  facet normal 0 -0.634305 -0.773083
    outer loop
      vertex 24 0.43934 23.9393
      vertex 36 0.666644 23.7528
      vertex 36 0.43934 23.9393
    endloop
  endfacet
  facet normal -0 -0.634305 -0.773083
    outer loop
      vertex 36 0.666644 23.7528
      vertex 24 0.43934 23.9393
      vertex 24 0.666644 23.7528
    endloop
  endfacet
  facet normal 0 -0.995184 -0.0980283
    outer loop
      vertex 24 0.0288219 24.7074
      vertex 36 0 25
      vertex 24 0 25
    endloop
  endfacet
  facet normal 0 -0.995184 -0.0980283
    outer loop
      vertex 36 0 25
      vertex 24 0.0288219 24.7074
      vertex 36 0.0288219 24.7074
    endloop
  endfacet
  facet normal 0 -0.995184 0.0980283
    outer loop
      vertex 24 0 25
      vertex 36 0.0288219 25.2926
      vertex 24 0.0288219 25.2926
    endloop
  endfacet
  facet normal 0 -0.995184 0.0980283
    outer loop
      vertex 36 0.0288219 25.2926
      vertex 24 0 25
      vertex 36 0 25
    endloop
  endfacet
  facet normal 1 0 0
    outer loop
      vertex 36 1.20736 26.4712
      vertex 36 1.65 26.4852
      vertex 36 1.5 26.5
    endloop
  endfacet
  facet normal 1 0 0
    outer loop
      vertex 36 0.925975 26.3858
      vertex 36 1.65 26.4852
      vertex 36 1.20736 26.4712
    endloop
  endfacet
  facet normal 1 0 0
    outer loop
      vertex 36 1.65 26.4852
      vertex 36 0.925975 26.3858
      vertex 36 1.65 23.5148
    endloop
  endfacet
  facet normal 1 0 0
    outer loop
      vertex 36 1.65 23.5148
      vertex 36 1.20736 23.5288
      vertex 36 1.5 23.5
    endloop
  endfacet
  facet normal 1 -0 0
    outer loop
      vertex 36 0.925975 23.6142
      vertex 36 1.65 23.5148
      vertex 36 0.925975 26.3858
    endloop
  endfacet
  facet normal 1 0 0
    outer loop
      vertex 36 1.65 23.5148
      vertex 36 0.925975 23.6142
      vertex 36 1.20736 23.5288
    endloop
  endfacet
  facet normal 1 -0 0
    outer loop
      vertex 36 0.666644 26.2472
      vertex 36 0.925975 23.6142
      vertex 36 0.925975 26.3858
    endloop
  endfacet
  facet normal 1 0 0
    outer loop
      vertex 36 0.666644 26.2472
      vertex 36 0.666644 23.7528
      vertex 36 0.925975 23.6142
    endloop
  endfacet
  facet normal 1 -0 0
    outer loop
      vertex 36 0.43934 26.0607
      vertex 36 0.666644 23.7528
      vertex 36 0.666644 26.2472
    endloop
  endfacet
  facet normal 1 0 0
    outer loop
      vertex 36 0.43934 26.0607
      vertex 36 0.43934 23.9393
      vertex 36 0.666644 23.7528
    endloop
  endfacet
  facet normal 1 -0 0
    outer loop
      vertex 36 0.252795 25.8334
      vertex 36 0.43934 23.9393
      vertex 36 0.43934 26.0607
    endloop
  endfacet
  facet normal 1 0 0
    outer loop
      vertex 36 0.252795 25.8334
      vertex 36 0.252795 24.1666
      vertex 36 0.43934 23.9393
    endloop
  endfacet
  facet normal 1 -0 0
    outer loop
      vertex 36 0.114181 25.574
      vertex 36 0.252795 24.1666
      vertex 36 0.252795 25.8334
    endloop
  endfacet
  facet normal 1 0 0
    outer loop
      vertex 36 0.114181 25.574
      vertex 36 0.114181 24.426
      vertex 36 0.252795 24.1666
    endloop
  endfacet
  facet normal 1 -0 0
    outer loop
      vertex 36 0.0288219 25.2926
      vertex 36 0.114181 24.426
      vertex 36 0.114181 25.574
    endloop
  endfacet
  facet normal 1 0 0
    outer loop
      vertex 36 0.0288219 25.2926
      vertex 36 0.0288219 24.7074
      vertex 36 0.114181 24.426
    endloop
  endfacet
  facet normal 1 0 -0
    outer loop
      vertex 36 0.0288219 24.7074
      vertex 36 0.0288219 25.2926
      vertex 36 0 25
    endloop
  endfacet
  facet normal 0 -0.881975 0.471296
    outer loop
      vertex 24 0.114181 25.574
      vertex 36 0.252795 25.8334
      vertex 24 0.252795 25.8334
    endloop
  endfacet
  facet normal 0 -0.881975 0.471296
    outer loop
      vertex 36 0.252795 25.8334
      vertex 24 0.114181 25.574
      vertex 36 0.114181 25.574
    endloop
  endfacet
  facet normal 0 -0.773003 0.634403
    outer loop
      vertex 24 0.252795 25.8334
      vertex 36 0.43934 26.0607
      vertex 24 0.43934 26.0607
    endloop
  endfacet
  facet normal 0 -0.773003 0.634403
    outer loop
      vertex 36 0.43934 26.0607
      vertex 24 0.252795 25.8334
      vertex 36 0.252795 25.8334
    endloop
  endfacet
  facet normal 0 -0.634305 0.773083
    outer loop
      vertex 24 0.666644 26.2472
      vertex 36 0.43934 26.0607
      vertex 36 0.666644 26.2472
    endloop
  endfacet
  facet normal 0 -0.634305 0.773083
    outer loop
      vertex 36 0.43934 26.0607
      vertex 24 0.666644 26.2472
      vertex 24 0.43934 26.0607
    endloop
  endfacet
  facet normal 0 -0.0979413 0.995192
    outer loop
      vertex 24 1.5 26.5
      vertex 36 1.20736 26.4712
      vertex 36 1.5 26.5
    endloop
  endfacet
  facet normal 0 -0.0979413 0.995192
    outer loop
      vertex 36 1.20736 26.4712
      vertex 24 1.5 26.5
      vertex 24 1.20736 26.4712
    endloop
  endfacet
  facet normal 0 -0.881975 -0.471296
    outer loop
      vertex 24 0.252795 24.1666
      vertex 36 0.114181 24.426
      vertex 24 0.114181 24.426
    endloop
  endfacet
  facet normal 0 -0.881975 -0.471296
    outer loop
      vertex 36 0.114181 24.426
      vertex 24 0.252795 24.1666
      vertex 36 0.252795 24.1666
    endloop
  endfacet
  facet normal 0 -0.0979413 -0.995192
    outer loop
      vertex 72 1.20736 23.5288
      vertex 84 1.5 23.5
      vertex 84 1.20736 23.5288
    endloop
  endfacet
  facet normal -0 -0.0979413 -0.995192
    outer loop
      vertex 84 1.5 23.5
      vertex 72 1.20736 23.5288
      vertex 72 1.5 23.5
    endloop
  endfacet
  facet normal 0 -0.956943 -0.290276
    outer loop
      vertex 72 0.114181 24.426
      vertex 84 0.0288219 24.7074
      vertex 72 0.0288219 24.7074
    endloop
  endfacet
  facet normal 0 -0.956943 -0.290276
    outer loop
      vertex 84 0.0288219 24.7074
      vertex 72 0.114181 24.426
      vertex 84 0.114181 24.426
    endloop
  endfacet
  facet normal -0 0.0981899 0.995168
    outer loop
      vertex 72 1.65 26.4852
      vertex 84 1.5 26.5
      vertex 84 1.65 26.4852
    endloop
  endfacet
  facet normal 0 0.0981899 0.995168
    outer loop
      vertex 84 1.5 26.5
      vertex 72 1.65 26.4852
      vertex 72 1.5 26.5
    endloop
  endfacet
  facet normal 0 0.0981899 -0.995168
    outer loop
      vertex 72 1.5 23.5
      vertex 84 1.65 23.5148
      vertex 84 1.5 23.5
    endloop
  endfacet
  facet normal 0 0.0981899 -0.995168
    outer loop
      vertex 84 1.65 23.5148
      vertex 72 1.5 23.5
      vertex 72 1.65 23.5148
    endloop
  endfacet
  facet normal 0 -0.290418 -0.9569
    outer loop
      vertex 72 0.925975 23.6142
      vertex 84 1.20736 23.5288
      vertex 84 0.925975 23.6142
    endloop
  endfacet
  facet normal -0 -0.290418 -0.9569
    outer loop
      vertex 84 1.20736 23.5288
      vertex 72 0.925975 23.6142
      vertex 72 1.20736 23.5288
    endloop
  endfacet
  facet normal 0 -0.0979413 0.995192
    outer loop
      vertex 72 1.5 26.5
      vertex 84 1.20736 26.4712
      vertex 84 1.5 26.5
    endloop
  endfacet
  facet normal 0 -0.0979413 0.995192
    outer loop
      vertex 84 1.20736 26.4712
      vertex 72 1.5 26.5
      vertex 72 1.20736 26.4712
    endloop
  endfacet
  facet normal 0 -0.773003 -0.634403
    outer loop
      vertex 72 0.43934 23.9393
      vertex 84 0.252795 24.1666
      vertex 72 0.252795 24.1666
    endloop
  endfacet
  facet normal 0 -0.773003 -0.634403
    outer loop
      vertex 84 0.252795 24.1666
      vertex 72 0.43934 23.9393
      vertex 84 0.43934 23.9393
    endloop
  endfacet
  facet normal 0 -0.471356 -0.881943
    outer loop
      vertex 72 0.666644 23.7528
      vertex 84 0.925975 23.6142
      vertex 84 0.666644 23.7528
    endloop
  endfacet
  facet normal -0 -0.471356 -0.881943
    outer loop
      vertex 84 0.925975 23.6142
      vertex 72 0.666644 23.7528
      vertex 72 0.925975 23.6142
    endloop
  endfacet
  facet normal 0 -0.995184 -0.0980283
    outer loop
      vertex 72 0.0288219 24.7074
      vertex 84 0 25
      vertex 72 0 25
    endloop
  endfacet
  facet normal 0 -0.995184 -0.0980283
    outer loop
      vertex 84 0 25
      vertex 72 0.0288219 24.7074
      vertex 84 0.0288219 24.7074
    endloop
  endfacet
  facet normal 1 0 0
    outer loop
      vertex 84 1.20736 26.4712
      vertex 84 1.65 26.4852
      vertex 84 1.5 26.5
    endloop
  endfacet
  facet normal 1 0 0
    outer loop
      vertex 84 0.925975 26.3858
      vertex 84 1.65 26.4852
      vertex 84 1.20736 26.4712
    endloop
  endfacet
  facet normal 1 0 0
    outer loop
      vertex 84 1.65 26.4852
      vertex 84 0.925975 26.3858
      vertex 84 1.65 23.5148
    endloop
  endfacet
  facet normal 1 0 0
    outer loop
      vertex 84 1.65 23.5148
      vertex 84 1.20736 23.5288
      vertex 84 1.5 23.5
    endloop
  endfacet
  facet normal 1 -0 0
    outer loop
      vertex 84 0.925975 23.6142
      vertex 84 1.65 23.5148
      vertex 84 0.925975 26.3858
    endloop
  endfacet
  facet normal 1 0 0
    outer loop
      vertex 84 1.65 23.5148
      vertex 84 0.925975 23.6142
      vertex 84 1.20736 23.5288
    endloop
  endfacet
  facet normal 1 -0 0
    outer loop
      vertex 84 0.666644 26.2472
      vertex 84 0.925975 23.6142
      vertex 84 0.925975 26.3858
    endloop
  endfacet
  facet normal 1 0 0
    outer loop
      vertex 84 0.666644 26.2472
      vertex 84 0.666644 23.7528
      vertex 84 0.925975 23.6142
    endloop
  endfacet
  facet normal 1 -0 0
    outer loop
      vertex 84 0.43934 26.0607
      vertex 84 0.666644 23.7528
      vertex 84 0.666644 26.2472
    endloop
  endfacet
  facet normal 1 0 0
    outer loop
      vertex 84 0.43934 26.0607
      vertex 84 0.43934 23.9393
      vertex 84 0.666644 23.7528
    endloop
  endfacet
  facet normal 1 -0 0
    outer loop
      vertex 84 0.252795 25.8334
      vertex 84 0.43934 23.9393
      vertex 84 0.43934 26.0607
    endloop
  endfacet
  facet normal 1 0 0
    outer loop
      vertex 84 0.252795 25.8334
      vertex 84 0.252795 24.1666
      vertex 84 0.43934 23.9393
    endloop
  endfacet
  facet normal 1 -0 0
    outer loop
      vertex 84 0.114181 25.574
      vertex 84 0.252795 24.1666
      vertex 84 0.252795 25.8334
    endloop
  endfacet
  facet normal 1 0 0
    outer loop
      vertex 84 0.114181 25.574
      vertex 84 0.114181 24.426
      vertex 84 0.252795 24.1666
    endloop
  endfacet
  facet normal 1 -0 0
    outer loop
      vertex 84 0.0288219 25.2926
      vertex 84 0.114181 24.426
      vertex 84 0.114181 25.574
    endloop
  endfacet
  facet normal 1 0 0
    outer loop
      vertex 84 0.0288219 25.2926
      vertex 84 0.0288219 24.7074
      vertex 84 0.114181 24.426
    endloop
  endfacet
  facet normal 1 0 -0
    outer loop
      vertex 84 0.0288219 24.7074
      vertex 84 0.0288219 25.2926
      vertex 84 0 25
    endloop
  endfacet
  facet normal 0 -0.634305 0.773083
    outer loop
      vertex 72 0.666644 26.2472
      vertex 84 0.43934 26.0607
      vertex 84 0.666644 26.2472
    endloop
  endfacet
  facet normal 0 -0.634305 0.773083
    outer loop
      vertex 84 0.43934 26.0607
      vertex 72 0.666644 26.2472
      vertex 72 0.43934 26.0607
    endloop
  endfacet
  facet normal 0 -0.881975 -0.471296
    outer loop
      vertex 72 0.252795 24.1666
      vertex 84 0.114181 24.426
      vertex 72 0.114181 24.426
    endloop
  endfacet
  facet normal 0 -0.881975 -0.471296
    outer loop
      vertex 84 0.114181 24.426
      vertex 72 0.252795 24.1666
      vertex 84 0.252795 24.1666
    endloop
  endfacet
  facet normal 0 -0.995184 0.0980283
    outer loop
      vertex 72 0 25
      vertex 84 0.0288219 25.2926
      vertex 72 0.0288219 25.2926
    endloop
  endfacet
  facet normal 0 -0.995184 0.0980283
    outer loop
      vertex 84 0.0288219 25.2926
      vertex 72 0 25
      vertex 84 0 25
    endloop
  endfacet
  facet normal -1 0 0
    outer loop
      vertex 72 1.20736 23.5288
      vertex 72 1.65 23.5148
      vertex 72 1.5 23.5
    endloop
  endfacet
  facet normal -1 0 0
    outer loop
      vertex 72 0.925975 23.6142
      vertex 72 1.65 23.5148
      vertex 72 1.20736 23.5288
    endloop
  endfacet
  facet normal -1 0 0
    outer loop
      vertex 72 1.65 23.5148
      vertex 72 0.925975 23.6142
      vertex 72 1.65 26.4852
    endloop
  endfacet
  facet normal -1 -0 0
    outer loop
      vertex 72 1.65 26.4852
      vertex 72 1.20736 26.4712
      vertex 72 1.5 26.5
    endloop
  endfacet
  facet normal -1 0 0
    outer loop
      vertex 72 0.925975 26.3858
      vertex 72 1.65 26.4852
      vertex 72 0.925975 23.6142
    endloop
  endfacet
  facet normal -1 0 0
    outer loop
      vertex 72 1.65 26.4852
      vertex 72 0.925975 26.3858
      vertex 72 1.20736 26.4712
    endloop
  endfacet
  facet normal -1 0 0
    outer loop
      vertex 72 0.666644 23.7528
      vertex 72 0.925975 26.3858
      vertex 72 0.925975 23.6142
    endloop
  endfacet
  facet normal -1 0 0
    outer loop
      vertex 72 0.666644 23.7528
      vertex 72 0.666644 26.2472
      vertex 72 0.925975 26.3858
    endloop
  endfacet
  facet normal -1 0 0
    outer loop
      vertex 72 0.43934 23.9393
      vertex 72 0.666644 26.2472
      vertex 72 0.666644 23.7528
    endloop
  endfacet
  facet normal -1 0 0
    outer loop
      vertex 72 0.43934 23.9393
      vertex 72 0.43934 26.0607
      vertex 72 0.666644 26.2472
    endloop
  endfacet
  facet normal -1 0 0
    outer loop
      vertex 72 0.252795 24.1666
      vertex 72 0.43934 26.0607
      vertex 72 0.43934 23.9393
    endloop
  endfacet
  facet normal -1 0 0
    outer loop
      vertex 72 0.252795 24.1666
      vertex 72 0.252795 25.8334
      vertex 72 0.43934 26.0607
    endloop
  endfacet
  facet normal -1 0 0
    outer loop
      vertex 72 0.114181 24.426
      vertex 72 0.252795 25.8334
      vertex 72 0.252795 24.1666
    endloop
  endfacet
  facet normal -1 0 0
    outer loop
      vertex 72 0.114181 24.426
      vertex 72 0.114181 25.574
      vertex 72 0.252795 25.8334
    endloop
  endfacet
  facet normal -1 0 0
    outer loop
      vertex 72 0.0288219 24.7074
      vertex 72 0.114181 25.574
      vertex 72 0.114181 24.426
    endloop
  endfacet
  facet normal -1 0 0
    outer loop
      vertex 72 0.0288219 24.7074
      vertex 72 0.0288219 25.2926
      vertex 72 0.114181 25.574
    endloop
  endfacet
  facet normal -1 0 -0
    outer loop
      vertex 72 0.0288219 25.2926
      vertex 72 0.0288219 24.7074
      vertex 72 0 25
    endloop
  endfacet
  facet normal 0 -0.956943 0.290276
    outer loop
      vertex 72 0.0288219 25.2926
      vertex 84 0.114181 25.574
      vertex 72 0.114181 25.574
    endloop
  endfacet
  facet normal 0 -0.956943 0.290276
    outer loop
      vertex 84 0.114181 25.574
      vertex 72 0.0288219 25.2926
      vertex 84 0.0288219 25.2926
    endloop
  endfacet
  facet normal 0 -0.881975 0.471296
    outer loop
      vertex 72 0.114181 25.574
      vertex 84 0.252795 25.8334
      vertex 72 0.252795 25.8334
    endloop
  endfacet
  facet normal 0 -0.881975 0.471296
    outer loop
      vertex 84 0.252795 25.8334
      vertex 72 0.114181 25.574
      vertex 84 0.114181 25.574
    endloop
  endfacet
  facet normal 0 -0.290418 0.9569
    outer loop
      vertex 72 1.20736 26.4712
      vertex 84 0.925975 26.3858
      vertex 84 1.20736 26.4712
    endloop
  endfacet
  facet normal 0 -0.290418 0.9569
    outer loop
      vertex 84 0.925975 26.3858
      vertex 72 1.20736 26.4712
      vertex 72 0.925975 26.3858
    endloop
  endfacet
  facet normal 0 -0.471356 0.881943
    outer loop
      vertex 72 0.925975 26.3858
      vertex 84 0.666644 26.2472
      vertex 84 0.925975 26.3858
    endloop
  endfacet
  facet normal 0 -0.471356 0.881943
    outer loop
      vertex 84 0.666644 26.2472
      vertex 72 0.925975 26.3858
      vertex 72 0.666644 26.2472
    endloop
  endfacet
  facet normal 0 -0.773003 0.634403
    outer loop
      vertex 72 0.252795 25.8334
      vertex 84 0.43934 26.0607
      vertex 72 0.43934 26.0607
    endloop
  endfacet
  facet normal 0 -0.773003 0.634403
    outer loop
      vertex 84 0.43934 26.0607
      vertex 72 0.252795 25.8334
      vertex 84 0.252795 25.8334
    endloop
  endfacet
  facet normal 0 -0.634305 -0.773083
    outer loop
      vertex 72 0.43934 23.9393
      vertex 84 0.666644 23.7528
      vertex 84 0.43934 23.9393
    endloop
  endfacet
  facet normal -0 -0.634305 -0.773083
    outer loop
      vertex 84 0.666644 23.7528
      vertex 72 0.43934 23.9393
      vertex 72 0.666644 23.7528
    endloop
  endfacet
  facet normal 0 0.634311 -0.773078
    outer loop
      vertex 24 47.3334 23.7528
      vertex 36 47.5607 23.9393
      vertex 36 47.3334 23.7528
    endloop
  endfacet
  facet normal 0 0.634311 -0.773078
    outer loop
      vertex 36 47.5607 23.9393
      vertex 24 47.3334 23.7528
      vertex 24 47.5607 23.9393
    endloop
  endfacet
  facet normal 0 0.956904 -0.290404
    outer loop
      vertex 36 47.8858 24.426
      vertex 24 47.9712 24.7074
      vertex 36 47.9712 24.7074
    endloop
  endfacet
  facet normal 0 0.956904 -0.290404
    outer loop
      vertex 24 47.9712 24.7074
      vertex 36 47.8858 24.426
      vertex 24 47.8858 24.426
    endloop
  endfacet
  facet normal 0 0.881995 -0.471259
    outer loop
      vertex 36 47.7472 24.1666
      vertex 24 47.8858 24.426
      vertex 36 47.8858 24.426
    endloop
  endfacet
  facet normal 0 0.881995 -0.471259
    outer loop
      vertex 24 47.8858 24.426
      vertex 36 47.7472 24.1666
      vertex 24 47.7472 24.1666
    endloop
  endfacet
  facet normal 0 0.956904 0.290404
    outer loop
      vertex 36 47.9712 25.2926
      vertex 24 47.8858 25.574
      vertex 36 47.8858 25.574
    endloop
  endfacet
  facet normal 0 0.956904 0.290404
    outer loop
      vertex 24 47.8858 25.574
      vertex 36 47.9712 25.2926
      vertex 24 47.9712 25.2926
    endloop
  endfacet
  facet normal -0 0.471259 0.881995
    outer loop
      vertex 24 47.3334 26.2472
      vertex 36 47.074 26.3858
      vertex 36 47.3334 26.2472
    endloop
  endfacet
  facet normal 0 0.471259 0.881995
    outer loop
      vertex 36 47.074 26.3858
      vertex 24 47.3334 26.2472
      vertex 24 47.074 26.3858
    endloop
  endfacet
  facet normal 0 -0.0981899 -0.995168
    outer loop
      vertex 24 46.35 23.5148
      vertex 36 46.5 23.5
      vertex 36 46.35 23.5148
    endloop
  endfacet
  facet normal -0 -0.0981899 -0.995168
    outer loop
      vertex 36 46.5 23.5
      vertex 24 46.35 23.5148
      vertex 24 46.5 23.5
    endloop
  endfacet
  facet normal 0 0.290404 -0.956904
    outer loop
      vertex 24 46.7926 23.5288
      vertex 36 47.074 23.6142
      vertex 36 46.7926 23.5288
    endloop
  endfacet
  facet normal 0 0.290404 -0.956904
    outer loop
      vertex 36 47.074 23.6142
      vertex 24 46.7926 23.5288
      vertex 24 47.074 23.6142
    endloop
  endfacet
  facet normal 0 0.471259 -0.881995
    outer loop
      vertex 24 47.074 23.6142
      vertex 36 47.3334 23.7528
      vertex 36 47.074 23.6142
    endloop
  endfacet
  facet normal 0 0.471259 -0.881995
    outer loop
      vertex 36 47.3334 23.7528
      vertex 24 47.074 23.6142
      vertex 24 47.3334 23.7528
    endloop
  endfacet
  facet normal 0 0.995191 -0.0979545
    outer loop
      vertex 36 47.9712 24.7074
      vertex 24 48 25
      vertex 36 48 25
    endloop
  endfacet
  facet normal 0 0.995191 -0.0979545
    outer loop
      vertex 24 48 25
      vertex 36 47.9712 24.7074
      vertex 24 47.9712 24.7074
    endloop
  endfacet
  facet normal -0 0.0979545 0.995191
    outer loop
      vertex 24 46.7926 26.4712
      vertex 36 46.5 26.5
      vertex 36 46.7926 26.4712
    endloop
  endfacet
  facet normal 0 0.0979545 0.995191
    outer loop
      vertex 36 46.5 26.5
      vertex 24 46.7926 26.4712
      vertex 24 46.5 26.5
    endloop
  endfacet
  facet normal -0 0.634311 0.773078
    outer loop
      vertex 24 47.5607 26.0607
      vertex 36 47.3334 26.2472
      vertex 36 47.5607 26.0607
    endloop
  endfacet
  facet normal 0 0.634311 0.773078
    outer loop
      vertex 36 47.3334 26.2472
      vertex 24 47.5607 26.0607
      vertex 24 47.3334 26.2472
    endloop
  endfacet
  facet normal 0 0.881995 0.471259
    outer loop
      vertex 36 47.8858 25.574
      vertex 24 47.7472 25.8334
      vertex 36 47.7472 25.8334
    endloop
  endfacet
  facet normal 0 0.881995 0.471259
    outer loop
      vertex 24 47.7472 25.8334
      vertex 36 47.8858 25.574
      vertex 24 47.8858 25.574
    endloop
  endfacet
  facet normal 0 0.995191 0.0979545
    outer loop
      vertex 36 48 25
      vertex 24 47.9712 25.2926
      vertex 36 47.9712 25.2926
    endloop
  endfacet
  facet normal 0 0.995191 0.0979545
    outer loop
      vertex 24 47.9712 25.2926
      vertex 36 48 25
      vertex 24 48 25
    endloop
  endfacet
  facet normal 0 0.773078 0.634311
    outer loop
      vertex 36 47.7472 25.8334
      vertex 24 47.5607 26.0607
      vertex 36 47.5607 26.0607
    endloop
  endfacet
  facet normal 0 0.773078 0.634311
    outer loop
      vertex 24 47.5607 26.0607
      vertex 36 47.7472 25.8334
      vertex 24 47.7472 25.8334
    endloop
  endfacet
  facet normal 0 0.0979545 -0.995191
    outer loop
      vertex 24 46.5 23.5
      vertex 36 46.7926 23.5288
      vertex 36 46.5 23.5
    endloop
  endfacet
  facet normal 0 0.0979545 -0.995191
    outer loop
      vertex 36 46.7926 23.5288
      vertex 24 46.5 23.5
      vertex 24 46.7926 23.5288
    endloop
  endfacet
  facet normal 0 0.773078 -0.634311
    outer loop
      vertex 36 47.5607 23.9393
      vertex 24 47.7472 24.1666
      vertex 36 47.7472 24.1666
    endloop
  endfacet
  facet normal 0 0.773078 -0.634311
    outer loop
      vertex 24 47.7472 24.1666
      vertex 36 47.5607 23.9393
      vertex 24 47.5607 23.9393
    endloop
  endfacet
  facet normal -0 0.290404 0.956904
    outer loop
      vertex 24 47.074 26.3858
      vertex 36 46.7926 26.4712
      vertex 36 47.074 26.3858
    endloop
  endfacet
  facet normal 0 0.290404 0.956904
    outer loop
      vertex 36 46.7926 26.4712
      vertex 24 47.074 26.3858
      vertex 24 46.7926 26.4712
    endloop
  endfacet
  facet normal -1 0 0
    outer loop
      vertex 24 47.9712 24.7074
      vertex 24 47.9712 25.2926
      vertex 24 48 25
    endloop
  endfacet
  facet normal -1 0 0
    outer loop
      vertex 24 47.8858 24.426
      vertex 24 47.9712 25.2926
      vertex 24 47.9712 24.7074
    endloop
  endfacet
  facet normal -1 0 0
    outer loop
      vertex 24 47.8858 24.426
      vertex 24 47.8858 25.574
      vertex 24 47.9712 25.2926
    endloop
  endfacet
  facet normal -1 0 0
    outer loop
      vertex 24 47.7472 24.1666
      vertex 24 47.8858 25.574
      vertex 24 47.8858 24.426
    endloop
  endfacet
  facet normal -1 0 0
    outer loop
      vertex 24 47.7472 24.1666
      vertex 24 47.7472 25.8334
      vertex 24 47.8858 25.574
    endloop
  endfacet
  facet normal -1 0 0
    outer loop
      vertex 24 47.5607 23.9393
      vertex 24 47.7472 25.8334
      vertex 24 47.7472 24.1666
    endloop
  endfacet
  facet normal -1 0 0
    outer loop
      vertex 24 47.5607 23.9393
      vertex 24 47.5607 26.0607
      vertex 24 47.7472 25.8334
    endloop
  endfacet
  facet normal -1 0 0
    outer loop
      vertex 24 47.3334 23.7528
      vertex 24 47.5607 26.0607
      vertex 24 47.5607 23.9393
    endloop
  endfacet
  facet normal -1 0 0
    outer loop
      vertex 24 47.3334 23.7528
      vertex 24 47.3334 26.2472
      vertex 24 47.5607 26.0607
    endloop
  endfacet
  facet normal -1 0 0
    outer loop
      vertex 24 47.074 23.6142
      vertex 24 47.3334 26.2472
      vertex 24 47.3334 23.7528
    endloop
  endfacet
  facet normal -1 0 0
    outer loop
      vertex 24 47.074 23.6142
      vertex 24 47.074 26.3858
      vertex 24 47.3334 26.2472
    endloop
  endfacet
  facet normal -1 0 0
    outer loop
      vertex 24 46.35 23.5148
      vertex 24 47.074 23.6142
      vertex 24 46.7926 23.5288
    endloop
  endfacet
  facet normal -1 -0 0
    outer loop
      vertex 24 47.074 23.6142
      vertex 24 46.35 23.5148
      vertex 24 47.074 26.3858
    endloop
  endfacet
  facet normal -1 0 0
    outer loop
      vertex 24 46.35 23.5148
      vertex 24 46.7926 23.5288
      vertex 24 46.5 23.5
    endloop
  endfacet
  facet normal -1 0 0
    outer loop
      vertex 24 46.35 26.4852
      vertex 24 47.074 26.3858
      vertex 24 46.35 23.5148
    endloop
  endfacet
  facet normal -1 0 0
    outer loop
      vertex 24 47.074 26.3858
      vertex 24 46.35 26.4852
      vertex 24 46.7926 26.4712
    endloop
  endfacet
  facet normal -1 0 0
    outer loop
      vertex 24 46.7926 26.4712
      vertex 24 46.35 26.4852
      vertex 24 46.5 26.5
    endloop
  endfacet
  facet normal 0 -0.0981899 0.995168
    outer loop
      vertex 24 46.5 26.5
      vertex 36 46.35 26.4852
      vertex 36 46.5 26.5
    endloop
  endfacet
  facet normal 0 -0.0981899 0.995168
    outer loop
      vertex 36 46.35 26.4852
      vertex 24 46.5 26.5
      vertex 24 46.35 26.4852
    endloop
  endfacet
  facet normal 1 0 0
    outer loop
      vertex 36 47.9712 25.2926
      vertex 36 47.9712 24.7074
      vertex 36 48 25
    endloop
  endfacet
  facet normal 1 0 0
    outer loop
      vertex 36 47.8858 25.574
      vertex 36 47.9712 24.7074
      vertex 36 47.9712 25.2926
    endloop
  endfacet
  facet normal 1 0 0
    outer loop
      vertex 36 47.8858 25.574
      vertex 36 47.8858 24.426
      vertex 36 47.9712 24.7074
    endloop
  endfacet
  facet normal 1 0 0
    outer loop
      vertex 36 47.7472 25.8334
      vertex 36 47.8858 24.426
      vertex 36 47.8858 25.574
    endloop
  endfacet
  facet normal 1 0 0
    outer loop
      vertex 36 47.7472 25.8334
      vertex 36 47.7472 24.1666
      vertex 36 47.8858 24.426
    endloop
  endfacet
  facet normal 1 0 0
    outer loop
      vertex 36 47.5607 26.0607
      vertex 36 47.7472 24.1666
      vertex 36 47.7472 25.8334
    endloop
  endfacet
  facet normal 1 0 0
    outer loop
      vertex 36 47.5607 26.0607
      vertex 36 47.5607 23.9393
      vertex 36 47.7472 24.1666
    endloop
  endfacet
  facet normal 1 0 0
    outer loop
      vertex 36 47.3334 26.2472
      vertex 36 47.5607 23.9393
      vertex 36 47.5607 26.0607
    endloop
  endfacet
  facet normal 1 0 0
    outer loop
      vertex 36 47.3334 26.2472
      vertex 36 47.3334 23.7528
      vertex 36 47.5607 23.9393
    endloop
  endfacet
  facet normal 1 0 0
    outer loop
      vertex 36 47.074 26.3858
      vertex 36 47.3334 23.7528
      vertex 36 47.3334 26.2472
    endloop
  endfacet
  facet normal 1 0 0
    outer loop
      vertex 36 47.074 26.3858
      vertex 36 47.074 23.6142
      vertex 36 47.3334 23.7528
    endloop
  endfacet
  facet normal 1 0 0
    outer loop
      vertex 36 46.35 26.4852
      vertex 36 47.074 26.3858
      vertex 36 46.7926 26.4712
    endloop
  endfacet
  facet normal 1 0 0
    outer loop
      vertex 36 47.074 26.3858
      vertex 36 46.35 26.4852
      vertex 36 47.074 23.6142
    endloop
  endfacet
  facet normal 1 -0 0
    outer loop
      vertex 36 46.35 26.4852
      vertex 36 46.7926 26.4712
      vertex 36 46.5 26.5
    endloop
  endfacet
  facet normal 1 0 0
    outer loop
      vertex 36 46.35 23.5148
      vertex 36 47.074 23.6142
      vertex 36 46.35 26.4852
    endloop
  endfacet
  facet normal 1 0 0
    outer loop
      vertex 36 47.074 23.6142
      vertex 36 46.35 23.5148
      vertex 36 46.7926 23.5288
    endloop
  endfacet
  facet normal 1 0 0
    outer loop
      vertex 36 46.7926 23.5288
      vertex 36 46.35 23.5148
      vertex 36 46.5 23.5
    endloop
  endfacet
  facet normal 0 0.634311 -0.773078
    outer loop
      vertex 72 47.3334 23.7528
      vertex 84 47.5607 23.9393
      vertex 84 47.3334 23.7528
    endloop
  endfacet
  facet normal 0 0.634311 -0.773078
    outer loop
      vertex 84 47.5607 23.9393
      vertex 72 47.3334 23.7528
      vertex 72 47.5607 23.9393
    endloop
  endfacet
  facet normal 0 0.956904 -0.290404
    outer loop
      vertex 84 47.8858 24.426
      vertex 72 47.9712 24.7074
      vertex 84 47.9712 24.7074
    endloop
  endfacet
  facet normal 0 0.956904 -0.290404
    outer loop
      vertex 72 47.9712 24.7074
      vertex 84 47.8858 24.426
      vertex 72 47.8858 24.426
    endloop
  endfacet
  facet normal 0 0.881995 -0.471259
    outer loop
      vertex 84 47.7472 24.1666
      vertex 72 47.8858 24.426
      vertex 84 47.8858 24.426
    endloop
  endfacet
  facet normal 0 0.881995 -0.471259
    outer loop
      vertex 72 47.8858 24.426
      vertex 84 47.7472 24.1666
      vertex 72 47.7472 24.1666
    endloop
  endfacet
  facet normal 0 0.956904 0.290404
    outer loop
      vertex 84 47.9712 25.2926
      vertex 72 47.8858 25.574
      vertex 84 47.8858 25.574
    endloop
  endfacet
  facet normal 0 0.956904 0.290404
    outer loop
      vertex 72 47.8858 25.574
      vertex 84 47.9712 25.2926
      vertex 72 47.9712 25.2926
    endloop
  endfacet
  facet normal -0 0.471259 0.881995
    outer loop
      vertex 72 47.3334 26.2472
      vertex 84 47.074 26.3858
      vertex 84 47.3334 26.2472
    endloop
  endfacet
  facet normal 0 0.471259 0.881995
    outer loop
      vertex 84 47.074 26.3858
      vertex 72 47.3334 26.2472
      vertex 72 47.074 26.3858
    endloop
  endfacet
  facet normal 0 -0.0981899 -0.995168
    outer loop
      vertex 72 46.35 23.5148
      vertex 84 46.5 23.5
      vertex 84 46.35 23.5148
    endloop
  endfacet
  facet normal -0 -0.0981899 -0.995168
    outer loop
      vertex 84 46.5 23.5
      vertex 72 46.35 23.5148
      vertex 72 46.5 23.5
    endloop
  endfacet
  facet normal 0 0.290404 -0.956904
    outer loop
      vertex 72 46.7926 23.5288
      vertex 84 47.074 23.6142
      vertex 84 46.7926 23.5288
    endloop
  endfacet
  facet normal 0 0.290404 -0.956904
    outer loop
      vertex 84 47.074 23.6142
      vertex 72 46.7926 23.5288
      vertex 72 47.074 23.6142
    endloop
  endfacet
  facet normal 0 0.471259 -0.881995
    outer loop
      vertex 72 47.074 23.6142
      vertex 84 47.3334 23.7528
      vertex 84 47.074 23.6142
    endloop
  endfacet
  facet normal 0 0.471259 -0.881995
    outer loop
      vertex 84 47.3334 23.7528
      vertex 72 47.074 23.6142
      vertex 72 47.3334 23.7528
    endloop
  endfacet
  facet normal 0 0.995191 -0.0979545
    outer loop
      vertex 84 47.9712 24.7074
      vertex 72 48 25
      vertex 84 48 25
    endloop
  endfacet
  facet normal 0 0.995191 -0.0979545
    outer loop
      vertex 72 48 25
      vertex 84 47.9712 24.7074
      vertex 72 47.9712 24.7074
    endloop
  endfacet
  facet normal -0 0.0979545 0.995191
    outer loop
      vertex 72 46.7926 26.4712
      vertex 84 46.5 26.5
      vertex 84 46.7926 26.4712
    endloop
  endfacet
  facet normal 0 0.0979545 0.995191
    outer loop
      vertex 84 46.5 26.5
      vertex 72 46.7926 26.4712
      vertex 72 46.5 26.5
    endloop
  endfacet
  facet normal -0 0.634311 0.773078
    outer loop
      vertex 72 47.5607 26.0607
      vertex 84 47.3334 26.2472
      vertex 84 47.5607 26.0607
    endloop
  endfacet
  facet normal 0 0.634311 0.773078
    outer loop
      vertex 84 47.3334 26.2472
      vertex 72 47.5607 26.0607
      vertex 72 47.3334 26.2472
    endloop
  endfacet
  facet normal 0 0.881995 0.471259
    outer loop
      vertex 84 47.8858 25.574
      vertex 72 47.7472 25.8334
      vertex 84 47.7472 25.8334
    endloop
  endfacet
  facet normal 0 0.881995 0.471259
    outer loop
      vertex 72 47.7472 25.8334
      vertex 84 47.8858 25.574
      vertex 72 47.8858 25.574
    endloop
  endfacet
  facet normal 0 0.995191 0.0979545
    outer loop
      vertex 84 48 25
      vertex 72 47.9712 25.2926
      vertex 84 47.9712 25.2926
    endloop
  endfacet
  facet normal 0 0.995191 0.0979545
    outer loop
      vertex 72 47.9712 25.2926
      vertex 84 48 25
      vertex 72 48 25
    endloop
  endfacet
  facet normal 0 0.773078 0.634311
    outer loop
      vertex 84 47.7472 25.8334
      vertex 72 47.5607 26.0607
      vertex 84 47.5607 26.0607
    endloop
  endfacet
  facet normal 0 0.773078 0.634311
    outer loop
      vertex 72 47.5607 26.0607
      vertex 84 47.7472 25.8334
      vertex 72 47.7472 25.8334
    endloop
  endfacet
  facet normal 0 0.0979545 -0.995191
    outer loop
      vertex 72 46.5 23.5
      vertex 84 46.7926 23.5288
      vertex 84 46.5 23.5
    endloop
  endfacet
  facet normal 0 0.0979545 -0.995191
    outer loop
      vertex 84 46.7926 23.5288
      vertex 72 46.5 23.5
      vertex 72 46.7926 23.5288
    endloop
  endfacet
  facet normal 0 -0.0981899 0.995168
    outer loop
      vertex 72 46.5 26.5
      vertex 84 46.35 26.4852
      vertex 84 46.5 26.5
    endloop
  endfacet
  facet normal 0 -0.0981899 0.995168
    outer loop
      vertex 84 46.35 26.4852
      vertex 72 46.5 26.5
      vertex 72 46.35 26.4852
    endloop
  endfacet
  facet normal 0 0.773078 -0.634311
    outer loop
      vertex 84 47.5607 23.9393
      vertex 72 47.7472 24.1666
      vertex 84 47.7472 24.1666
    endloop
  endfacet
  facet normal 0 0.773078 -0.634311
    outer loop
      vertex 72 47.7472 24.1666
      vertex 84 47.5607 23.9393
      vertex 72 47.5607 23.9393
    endloop
  endfacet
  facet normal -0 0.290404 0.956904
    outer loop
      vertex 72 47.074 26.3858
      vertex 84 46.7926 26.4712
      vertex 84 47.074 26.3858
    endloop
  endfacet
  facet normal 0 0.290404 0.956904
    outer loop
      vertex 84 46.7926 26.4712
      vertex 72 47.074 26.3858
      vertex 72 46.7926 26.4712
    endloop
  endfacet
  facet normal 1 0 0
    outer loop
      vertex 84 47.9712 25.2926
      vertex 84 47.9712 24.7074
      vertex 84 48 25
    endloop
  endfacet
  facet normal 1 0 0
    outer loop
      vertex 84 47.8858 25.574
      vertex 84 47.9712 24.7074
      vertex 84 47.9712 25.2926
    endloop
  endfacet
  facet normal 1 0 0
    outer loop
      vertex 84 47.8858 25.574
      vertex 84 47.8858 24.426
      vertex 84 47.9712 24.7074
    endloop
  endfacet
  facet normal 1 0 0
    outer loop
      vertex 84 47.7472 25.8334
      vertex 84 47.8858 24.426
      vertex 84 47.8858 25.574
    endloop
  endfacet
  facet normal 1 0 0
    outer loop
      vertex 84 47.7472 25.8334
      vertex 84 47.7472 24.1666
      vertex 84 47.8858 24.426
    endloop
  endfacet
  facet normal 1 0 0
    outer loop
      vertex 84 47.5607 26.0607
      vertex 84 47.7472 24.1666
      vertex 84 47.7472 25.8334
    endloop
  endfacet
  facet normal 1 0 0
    outer loop
      vertex 84 47.5607 26.0607
      vertex 84 47.5607 23.9393
      vertex 84 47.7472 24.1666
    endloop
  endfacet
  facet normal 1 0 0
    outer loop
      vertex 84 47.3334 26.2472
      vertex 84 47.5607 23.9393
      vertex 84 47.5607 26.0607
    endloop
  endfacet
  facet normal 1 0 0
    outer loop
      vertex 84 47.3334 26.2472
      vertex 84 47.3334 23.7528
      vertex 84 47.5607 23.9393
    endloop
  endfacet
  facet normal 1 0 0
    outer loop
      vertex 84 47.074 26.3858
      vertex 84 47.3334 23.7528
      vertex 84 47.3334 26.2472
    endloop
  endfacet
  facet normal 1 0 0
    outer loop
      vertex 84 47.074 26.3858
      vertex 84 47.074 23.6142
      vertex 84 47.3334 23.7528
    endloop
  endfacet
  facet normal 1 0 0
    outer loop
      vertex 84 46.35 26.4852
      vertex 84 47.074 26.3858
      vertex 84 46.7926 26.4712
    endloop
  endfacet
  facet normal 1 0 0
    outer loop
      vertex 84 47.074 26.3858
      vertex 84 46.35 26.4852
      vertex 84 47.074 23.6142
    endloop
  endfacet
  facet normal 1 -0 0
    outer loop
      vertex 84 46.35 26.4852
      vertex 84 46.7926 26.4712
      vertex 84 46.5 26.5
    endloop
  endfacet
  facet normal 1 0 0
    outer loop
      vertex 84 46.35 23.5148
      vertex 84 47.074 23.6142
      vertex 84 46.35 26.4852
    endloop
  endfacet
  facet normal 1 0 0
    outer loop
      vertex 84 47.074 23.6142
      vertex 84 46.35 23.5148
      vertex 84 46.7926 23.5288
    endloop
  endfacet
  facet normal 1 0 0
    outer loop
      vertex 84 46.7926 23.5288
      vertex 84 46.35 23.5148
      vertex 84 46.5 23.5
    endloop
  endfacet
  facet normal -1 0 0
    outer loop
      vertex 72 47.9712 24.7074
      vertex 72 47.9712 25.2926
      vertex 72 48 25
    endloop
  endfacet
  facet normal -1 0 0
    outer loop
      vertex 72 47.8858 24.426
      vertex 72 47.9712 25.2926
      vertex 72 47.9712 24.7074
    endloop
  endfacet
  facet normal -1 0 0
    outer loop
      vertex 72 47.8858 24.426
      vertex 72 47.8858 25.574
      vertex 72 47.9712 25.2926
    endloop
  endfacet
  facet normal -1 0 0
    outer loop
      vertex 72 47.7472 24.1666
      vertex 72 47.8858 25.574
      vertex 72 47.8858 24.426
    endloop
  endfacet
  facet normal -1 0 0
    outer loop
      vertex 72 47.7472 24.1666
      vertex 72 47.7472 25.8334
      vertex 72 47.8858 25.574
    endloop
  endfacet
  facet normal -1 0 0
    outer loop
      vertex 72 47.5607 23.9393
      vertex 72 47.7472 25.8334
      vertex 72 47.7472 24.1666
    endloop
  endfacet
  facet normal -1 0 0
    outer loop
      vertex 72 47.5607 23.9393
      vertex 72 47.5607 26.0607
      vertex 72 47.7472 25.8334
    endloop
  endfacet
  facet normal -1 0 0
    outer loop
      vertex 72 47.3334 23.7528
      vertex 72 47.5607 26.0607
      vertex 72 47.5607 23.9393
    endloop
  endfacet
  facet normal -1 0 0
    outer loop
      vertex 72 47.3334 23.7528
      vertex 72 47.3334 26.2472
      vertex 72 47.5607 26.0607
    endloop
  endfacet
  facet normal -1 0 0
    outer loop
      vertex 72 47.074 23.6142
      vertex 72 47.3334 26.2472
      vertex 72 47.3334 23.7528
    endloop
  endfacet
  facet normal -1 0 0
    outer loop
      vertex 72 47.074 23.6142
      vertex 72 47.074 26.3858
      vertex 72 47.3334 26.2472
    endloop
  endfacet
  facet normal -1 0 0
    outer loop
      vertex 72 46.35 23.5148
      vertex 72 47.074 23.6142
      vertex 72 46.7926 23.5288
    endloop
  endfacet
  facet normal -1 -0 0
    outer loop
      vertex 72 47.074 23.6142
      vertex 72 46.35 23.5148
      vertex 72 47.074 26.3858
    endloop
  endfacet
  facet normal -1 0 0
    outer loop
      vertex 72 46.35 23.5148
      vertex 72 46.7926 23.5288
      vertex 72 46.5 23.5
    endloop
  endfacet
  facet normal -1 0 0
    outer loop
      vertex 72 46.35 26.4852
      vertex 72 47.074 26.3858
      vertex 72 46.35 23.5148
    endloop
  endfacet
  facet normal -1 0 0
    outer loop
      vertex 72 47.074 26.3858
      vertex 72 46.35 26.4852
      vertex 72 46.7926 26.4712
    endloop
  endfacet
  facet normal -1 0 0
    outer loop
      vertex 72 46.7926 26.4712
      vertex 72 46.35 26.4852
      vertex 72 46.5 26.5
    endloop
  endfacet
  facet normal -0 0 1
    outer loop
      vertex 73.25 3.00482 12.5
      vertex 82.75 0.0144463 12.5
      vertex 82.75 3.00482 12.5
    endloop
  endfacet
  facet normal 0 0 1
    outer loop
      vertex 82.75 0.0144463 12.5
      vertex 73.25 3.00482 12.5
      vertex 73.25 0.0144463 12.5
    endloop
  endfacet
  facet normal 0 0 -1
    outer loop
      vertex 73.25 0.0144463 18.5
      vertex 82.75 3.00482 18.5
      vertex 82.75 0.0144463 18.5
    endloop
  endfacet
  facet normal -0 0 -1
    outer loop
      vertex 82.75 3.00482 18.5
      vertex 73.25 0.0144463 18.5
      vertex 73.25 3.00482 18.5
    endloop
  endfacet
  facet normal -1 0 0
    outer loop
      vertex 82.75 0.0144463 12.5
      vertex 82.75 3.00482 18.5
      vertex 82.75 3.00482 12.5
    endloop
  endfacet
  facet normal -1 -0 0
    outer loop
      vertex 82.75 3.00482 18.5
      vertex 82.75 0.0144463 12.5
      vertex 82.75 0.0144463 18.5
    endloop
  endfacet
  facet normal 1 -0 0
    outer loop
      vertex 73.25 0.0144463 18.5
      vertex 73.25 3.00482 12.5
      vertex 73.25 3.00482 18.5
    endloop
  endfacet
  facet normal 1 0 0
    outer loop
      vertex 73.25 3.00482 12.5
      vertex 73.25 0.0144463 18.5
      vertex 73.25 0.0144463 12.5
    endloop
  endfacet
  facet normal -0 0 1
    outer loop
      vertex 52 3.00482 20
      vertex 64 0.0144463 20
      vertex 64 3.00482 20
    endloop
  endfacet
  facet normal 0 0 1
    outer loop
      vertex 64 0.0144463 20
      vertex 52 3.00482 20
      vertex 52 0.0144463 20
    endloop
  endfacet
  facet normal 0 0 -1
    outer loop
      vertex 52 1.65 23
      vertex 64 3.00482 23
      vertex 64 1.65 23
    endloop
  endfacet
  facet normal -0 0 -1
    outer loop
      vertex 64 3.00482 23
      vertex 52 1.65 23
      vertex 52 3.00482 23
    endloop
  endfacet
  facet normal 0 1 -0
    outer loop
      vertex 62.8861 -0.0199995 20.1325
      vertex 60.4367 -0.0199995 20.5
      vertex 62.8861 -0.0199995 20.5
    endloop
  endfacet
  facet normal 0 1 0
    outer loop
      vertex 60.4367 -0.0199995 20.5
      vertex 62.8861 -0.0199995 20.1325
      vertex 60.4367 -0.0199995 20.1325
    endloop
  endfacet
  facet normal 0 1 -0
    outer loop
      vertex 64 -0.0199995 20.1325
      vertex 63.454 -0.0199995 20.5
      vertex 64 -0.0199995 20.5
    endloop
  endfacet
  facet normal 0 1 0
    outer loop
      vertex 63.454 -0.0199995 20.5
      vertex 64 -0.0199995 20.1325
      vertex 63.454 -0.0199995 20.1325
    endloop
  endfacet
  facet normal -1 0 0
    outer loop
      vertex 64 -0.0199995 20.1325
      vertex 64 0.0100002 20.5
      vertex 64 0.0100002 20.1325
    endloop
  endfacet
  facet normal -1 -0 0
    outer loop
      vertex 64 0.0100002 20.5
      vertex 64 -0.0199995 20.1325
      vertex 64 -0.0199995 20.5
    endloop
  endfacet
  facet normal -1 0 0
    outer loop
      vertex 64 3.00482 20
      vertex 64 1.65 20.5
      vertex 64 3.00482 23
    endloop
  endfacet
  facet normal -1 0 0
    outer loop
      vertex 64 0.0144463 20
      vertex 64 1.65 20.5
      vertex 64 3.00482 20
    endloop
  endfacet
  facet normal -1 -0 0
    outer loop
      vertex 64 1.65 20.5
      vertex 64 0.0144463 20
      vertex 64 0.0144463 20.5
    endloop
  endfacet
  facet normal -1 -0 0
    outer loop
      vertex 64 3.00482 23
      vertex 64 1.65 20.5
      vertex 64 1.65 23
    endloop
  endfacet
  facet normal 1 0 0
    outer loop
      vertex 52 1.65 20.5
      vertex 52 3.00482 23
      vertex 52 1.65 23
    endloop
  endfacet
  facet normal 1 0 0
    outer loop
      vertex 52 3.00482 23
      vertex 52 1.65 20.5
      vertex 52 3.00482 20
    endloop
  endfacet
  facet normal 1 0 0
    outer loop
      vertex 52 0.0144463 20
      vertex 52 1.65 20.5
      vertex 52 0.0144463 20.5
    endloop
  endfacet
  facet normal 1 0 0
    outer loop
      vertex 52 1.65 20.5
      vertex 52 0.0144463 20
      vertex 52 3.00482 20
    endloop
  endfacet
  facet normal -0 0 1
    outer loop
      vertex 69 3.00482 20
      vertex 81 0.0144463 20
      vertex 81 3.00482 20
    endloop
  endfacet
  facet normal 0 0 1
    outer loop
      vertex 81 0.0144463 20
      vertex 69 3.00482 20
      vertex 69 0.0144463 20
    endloop
  endfacet
  facet normal 0 0 -1
    outer loop
      vertex 69 1.65 23
      vertex 81 3.00482 23
      vertex 81 1.65 23
    endloop
  endfacet
  facet normal -0 0 -1
    outer loop
      vertex 81 3.00482 23
      vertex 69 1.65 23
      vertex 69 3.00482 23
    endloop
  endfacet
  facet normal 0 1 -0
    outer loop
      vertex 69.6402 -0.0199995 20.4712
      vertex 69 -0.0199995 20.5
      vertex 69.6755 -0.0199995 20.5
    endloop
  endfacet
  facet normal 0 1 -0
    outer loop
      vertex 69.4786 -0.0199995 20.3685
      vertex 69 -0.0199995 20.5
      vertex 69.6402 -0.0199995 20.4712
    endloop
  endfacet
  facet normal 0 1 -0
    outer loop
      vertex 69.3042 -0.0199995 20.2835
      vertex 69 -0.0199995 20.5
      vertex 69.4786 -0.0199995 20.3685
    endloop
  endfacet
  facet normal 0 1 -0
    outer loop
      vertex 69.1193 -0.0199995 20.2175
      vertex 69 -0.0199995 20.5
      vertex 69.3042 -0.0199995 20.2835
    endloop
  endfacet
  facet normal 0 1 0
    outer loop
      vertex 69 -0.0199995 20.5
      vertex 69.1193 -0.0199995 20.2175
      vertex 69 -0.0199995 20.1886
    endloop
  endfacet
  facet normal 0 1 0
    outer loop
      vertex 75.0789 -0.0199995 20.3685
      vertex 75.2325 -0.0199995 20.5
      vertex 75.2279 -0.0199995 20.4942
    endloop
  endfacet
  facet normal 0 1 0
    outer loop
      vertex 75.2325 -0.0199995 20.5
      vertex 75.0789 -0.0199995 20.3685
      vertex 74.214 -0.0199995 20.5
    endloop
  endfacet
  facet normal 0 1 -0
    outer loop
      vertex 74.9 -0.0199995 20.264
      vertex 74.214 -0.0199995 20.5
      vertex 75.0789 -0.0199995 20.3685
    endloop
  endfacet
  facet normal 0 1 -0
    outer loop
      vertex 74.694 -0.0199995 20.1828
      vertex 74.214 -0.0199995 20.5
      vertex 74.9 -0.0199995 20.264
    endloop
  endfacet
  facet normal 0 1 -0
    outer loop
      vertex 74.461 -0.0199995 20.1247
      vertex 74.214 -0.0199995 20.5
      vertex 74.694 -0.0199995 20.1828
    endloop
  endfacet
  facet normal 0 1 0
    outer loop
      vertex 74.201 -0.0199995 20.0899
      vertex 74.214 -0.0199995 20.5
      vertex 74.461 -0.0199995 20.1247
    endloop
  endfacet
  facet normal -0 1 0
    outer loop
      vertex 73.4021 -0.0199995 20.1171
      vertex 73.9329 -0.0199995 20.4824
      vertex 73.914 -0.0199995 20.0783
    endloop
  endfacet
  facet normal 0 1 0
    outer loop
      vertex 74.214 -0.0199995 20.5
      vertex 74.201 -0.0199995 20.0899
      vertex 74.1245 -0.0199995 20.4893
    endloop
  endfacet
  facet normal 0 1 0
    outer loop
      vertex 73.914 -0.0199995 20.0783
      vertex 74.1245 -0.0199995 20.4893
      vertex 74.201 -0.0199995 20.0899
    endloop
  endfacet
  facet normal 0 1 0
    outer loop
      vertex 74.1245 -0.0199995 20.4893
      vertex 73.914 -0.0199995 20.0783
      vertex 73.9329 -0.0199995 20.4824
    endloop
  endfacet
  facet normal -0 1 0
    outer loop
      vertex 72.9843 -0.0199995 20.2336
      vertex 73.9329 -0.0199995 20.4824
      vertex 73.4021 -0.0199995 20.1171
    endloop
  endfacet
  facet normal 0 1 0
    outer loop
      vertex 73.9329 -0.0199995 20.4824
      vertex 72.9843 -0.0199995 20.2336
      vertex 72.6604 -0.0199995 20.4279
    endloop
  endfacet
  facet normal 0 1 0
    outer loop
      vertex 72.6604 -0.0199995 20.4279
      vertex 73.6494 -0.0199995 20.5
      vertex 73.7468 -0.0199995 20.4889
    endloop
  endfacet
  facet normal 0 1 0
    outer loop
      vertex 72.6604 -0.0199995 20.4279
      vertex 73.7468 -0.0199995 20.4889
      vertex 73.9329 -0.0199995 20.4824
    endloop
  endfacet
  facet normal 0 1 0
    outer loop
      vertex 73.6494 -0.0199995 20.5
      vertex 72.6604 -0.0199995 20.4279
      vertex 72.5994 -0.0199995 20.5
    endloop
  endfacet
  facet normal 0 1 -0
    outer loop
      vertex 77.614 -0.0199995 20.1325
      vertex 77.0986 -0.0199995 20.5
      vertex 77.614 -0.0199995 20.5
    endloop
  endfacet
  facet normal 0 1 0
    outer loop
      vertex 77.0986 -0.0199995 20.5
      vertex 77.614 -0.0199995 20.1325
      vertex 77.0986 -0.0199995 20.1325
    endloop
  endfacet
  facet normal 0 1 -0
    outer loop
      vertex 79.9488 -0.0199995 20.1325
      vertex 79.4307 -0.0199995 20.5
      vertex 79.9488 -0.0199995 20.5
    endloop
  endfacet
  facet normal 0 1 0
    outer loop
      vertex 79.4307 -0.0199995 20.5
      vertex 79.9488 -0.0199995 20.1325
      vertex 79.4307 -0.0199995 20.1325
    endloop
  endfacet
  facet normal -1 0 0
    outer loop
      vertex 81 3.00482 20
      vertex 81 1.65 20.5
      vertex 81 3.00482 23
    endloop
  endfacet
  facet normal -1 0 0
    outer loop
      vertex 81 0.0144463 20
      vertex 81 1.65 20.5
      vertex 81 3.00482 20
    endloop
  endfacet
  facet normal -1 -0 0
    outer loop
      vertex 81 1.65 20.5
      vertex 81 0.0144463 20
      vertex 81 0.0144463 20.5
    endloop
  endfacet
  facet normal -1 -0 0
    outer loop
      vertex 81 3.00482 23
      vertex 81 1.65 20.5
      vertex 81 1.65 23
    endloop
  endfacet
  facet normal 1 -0 0
    outer loop
      vertex 69 -0.0199995 20.5
      vertex 69 0.0100002 20.1886
      vertex 69 0.0100002 20.5
    endloop
  endfacet
  facet normal 1 0 0
    outer loop
      vertex 69 0.0100002 20.1886
      vertex 69 -0.0199995 20.5
      vertex 69 -0.0199995 20.1886
    endloop
  endfacet
  facet normal 1 0 0
    outer loop
      vertex 69 1.65 20.5
      vertex 69 3.00482 23
      vertex 69 1.65 23
    endloop
  endfacet
  facet normal 1 0 0
    outer loop
      vertex 69 3.00482 23
      vertex 69 1.65 20.5
      vertex 69 3.00482 20
    endloop
  endfacet
  facet normal 1 0 0
    outer loop
      vertex 69 0.0144463 20
      vertex 69 1.65 20.5
      vertex 69 0.0144463 20.5
    endloop
  endfacet
  facet normal 1 0 0
    outer loop
      vertex 69 1.65 20.5
      vertex 69 0.0144463 20
      vertex 69 3.00482 20
    endloop
  endfacet
  facet normal -0 0 1
    outer loop
      vertex 86 3.00482 20
      vertex 98 0.0144463 20
      vertex 98 3.00482 20
    endloop
  endfacet
  facet normal 0 0 1
    outer loop
      vertex 98 0.0144463 20
      vertex 86 3.00482 20
      vertex 86 0.0144463 20
    endloop
  endfacet
  facet normal 0 0 -1
    outer loop
      vertex 86 1.65 23
      vertex 98 3.00482 23
      vertex 98 1.65 23
    endloop
  endfacet
  facet normal -0 0 -1
    outer loop
      vertex 98 3.00482 23
      vertex 86 1.65 23
      vertex 86 3.00482 23
    endloop
  endfacet
  facet normal 1 0 0
    outer loop
      vertex 86 1.65 20.5
      vertex 86 3.00482 23
      vertex 86 1.65 23
    endloop
  endfacet
  facet normal 1 0 0
    outer loop
      vertex 86 3.00482 23
      vertex 86 1.65 20.5
      vertex 86 3.00482 20
    endloop
  endfacet
  facet normal 1 0 0
    outer loop
      vertex 86 0.0144463 20
      vertex 86 1.65 20.5
      vertex 86 0.0144463 20.5
    endloop
  endfacet
  facet normal 1 0 0
    outer loop
      vertex 86 1.65 20.5
      vertex 86 0.0144463 20
      vertex 86 3.00482 20
    endloop
  endfacet
  facet normal -1 0 0
    outer loop
      vertex 98 3.00482 20
      vertex 98 1.65 20.5
      vertex 98 3.00482 23
    endloop
  endfacet
  facet normal -1 0 0
    outer loop
      vertex 98 0.0144463 20
      vertex 98 1.65 20.5
      vertex 98 3.00482 20
    endloop
  endfacet
  facet normal -1 -0 0
    outer loop
      vertex 98 1.65 20.5
      vertex 98 0.0144463 20
      vertex 98 0.0144463 20.5
    endloop
  endfacet
  facet normal -1 -0 0
    outer loop
      vertex 98 3.00482 23
      vertex 98 1.65 20.5
      vertex 98 1.65 23
    endloop
  endfacet
  facet normal -0 0 1
    outer loop
      vertex 52 47.9856 20
      vertex 64 44.9952 20
      vertex 64 47.9856 20
    endloop
  endfacet
  facet normal 0 0 1
    outer loop
      vertex 64 44.9952 20
      vertex 52 47.9856 20
      vertex 52 44.9952 20
    endloop
  endfacet
  facet normal 0 0 -1
    outer loop
      vertex 52 44.9952 23
      vertex 64 46.35 23
      vertex 64 44.9952 23
    endloop
  endfacet
  facet normal -0 0 -1
    outer loop
      vertex 64 46.35 23
      vertex 52 44.9952 23
      vertex 52 46.35 23
    endloop
  endfacet
  facet normal -1 0 0
    outer loop
      vertex 64 47.9856 20
      vertex 64 46.35 20.5
      vertex 64 47.9856 20.5
    endloop
  endfacet
  facet normal -1 0 0
    outer loop
      vertex 64 44.9952 20
      vertex 64 46.35 20.5
      vertex 64 47.9856 20
    endloop
  endfacet
  facet normal -1 0 0
    outer loop
      vertex 64 44.9952 23
      vertex 64 46.35 20.5
      vertex 64 44.9952 20
    endloop
  endfacet
  facet normal -1 0 0
    outer loop
      vertex 64 46.35 20.5
      vertex 64 44.9952 23
      vertex 64 46.35 23
    endloop
  endfacet
  facet normal 1 0 0
    outer loop
      vertex 52 46.35 23
      vertex 52 44.9952 23
      vertex 52 46.35 20.5
    endloop
  endfacet
  facet normal 1 -0 0
    outer loop
      vertex 52 46.35 20.5
      vertex 52 47.9856 20
      vertex 52 47.9856 20.5
    endloop
  endfacet
  facet normal 1 0 0
    outer loop
      vertex 52 46.35 20.5
      vertex 52 44.9952 20
      vertex 52 47.9856 20
    endloop
  endfacet
  facet normal 1 0 0
    outer loop
      vertex 52 44.9952 20
      vertex 52 46.35 20.5
      vertex 52 44.9952 23
    endloop
  endfacet
  facet normal -0 0 1
    outer loop
      vertex 69 47.9856 20
      vertex 81 44.9952 20
      vertex 81 47.9856 20
    endloop
  endfacet
  facet normal 0 0 1
    outer loop
      vertex 81 44.9952 20
      vertex 69 47.9856 20
      vertex 69 44.9952 20
    endloop
  endfacet
  facet normal 0 0 -1
    outer loop
      vertex 69 44.9952 23
      vertex 81 46.35 23
      vertex 81 44.9952 23
    endloop
  endfacet
  facet normal -0 0 -1
    outer loop
      vertex 81 46.35 23
      vertex 69 44.9952 23
      vertex 69 46.35 23
    endloop
  endfacet
  facet normal -1 0 0
    outer loop
      vertex 81 47.9856 20
      vertex 81 46.35 20.5
      vertex 81 47.9856 20.5
    endloop
  endfacet
  facet normal -1 0 0
    outer loop
      vertex 81 44.9952 20
      vertex 81 46.35 20.5
      vertex 81 47.9856 20
    endloop
  endfacet
  facet normal -1 0 0
    outer loop
      vertex 81 44.9952 23
      vertex 81 46.35 20.5
      vertex 81 44.9952 20
    endloop
  endfacet
  facet normal -1 0 0
    outer loop
      vertex 81 46.35 20.5
      vertex 81 44.9952 23
      vertex 81 46.35 23
    endloop
  endfacet
  facet normal 1 0 0
    outer loop
      vertex 69 46.35 23
      vertex 69 44.9952 23
      vertex 69 46.35 20.5
    endloop
  endfacet
  facet normal 1 -0 0
    outer loop
      vertex 69 46.35 20.5
      vertex 69 47.9856 20
      vertex 69 47.9856 20.5
    endloop
  endfacet
  facet normal 1 0 0
    outer loop
      vertex 69 46.35 20.5
      vertex 69 44.9952 20
      vertex 69 47.9856 20
    endloop
  endfacet
  facet normal 1 0 0
    outer loop
      vertex 69 44.9952 20
      vertex 69 46.35 20.5
      vertex 69 44.9952 23
    endloop
  endfacet
  facet normal -0 0 1
    outer loop
      vertex 86 47.9856 20
      vertex 98 44.9952 20
      vertex 98 47.9856 20
    endloop
  endfacet
  facet normal 0 0 1
    outer loop
      vertex 98 44.9952 20
      vertex 86 47.9856 20
      vertex 86 44.9952 20
    endloop
  endfacet
  facet normal 0 0 -1
    outer loop
      vertex 86 44.9952 23
      vertex 98 46.35 23
      vertex 98 44.9952 23
    endloop
  endfacet
  facet normal -0 0 -1
    outer loop
      vertex 98 46.35 23
      vertex 86 44.9952 23
      vertex 86 46.35 23
    endloop
  endfacet
  facet normal 1 0 0
    outer loop
      vertex 86 46.35 23
      vertex 86 44.9952 23
      vertex 86 46.35 20.5
    endloop
  endfacet
  facet normal 1 -0 0
    outer loop
      vertex 86 46.35 20.5
      vertex 86 47.9856 20
      vertex 86 47.9856 20.5
    endloop
  endfacet
  facet normal 1 0 0
    outer loop
      vertex 86 46.35 20.5
      vertex 86 44.9952 20
      vertex 86 47.9856 20
    endloop
  endfacet
  facet normal 1 0 0
    outer loop
      vertex 86 44.9952 20
      vertex 86 46.35 20.5
      vertex 86 44.9952 23
    endloop
  endfacet
  facet normal -1 0 0
    outer loop
      vertex 98 47.9856 20
      vertex 98 46.35 20.5
      vertex 98 47.9856 20.5
    endloop
  endfacet
  facet normal -1 0 0
    outer loop
      vertex 98 44.9952 20
      vertex 98 46.35 20.5
      vertex 98 47.9856 20
    endloop
  endfacet
  facet normal -1 0 0
    outer loop
      vertex 98 44.9952 23
      vertex 98 46.35 20.5
      vertex 98 44.9952 20
    endloop
  endfacet
  facet normal -1 0 0
    outer loop
      vertex 98 46.35 20.5
      vertex 98 44.9952 23
      vertex 98 46.35 23
    endloop
  endfacet
  facet normal 0 0.995191 -0.0979579
    outer loop
      vertex 107.986 18.5 7.75
      vertex 104.995 18.5096 7.84753
      vertex 107.986 18.5096 7.84753
    endloop
  endfacet
  facet normal 0 0.995191 -0.0979579
    outer loop
      vertex 104.995 18.5096 7.84753
      vertex 107.986 18.5 7.75
      vertex 104.995 18.5 7.75
    endloop
  endfacet
  facet normal 0 0.95681 0.290715
    outer loop
      vertex 107.986 18.5381 5.05867
      vertex 104.995 18.5096 5.15247
      vertex 107.986 18.5096 5.15247
    endloop
  endfacet
  facet normal 0 0.95681 0.290715
    outer loop
      vertex 104.995 18.5096 5.15247
      vertex 107.986 18.5381 5.05867
      vertex 104.995 18.5381 5.05867
    endloop
  endfacet
  facet normal 0 -1 0
    outer loop
      vertex 104.995 27.5 5.25
      vertex 107.986 27.5 7.75
      vertex 104.995 27.5 7.75
    endloop
  endfacet
  facet normal 0 -1 -0
    outer loop
      vertex 107.986 27.5 7.75
      vertex 104.995 27.5 5.25
      vertex 107.986 27.5 5.25
    endloop
  endfacet
  facet normal 0 -0.95681 0.290715
    outer loop
      vertex 104.995 27.4619 5.05867
      vertex 107.986 27.4904 5.15247
      vertex 104.995 27.4904 5.15247
    endloop
  endfacet
  facet normal 0 -0.95681 0.290715
    outer loop
      vertex 107.986 27.4904 5.15247
      vertex 104.995 27.4619 5.05867
      vertex 107.986 27.4619 5.05867
    endloop
  endfacet
  facet normal -0 0 1
    outer loop
      vertex 104.995 27 4.75
      vertex 107.986 19 4.75
      vertex 107.986 27 4.75
    endloop
  endfacet
  facet normal 0 0 1
    outer loop
      vertex 107.986 19 4.75
      vertex 104.995 27 4.75
      vertex 104.995 19 4.75
    endloop
  endfacet
  facet normal 0 0.995191 0.0979579
    outer loop
      vertex 107.986 18.5096 5.15247
      vertex 104.995 18.5 5.25
      vertex 107.986 18.5 5.25
    endloop
  endfacet
  facet normal 0 0.995191 0.0979579
    outer loop
      vertex 104.995 18.5 5.25
      vertex 107.986 18.5096 5.15247
      vertex 104.995 18.5096 5.15247
    endloop
  endfacet
  facet normal 0 1 -0
    outer loop
      vertex 107.986 18.5 5.25
      vertex 104.995 18.5 7.75
      vertex 107.986 18.5 7.75
    endloop
  endfacet
  facet normal 0 1 0
    outer loop
      vertex 104.995 18.5 7.75
      vertex 107.986 18.5 5.25
      vertex 104.995 18.5 5.25
    endloop
  endfacet
  facet normal 0 0.0980888 -0.995178
    outer loop
      vertex 104.995 18.9025 8.24039
      vertex 107.986 19 8.25
      vertex 107.986 18.9025 8.24039
    endloop
  endfacet
  facet normal 0 0.0980888 -0.995178
    outer loop
      vertex 107.986 19 8.25
      vertex 104.995 18.9025 8.24039
      vertex 104.995 19 8.25
    endloop
  endfacet
  facet normal 0 -0.471117 -0.882071
    outer loop
      vertex 104.995 27.1913 8.21193
      vertex 107.986 27.2778 8.16573
      vertex 107.986 27.1913 8.21193
    endloop
  endfacet
  facet normal -0 -0.471117 -0.882071
    outer loop
      vertex 107.986 27.2778 8.16573
      vertex 104.995 27.1913 8.21193
      vertex 104.995 27.2778 8.16573
    endloop
  endfacet
  facet normal 0 -0.772966 -0.634448
    outer loop
      vertex 104.995 27.4157 8.02777
      vertex 107.986 27.3535 8.10355
      vertex 104.995 27.3535 8.10355
    endloop
  endfacet
  facet normal 0 -0.772966 -0.634448
    outer loop
      vertex 107.986 27.3535 8.10355
      vertex 104.995 27.4157 8.02777
      vertex 107.986 27.4157 8.02777
    endloop
  endfacet
  facet normal 0 -0.772966 0.634448
    outer loop
      vertex 104.995 27.3535 4.89645
      vertex 107.986 27.4157 4.97223
      vertex 104.995 27.4157 4.97223
    endloop
  endfacet
  facet normal 0 -0.772966 0.634448
    outer loop
      vertex 107.986 27.4157 4.97223
      vertex 104.995 27.3535 4.89645
      vertex 107.986 27.3535 4.89645
    endloop
  endfacet
  facet normal 0 -0.995191 0.0979579
    outer loop
      vertex 104.995 27.4904 5.15247
      vertex 107.986 27.5 5.25
      vertex 104.995 27.5 5.25
    endloop
  endfacet
  facet normal 0 -0.995191 0.0979579
    outer loop
      vertex 107.986 27.5 5.25
      vertex 104.995 27.4904 5.15247
      vertex 107.986 27.4904 5.15247
    endloop
  endfacet
  facet normal -0 0.290341 0.956923
    outer loop
      vertex 104.995 18.9025 4.75961
      vertex 107.986 18.8087 4.78807
      vertex 107.986 18.9025 4.75961
    endloop
  endfacet
  facet normal 0 0.290341 0.956923
    outer loop
      vertex 107.986 18.8087 4.78807
      vertex 104.995 18.9025 4.75961
      vertex 104.995 18.8087 4.78807
    endloop
  endfacet
  facet normal -0 0.634726 0.772737
    outer loop
      vertex 104.995 18.7222 4.83427
      vertex 107.986 18.6465 4.89645
      vertex 107.986 18.7222 4.83427
    endloop
  endfacet
  facet normal 0 0.634726 0.772737
    outer loop
      vertex 107.986 18.6465 4.89645
      vertex 104.995 18.7222 4.83427
      vertex 104.995 18.6465 4.89645
    endloop
  endfacet
  facet normal -0 0.0980888 0.995178
    outer loop
      vertex 104.995 19 4.75
      vertex 107.986 18.9025 4.75961
      vertex 107.986 19 4.75
    endloop
  endfacet
  facet normal 0 0.0980888 0.995178
    outer loop
      vertex 107.986 18.9025 4.75961
      vertex 104.995 19 4.75
      vertex 104.995 18.9025 4.75961
    endloop
  endfacet
  facet normal 0 0.881935 0.471372
    outer loop
      vertex 107.986 18.5843 4.97223
      vertex 104.995 18.5381 5.05867
      vertex 107.986 18.5381 5.05867
    endloop
  endfacet
  facet normal 0 0.881935 0.471372
    outer loop
      vertex 104.995 18.5381 5.05867
      vertex 107.986 18.5843 4.97223
      vertex 104.995 18.5843 4.97223
    endloop
  endfacet
  facet normal 0 0.772966 0.634448
    outer loop
      vertex 107.986 18.6465 4.89645
      vertex 104.995 18.5843 4.97223
      vertex 107.986 18.5843 4.97223
    endloop
  endfacet
  facet normal 0 0.772966 0.634448
    outer loop
      vertex 104.995 18.5843 4.97223
      vertex 107.986 18.6465 4.89645
      vertex 104.995 18.6465 4.89645
    endloop
  endfacet
  facet normal 0 0 -1
    outer loop
      vertex 104.995 19 8.25
      vertex 107.986 27 8.25
      vertex 107.986 19 8.25
    endloop
  endfacet
  facet normal -0 0 -1
    outer loop
      vertex 107.986 27 8.25
      vertex 104.995 19 8.25
      vertex 104.995 27 8.25
    endloop
  endfacet
  facet normal 0 -0.0980888 -0.995178
    outer loop
      vertex 104.995 27 8.25
      vertex 107.986 27.0975 8.24039
      vertex 107.986 27 8.25
    endloop
  endfacet
  facet normal -0 -0.0980888 -0.995178
    outer loop
      vertex 107.986 27.0975 8.24039
      vertex 104.995 27 8.25
      vertex 104.995 27.0975 8.24039
    endloop
  endfacet
  facet normal 0 -0.290341 -0.956923
    outer loop
      vertex 104.995 27.0975 8.24039
      vertex 107.986 27.1913 8.21193
      vertex 107.986 27.0975 8.24039
    endloop
  endfacet
  facet normal -0 -0.290341 -0.956923
    outer loop
      vertex 107.986 27.1913 8.21193
      vertex 104.995 27.0975 8.24039
      vertex 104.995 27.1913 8.21193
    endloop
  endfacet
  facet normal 0 -0.471117 0.882071
    outer loop
      vertex 104.995 27.2778 4.83427
      vertex 107.986 27.1913 4.78807
      vertex 107.986 27.2778 4.83427
    endloop
  endfacet
  facet normal 0 -0.471117 0.882071
    outer loop
      vertex 107.986 27.1913 4.78807
      vertex 104.995 27.2778 4.83427
      vertex 104.995 27.1913 4.78807
    endloop
  endfacet
  facet normal 0 -0.290341 0.956923
    outer loop
      vertex 104.995 27.1913 4.78807
      vertex 107.986 27.0975 4.75961
      vertex 107.986 27.1913 4.78807
    endloop
  endfacet
  facet normal 0 -0.290341 0.956923
    outer loop
      vertex 107.986 27.0975 4.75961
      vertex 104.995 27.1913 4.78807
      vertex 104.995 27.0975 4.75961
    endloop
  endfacet
  facet normal 0 -0.0980888 0.995178
    outer loop
      vertex 104.995 27.0975 4.75961
      vertex 107.986 27 4.75
      vertex 107.986 27.0975 4.75961
    endloop
  endfacet
  facet normal 0 -0.0980888 0.995178
    outer loop
      vertex 107.986 27 4.75
      vertex 104.995 27.0975 4.75961
      vertex 104.995 27 4.75
    endloop
  endfacet
  facet normal 0 -0.881935 0.471372
    outer loop
      vertex 104.995 27.4157 4.97223
      vertex 107.986 27.4619 5.05867
      vertex 104.995 27.4619 5.05867
    endloop
  endfacet
  facet normal 0 -0.881935 0.471372
    outer loop
      vertex 107.986 27.4619 5.05867
      vertex 104.995 27.4157 4.97223
      vertex 107.986 27.4157 4.97223
    endloop
  endfacet
  facet normal -0 0.471117 0.882071
    outer loop
      vertex 104.995 18.8087 4.78807
      vertex 107.986 18.7222 4.83427
      vertex 107.986 18.8087 4.78807
    endloop
  endfacet
  facet normal 0 0.471117 0.882071
    outer loop
      vertex 107.986 18.7222 4.83427
      vertex 104.995 18.8087 4.78807
      vertex 104.995 18.7222 4.83427
    endloop
  endfacet
  facet normal 0 0.471117 -0.882071
    outer loop
      vertex 104.995 18.7222 8.16573
      vertex 107.986 18.8087 8.21193
      vertex 107.986 18.7222 8.16573
    endloop
  endfacet
  facet normal 0 0.471117 -0.882071
    outer loop
      vertex 107.986 18.8087 8.21193
      vertex 104.995 18.7222 8.16573
      vertex 104.995 18.8087 8.21193
    endloop
  endfacet
  facet normal 0 0.881935 -0.471372
    outer loop
      vertex 107.986 18.5381 7.94133
      vertex 104.995 18.5843 8.02777
      vertex 107.986 18.5843 8.02777
    endloop
  endfacet
  facet normal 0 0.881935 -0.471372
    outer loop
      vertex 104.995 18.5843 8.02777
      vertex 107.986 18.5381 7.94133
      vertex 104.995 18.5381 7.94133
    endloop
  endfacet
  facet normal 0 -0.995191 -0.0979579
    outer loop
      vertex 104.995 27.5 7.75
      vertex 107.986 27.4904 7.84753
      vertex 104.995 27.4904 7.84753
    endloop
  endfacet
  facet normal 0 -0.995191 -0.0979579
    outer loop
      vertex 107.986 27.4904 7.84753
      vertex 104.995 27.5 7.75
      vertex 107.986 27.5 7.75
    endloop
  endfacet
  facet normal 0 -0.881935 -0.471372
    outer loop
      vertex 104.995 27.4619 7.94133
      vertex 107.986 27.4157 8.02777
      vertex 104.995 27.4157 8.02777
    endloop
  endfacet
  facet normal 0 -0.881935 -0.471372
    outer loop
      vertex 107.986 27.4157 8.02777
      vertex 104.995 27.4619 7.94133
      vertex 107.986 27.4619 7.94133
    endloop
  endfacet
  facet normal 0 -0.634726 -0.772737
    outer loop
      vertex 104.995 27.2778 8.16573
      vertex 107.986 27.3535 8.10355
      vertex 107.986 27.2778 8.16573
    endloop
  endfacet
  facet normal -0 -0.634726 -0.772737
    outer loop
      vertex 107.986 27.3535 8.10355
      vertex 104.995 27.2778 8.16573
      vertex 104.995 27.3535 8.10355
    endloop
  endfacet
  facet normal 0 -0.634726 0.772737
    outer loop
      vertex 104.995 27.3535 4.89645
      vertex 107.986 27.2778 4.83427
      vertex 107.986 27.3535 4.89645
    endloop
  endfacet
  facet normal 0 -0.634726 0.772737
    outer loop
      vertex 107.986 27.2778 4.83427
      vertex 104.995 27.3535 4.89645
      vertex 104.995 27.2778 4.83427
    endloop
  endfacet
  facet normal 0 0.290341 -0.956923
    outer loop
      vertex 104.995 18.8087 8.21193
      vertex 107.986 18.9025 8.24039
      vertex 107.986 18.8087 8.21193
    endloop
  endfacet
  facet normal 0 0.290341 -0.956923
    outer loop
      vertex 107.986 18.9025 8.24039
      vertex 104.995 18.8087 8.21193
      vertex 104.995 18.9025 8.24039
    endloop
  endfacet
  facet normal 0 0.95681 -0.290715
    outer loop
      vertex 107.986 18.5096 7.84753
      vertex 104.995 18.5381 7.94133
      vertex 107.986 18.5381 7.94133
    endloop
  endfacet
  facet normal 0 0.95681 -0.290715
    outer loop
      vertex 104.995 18.5381 7.94133
      vertex 107.986 18.5096 7.84753
      vertex 104.995 18.5096 7.84753
    endloop
  endfacet
  facet normal 0 -0.95681 -0.290715
    outer loop
      vertex 104.995 27.4904 7.84753
      vertex 107.986 27.4619 7.94133
      vertex 104.995 27.4619 7.94133
    endloop
  endfacet
  facet normal 0 -0.95681 -0.290715
    outer loop
      vertex 107.986 27.4619 7.94133
      vertex 104.995 27.4904 7.84753
      vertex 107.986 27.4904 7.84753
    endloop
  endfacet
  facet normal 0 0.772966 -0.634448
    outer loop
      vertex 107.986 18.5843 8.02777
      vertex 104.995 18.6465 8.10355
      vertex 107.986 18.6465 8.10355
    endloop
  endfacet
  facet normal 0 0.772966 -0.634448
    outer loop
      vertex 104.995 18.6465 8.10355
      vertex 107.986 18.5843 8.02777
      vertex 104.995 18.5843 8.02777
    endloop
  endfacet
  facet normal 0 0.634726 -0.772737
    outer loop
      vertex 104.995 18.6465 8.10355
      vertex 107.986 18.7222 8.16573
      vertex 107.986 18.6465 8.10355
    endloop
  endfacet
  facet normal 0 0.634726 -0.772737
    outer loop
      vertex 107.986 18.7222 8.16573
      vertex 104.995 18.6465 8.10355
      vertex 104.995 18.7222 8.16573
    endloop
  endfacet
  facet normal 0 0.773022 -0.634379
    outer loop
      vertex 3.00482 19.2584 18.0001
      vertex 0.0144463 19.818 18.682
      vertex 3.00482 19.818 18.682
    endloop
  endfacet
  facet normal 0 0.773022 -0.634379
    outer loop
      vertex 0.0144463 19.818 18.682
      vertex 3.00482 19.2584 18.0001
      vertex 0.0144463 19.2584 18.0001
    endloop
  endfacet
  facet normal 0 0.881898 0.471441
    outer loop
      vertex 3.00482 19.2584 12.9999
      vertex 0.0144463 18.8425 13.7779
      vertex 3.00482 18.8425 13.7779
    endloop
  endfacet
  facet normal 0 0.881898 0.471441
    outer loop
      vertex 0.0144463 18.8425 13.7779
      vertex 3.00482 19.2584 12.9999
      vertex 0.0144463 19.2584 12.9999
    endloop
  endfacet
  facet normal 0 0.995181 -0.0980558
    outer loop
      vertex 3.00482 18.5 15.5
      vertex 0.0144463 18.5865 16.3779
      vertex 3.00482 18.5865 16.3779
    endloop
  endfacet
  facet normal 0 0.995181 -0.0980558
    outer loop
      vertex 0.0144463 18.5865 16.3779
      vertex 3.00482 18.5 15.5
      vertex 0.0144463 18.5 15.5
    endloop
  endfacet
  facet normal 0 -0.634379 -0.773022
    outer loop
      vertex 0.0144463 25.5001 19.2416
      vertex 3.00482 26.182 18.682
      vertex 3.00482 25.5001 19.2416
    endloop
  endfacet
  facet normal -0 -0.634379 -0.773022
    outer loop
      vertex 3.00482 26.182 18.682
      vertex 0.0144463 25.5001 19.2416
      vertex 0.0144463 26.182 18.682
    endloop
  endfacet
  facet normal 0 -0.471441 0.881898
    outer loop
      vertex 0.0144463 25.5001 11.7584
      vertex 3.00482 24.7221 11.3425
      vertex 3.00482 25.5001 11.7584
    endloop
  endfacet
  facet normal 0 -0.471441 0.881898
    outer loop
      vertex 3.00482 24.7221 11.3425
      vertex 0.0144463 25.5001 11.7584
      vertex 0.0144463 24.7221 11.3425
    endloop
  endfacet
  facet normal 0 0.995181 0.0980558
    outer loop
      vertex 3.00482 18.5865 14.6221
      vertex 0.0144463 18.5 15.5
      vertex 3.00482 18.5 15.5
    endloop
  endfacet
  facet normal 0 0.995181 0.0980558
    outer loop
      vertex 0.0144463 18.5 15.5
      vertex 3.00482 18.5865 14.6221
      vertex 0.0144463 18.5865 14.6221
    endloop
  endfacet
  facet normal 0 -0.956967 0.290196
    outer loop
      vertex 0.0144463 27.1575 13.7779
      vertex 3.00482 27.4135 14.6221
      vertex 0.0144463 27.4135 14.6221
    endloop
  endfacet
  facet normal 0 -0.956967 0.290196
    outer loop
      vertex 3.00482 27.4135 14.6221
      vertex 0.0144463 27.1575 13.7779
      vertex 3.00482 27.1575 13.7779
    endloop
  endfacet
  facet normal 0 -0.773022 0.634379
    outer loop
      vertex 0.0144463 26.182 12.318
      vertex 3.00482 26.7416 12.9999
      vertex 0.0144463 26.7416 12.9999
    endloop
  endfacet
  facet normal 0 -0.773022 0.634379
    outer loop
      vertex 3.00482 26.7416 12.9999
      vertex 0.0144463 26.182 12.318
      vertex 3.00482 26.182 12.318
    endloop
  endfacet
  facet normal 0 0.956967 0.290196
    outer loop
      vertex 3.00482 18.8425 13.7779
      vertex 0.0144463 18.5865 14.6221
      vertex 3.00482 18.5865 14.6221
    endloop
  endfacet
  facet normal 0 0.956967 0.290196
    outer loop
      vertex 0.0144463 18.5865 14.6221
      vertex 3.00482 18.8425 13.7779
      vertex 0.0144463 18.8425 13.7779
    endloop
  endfacet
  facet normal 0 0.956967 -0.290196
    outer loop
      vertex 3.00482 18.5865 16.3779
      vertex 0.0144463 18.8425 17.2221
      vertex 3.00482 18.8425 17.2221
    endloop
  endfacet
  facet normal 0 0.956967 -0.290196
    outer loop
      vertex 0.0144463 18.8425 17.2221
      vertex 3.00482 18.5865 16.3779
      vertex 0.0144463 18.5865 16.3779
    endloop
  endfacet
  facet normal 0 0.881898 -0.471441
    outer loop
      vertex 3.00482 18.8425 17.2221
      vertex 0.0144463 19.2584 18.0001
      vertex 3.00482 19.2584 18.0001
    endloop
  endfacet
  facet normal 0 0.881898 -0.471441
    outer loop
      vertex 0.0144463 19.2584 18.0001
      vertex 3.00482 18.8425 17.2221
      vertex 0.0144463 18.8425 17.2221
    endloop
  endfacet
  facet normal -0 0.634379 0.773022
    outer loop
      vertex 0.0144463 20.4999 11.7584
      vertex 3.00482 19.818 12.318
      vertex 3.00482 20.4999 11.7584
    endloop
  endfacet
  facet normal 0 0.634379 0.773022
    outer loop
      vertex 3.00482 19.818 12.318
      vertex 0.0144463 20.4999 11.7584
      vertex 0.0144463 19.818 12.318
    endloop
  endfacet
  facet normal -0 0.0980558 0.995181
    outer loop
      vertex 0.0144463 23 11
      vertex 3.00482 22.1221 11.0865
      vertex 3.00482 23 11
    endloop
  endfacet
  facet normal 0 0.0980558 0.995181
    outer loop
      vertex 3.00482 22.1221 11.0865
      vertex 0.0144463 23 11
      vertex 0.0144463 22.1221 11.0865
    endloop
  endfacet
  facet normal 0 -0.881898 0.471441
    outer loop
      vertex 0.0144463 26.7416 12.9999
      vertex 3.00482 27.1575 13.7779
      vertex 0.0144463 27.1575 13.7779
    endloop
  endfacet
  facet normal 0 -0.881898 0.471441
    outer loop
      vertex 3.00482 27.1575 13.7779
      vertex 0.0144463 26.7416 12.9999
      vertex 3.00482 26.7416 12.9999
    endloop
  endfacet
  facet normal 0 -0.0980558 -0.995181
    outer loop
      vertex 0.0144463 23 20
      vertex 3.00482 23.8779 19.9135
      vertex 3.00482 23 20
    endloop
  endfacet
  facet normal -0 -0.0980558 -0.995181
    outer loop
      vertex 3.00482 23.8779 19.9135
      vertex 0.0144463 23 20
      vertex 0.0144463 23.8779 19.9135
    endloop
  endfacet
  facet normal 0 0.471441 -0.881898
    outer loop
      vertex 0.0144463 20.4999 19.2416
      vertex 3.00482 21.2779 19.6575
      vertex 3.00482 20.4999 19.2416
    endloop
  endfacet
  facet normal 0 0.471441 -0.881898
    outer loop
      vertex 3.00482 21.2779 19.6575
      vertex 0.0144463 20.4999 19.2416
      vertex 0.0144463 21.2779 19.6575
    endloop
  endfacet
  facet normal 0 -0.773022 -0.634379
    outer loop
      vertex 0.0144463 26.7416 18.0001
      vertex 3.00482 26.182 18.682
      vertex 0.0144463 26.182 18.682
    endloop
  endfacet
  facet normal 0 -0.773022 -0.634379
    outer loop
      vertex 3.00482 26.182 18.682
      vertex 0.0144463 26.7416 18.0001
      vertex 3.00482 26.7416 18.0001
    endloop
  endfacet
  facet normal 0 -0.881898 -0.471441
    outer loop
      vertex 0.0144463 27.1575 17.2221
      vertex 3.00482 26.7416 18.0001
      vertex 0.0144463 26.7416 18.0001
    endloop
  endfacet
  facet normal 0 -0.881898 -0.471441
    outer loop
      vertex 3.00482 26.7416 18.0001
      vertex 0.0144463 27.1575 17.2221
      vertex 3.00482 27.1575 17.2221
    endloop
  endfacet
  facet normal 0 -0.0980558 0.995181
    outer loop
      vertex 0.0144463 23.8779 11.0865
      vertex 3.00482 23 11
      vertex 3.00482 23.8779 11.0865
    endloop
  endfacet
  facet normal 0 -0.0980558 0.995181
    outer loop
      vertex 3.00482 23 11
      vertex 0.0144463 23.8779 11.0865
      vertex 0.0144463 23 11
    endloop
  endfacet
  facet normal 0 -0.634379 0.773022
    outer loop
      vertex 0.0144463 26.182 12.318
      vertex 3.00482 25.5001 11.7584
      vertex 3.00482 26.182 12.318
    endloop
  endfacet
  facet normal 0 -0.634379 0.773022
    outer loop
      vertex 3.00482 25.5001 11.7584
      vertex 0.0144463 26.182 12.318
      vertex 0.0144463 25.5001 11.7584
    endloop
  endfacet
  facet normal -0 0.290196 0.956967
    outer loop
      vertex 0.0144463 22.1221 11.0865
      vertex 3.00482 21.2779 11.3425
      vertex 3.00482 22.1221 11.0865
    endloop
  endfacet
  facet normal 0 0.290196 0.956967
    outer loop
      vertex 3.00482 21.2779 11.3425
      vertex 0.0144463 22.1221 11.0865
      vertex 0.0144463 21.2779 11.3425
    endloop
  endfacet
  facet normal 0 0.773022 0.634379
    outer loop
      vertex 3.00482 19.818 12.318
      vertex 0.0144463 19.2584 12.9999
      vertex 3.00482 19.2584 12.9999
    endloop
  endfacet
  facet normal 0 0.773022 0.634379
    outer loop
      vertex 0.0144463 19.2584 12.9999
      vertex 3.00482 19.818 12.318
      vertex 0.0144463 19.818 12.318
    endloop
  endfacet
  facet normal 0 -0.956967 -0.290196
    outer loop
      vertex 0.0144463 27.4135 16.3779
      vertex 3.00482 27.1575 17.2221
      vertex 0.0144463 27.1575 17.2221
    endloop
  endfacet
  facet normal 0 -0.956967 -0.290196
    outer loop
      vertex 3.00482 27.1575 17.2221
      vertex 0.0144463 27.4135 16.3779
      vertex 3.00482 27.4135 16.3779
    endloop
  endfacet
  facet normal 0 -0.471441 -0.881898
    outer loop
      vertex 0.0144463 24.7221 19.6575
      vertex 3.00482 25.5001 19.2416
      vertex 3.00482 24.7221 19.6575
    endloop
  endfacet
  facet normal -0 -0.471441 -0.881898
    outer loop
      vertex 3.00482 25.5001 19.2416
      vertex 0.0144463 24.7221 19.6575
      vertex 0.0144463 25.5001 19.2416
    endloop
  endfacet
  facet normal 0 -0.290196 -0.956967
    outer loop
      vertex 0.0144463 23.8779 19.9135
      vertex 3.00482 24.7221 19.6575
      vertex 3.00482 23.8779 19.9135
    endloop
  endfacet
  facet normal -0 -0.290196 -0.956967
    outer loop
      vertex 3.00482 24.7221 19.6575
      vertex 0.0144463 23.8779 19.9135
      vertex 0.0144463 24.7221 19.6575
    endloop
  endfacet
  facet normal 0 0.290196 -0.956967
    outer loop
      vertex 0.0144463 21.2779 19.6575
      vertex 3.00482 22.1221 19.9135
      vertex 3.00482 21.2779 19.6575
    endloop
  endfacet
  facet normal 0 0.290196 -0.956967
    outer loop
      vertex 3.00482 22.1221 19.9135
      vertex 0.0144463 21.2779 19.6575
      vertex 0.0144463 22.1221 19.9135
    endloop
  endfacet
  facet normal 0 0.0980558 -0.995181
    outer loop
      vertex 0.0144463 22.1221 19.9135
      vertex 3.00482 23 20
      vertex 3.00482 22.1221 19.9135
    endloop
  endfacet
  facet normal 0 0.0980558 -0.995181
    outer loop
      vertex 3.00482 23 20
      vertex 0.0144463 22.1221 19.9135
      vertex 0.0144463 23 20
    endloop
  endfacet
  facet normal 0 0.634379 -0.773022
    outer loop
      vertex 0.0144463 19.818 18.682
      vertex 3.00482 20.4999 19.2416
      vertex 3.00482 19.818 18.682
    endloop
  endfacet
  facet normal 0 0.634379 -0.773022
    outer loop
      vertex 3.00482 20.4999 19.2416
      vertex 0.0144463 19.818 18.682
      vertex 0.0144463 20.4999 19.2416
    endloop
  endfacet
  facet normal 0 -0.290196 0.956967
    outer loop
      vertex 0.0144463 24.7221 11.3425
      vertex 3.00482 23.8779 11.0865
      vertex 3.00482 24.7221 11.3425
    endloop
  endfacet
  facet normal 0 -0.290196 0.956967
    outer loop
      vertex 3.00482 23.8779 11.0865
      vertex 0.0144463 24.7221 11.3425
      vertex 0.0144463 23.8779 11.0865
    endloop
  endfacet
  facet normal -0 0.471441 0.881898
    outer loop
      vertex 0.0144463 21.2779 11.3425
      vertex 3.00482 20.4999 11.7584
      vertex 3.00482 21.2779 11.3425
    endloop
  endfacet
  facet normal 0 0.471441 0.881898
    outer loop
      vertex 3.00482 20.4999 11.7584
      vertex 0.0144463 21.2779 11.3425
      vertex 0.0144463 20.4999 11.7584
    endloop
  endfacet
  facet normal 0 -0.995181 0.0980558
    outer loop
      vertex 0.0144463 27.4135 14.6221
      vertex 3.00482 27.5 15.5
      vertex 0.0144463 27.5 15.5
    endloop
  endfacet
  facet normal 0 -0.995181 0.0980558
    outer loop
      vertex 3.00482 27.5 15.5
      vertex 0.0144463 27.4135 14.6221
      vertex 3.00482 27.4135 14.6221
    endloop
  endfacet
  facet normal 0 -0.995181 -0.0980558
    outer loop
      vertex 0.0144463 27.5 15.5
      vertex 3.00482 27.4135 16.3779
      vertex 0.0144463 27.4135 16.3779
    endloop
  endfacet
  facet normal 0 -0.995181 -0.0980558
    outer loop
      vertex 3.00482 27.4135 16.3779
      vertex 0.0144463 27.5 15.5
      vertex 3.00482 27.5 15.5
    endloop
  endfacet
endsolid OpenSCAD_Model
